concept_id,discipline_id,canonical_concept,concept_type,short_definition
CF-300101,ANZ-300101,Agricultural biotechnology diagnostics (incl. biosensors),other,ANZSRC-recognized research subject-area retrieval anchor
CF-300102,ANZ-300102,Agricultural marine biotechnology,other,ANZSRC-recognized research subject-area retrieval anchor
CF-300103,ANZ-300103,Agricultural molecular engineering of nucleic acids and proteins,other,ANZSRC-recognized research subject-area retrieval anchor
CF-300104,ANZ-300104,Genetically modified animals,other,ANZSRC-recognized research subject-area retrieval anchor
CF-300105,ANZ-300105,Genetically modified field crops and pasture,other,ANZSRC-recognized research subject-area retrieval anchor
CF-300106,ANZ-300106,Genetically modified horticulture plants,other,ANZSRC-recognized research subject-area retrieval anchor
CF-300107,ANZ-300107,Genetically modified trees,other,ANZSRC-recognized research subject-area retrieval anchor
CF-300108,ANZ-300108,Livestock cloning,other,ANZSRC-recognized research subject-area retrieval anchor
CF-300109,ANZ-300109,Non-genetically modified uses of biotechnology,other,ANZSRC-recognized research subject-area retrieval anchor
CF-300110,ANZ-300110,Transgenesis,other,ANZSRC-recognized research subject-area retrieval anchor
CF-300199,ANZ-300199,Agricultural biotechnology not elsewhere classified,other,ANZSRC-recognized research subject-area retrieval anchor
CF-300201,ANZ-300201,Agricultural hydrology,other,ANZSRC-recognized research subject-area retrieval anchor
CF-300202,ANZ-300202,Agricultural land management,other,ANZSRC-recognized research subject-area retrieval anchor
CF-300203,ANZ-300203,Agricultural land planning,other,ANZSRC-recognized research subject-area retrieval anchor
CF-300204,ANZ-300204,Agricultural management of nutrients,other,ANZSRC-recognized research subject-area retrieval anchor
CF-300205,ANZ-300205,Agricultural production systems simulation,other,ANZSRC-recognized research subject-area retrieval anchor
CF-300206,ANZ-300206,Agricultural spatial analysis and modelling,other,ANZSRC-recognized research subject-area retrieval anchor
CF-300207,ANZ-300207,Agricultural systems analysis and modelling,other,ANZSRC-recognized research subject-area retrieval anchor
CF-300208,ANZ-300208,"Farm management, rural management and agribusiness",other,ANZSRC-recognized research subject-area retrieval anchor
CF-300209,ANZ-300209,Germplasm management,other,ANZSRC-recognized research subject-area retrieval anchor
CF-300210,ANZ-300210,Sustainable agricultural development,other,ANZSRC-recognized research subject-area retrieval anchor
CF-300299,ANZ-300299,"Agriculture, land and farm management not elsewhere classified",other,ANZSRC-recognized research subject-area retrieval anchor
CF-300301,ANZ-300301,Animal growth and development,other,ANZSRC-recognized research subject-area retrieval anchor
CF-300302,ANZ-300302,Animal management,other,ANZSRC-recognized research subject-area retrieval anchor
CF-300303,ANZ-300303,Animal nutrition,other,ANZSRC-recognized research subject-area retrieval anchor
CF-300304,ANZ-300304,Animal protection (incl. pests and pathogens),other,ANZSRC-recognized research subject-area retrieval anchor
CF-300305,ANZ-300305,Animal reproduction and breeding,other,ANZSRC-recognized research subject-area retrieval anchor
CF-300306,ANZ-300306,Animal welfare,other,ANZSRC-recognized research subject-area retrieval anchor
CF-300307,ANZ-300307,Environmental studies in animal production,other,ANZSRC-recognized research subject-area retrieval anchor
CF-300399,ANZ-300399,Animal production not elsewhere classified,other,ANZSRC-recognized research subject-area retrieval anchor
CF-300401,ANZ-300401,Agrochemicals and biocides (incl. application),other,ANZSRC-recognized research subject-area retrieval anchor
CF-300402,ANZ-300402,Agro-ecosystem function and prediction,other,ANZSRC-recognized research subject-area retrieval anchor
CF-300403,ANZ-300403,Agronomy,other,ANZSRC-recognized research subject-area retrieval anchor
CF-300404,ANZ-300404,Crop and pasture biochemistry and physiology,other,ANZSRC-recognized research subject-area retrieval anchor
CF-300405,ANZ-300405,Crop and pasture biomass and bioproducts,other,ANZSRC-recognized research subject-area retrieval anchor
CF-300406,ANZ-300406,Crop and pasture improvement (incl. selection and breeding),other,ANZSRC-recognized research subject-area retrieval anchor
CF-300407,ANZ-300407,Crop and pasture nutrition,other,ANZSRC-recognized research subject-area retrieval anchor
CF-300408,ANZ-300408,Crop and pasture post harvest technologies (incl. transportation and storage),other,ANZSRC-recognized research subject-area retrieval anchor
CF-300409,ANZ-300409,"Crop and pasture protection (incl. pests, diseases and weeds)",other,ANZSRC-recognized research subject-area retrieval anchor
CF-300410,ANZ-300410,Crop and pasture waste water use,other,ANZSRC-recognized research subject-area retrieval anchor
CF-300411,ANZ-300411,Fertilisers (incl. application),other,ANZSRC-recognized research subject-area retrieval anchor
CF-300412,ANZ-300412,Organic and low chemical input crop production,other,ANZSRC-recognized research subject-area retrieval anchor
CF-300413,ANZ-300413,Pollination biology and systems,other,ANZSRC-recognized research subject-area retrieval anchor
CF-300499,ANZ-300499,Crop and pasture production not elsewhere classified,other,ANZSRC-recognized research subject-area retrieval anchor
CF-300501,ANZ-300501,Aquaculture,other,ANZSRC-recognized research subject-area retrieval anchor
CF-300502,ANZ-300502,Aquaculture and fisheries stock assessment,other,ANZSRC-recognized research subject-area retrieval anchor
CF-300503,ANZ-300503,Fish pests and diseases,other,ANZSRC-recognized research subject-area retrieval anchor
CF-300504,ANZ-300504,Fish physiology and genetics,other,ANZSRC-recognized research subject-area retrieval anchor
CF-300505,ANZ-300505,Fisheries management,other,ANZSRC-recognized research subject-area retrieval anchor
CF-300506,ANZ-300506,Post-harvest fisheries technologies (incl. transportation),other,ANZSRC-recognized research subject-area retrieval anchor
CF-300599,ANZ-300599,Fisheries sciences not elsewhere classified,other,ANZSRC-recognized research subject-area retrieval anchor
CF-300601,ANZ-300601,Beverage chemistry and beverage sensory science,other,ANZSRC-recognized research subject-area retrieval anchor
CF-300602,ANZ-300602,Food chemistry and food sensory science,other,ANZSRC-recognized research subject-area retrieval anchor
CF-300603,ANZ-300603,Food nutritional balance,other,ANZSRC-recognized research subject-area retrieval anchor
CF-300604,ANZ-300604,"Food packaging, preservation and processing",other,ANZSRC-recognized research subject-area retrieval anchor
CF-300605,ANZ-300605,"Food safety, traceability, certification and authenticity",other,ANZSRC-recognized research subject-area retrieval anchor
CF-300606,ANZ-300606,Food sustainability,other,ANZSRC-recognized research subject-area retrieval anchor
CF-300607,ANZ-300607,Food technology,other,ANZSRC-recognized research subject-area retrieval anchor
CF-300699,ANZ-300699,Food sciences not elsewhere classified,other,ANZSRC-recognized research subject-area retrieval anchor
CF-300701,ANZ-300701,Agroforestry,other,ANZSRC-recognized research subject-area retrieval anchor
CF-300702,ANZ-300702,Forest biodiversity,other,ANZSRC-recognized research subject-area retrieval anchor
CF-300703,ANZ-300703,Forest ecosystems,other,ANZSRC-recognized research subject-area retrieval anchor
CF-300704,ANZ-300704,Forest health and pathology,other,ANZSRC-recognized research subject-area retrieval anchor
CF-300705,ANZ-300705,Forestry biomass and bioproducts,other,ANZSRC-recognized research subject-area retrieval anchor
CF-300706,ANZ-300706,Forestry fire management,other,ANZSRC-recognized research subject-area retrieval anchor
CF-300707,ANZ-300707,Forestry management and environment,other,ANZSRC-recognized research subject-area retrieval anchor
CF-300708,ANZ-300708,Forestry product quality assessment,other,ANZSRC-recognized research subject-area retrieval anchor
CF-300709,ANZ-300709,Tree improvement (incl. selection and breeding),other,ANZSRC-recognized research subject-area retrieval anchor
CF-300710,ANZ-300710,Tree nutrition and physiology,other,ANZSRC-recognized research subject-area retrieval anchor
CF-300711,ANZ-300711,Wood fibre processing,other,ANZSRC-recognized research subject-area retrieval anchor
CF-300712,ANZ-300712,Wood processing,other,ANZSRC-recognized research subject-area retrieval anchor
CF-300799,ANZ-300799,Forestry sciences not elsewhere classified,other,ANZSRC-recognized research subject-area retrieval anchor
CF-300801,ANZ-300801,Field organic and low chemical input horticulture,other,ANZSRC-recognized research subject-area retrieval anchor
CF-300802,ANZ-300802,Horticultural crop growth and development,other,ANZSRC-recognized research subject-area retrieval anchor
CF-300803,ANZ-300803,Horticultural crop improvement (incl. selection and breeding),other,ANZSRC-recognized research subject-area retrieval anchor
CF-300804,ANZ-300804,"Horticultural crop protection (incl. pests, diseases and weeds)",other,ANZSRC-recognized research subject-area retrieval anchor
CF-300805,ANZ-300805,Oenology and viticulture,other,ANZSRC-recognized research subject-area retrieval anchor
CF-300806,ANZ-300806,Post harvest horticultural technologies (incl. transportation and storage),other,ANZSRC-recognized research subject-area retrieval anchor
CF-300899,ANZ-300899,Horticultural production not elsewhere classified,other,ANZSRC-recognized research subject-area retrieval anchor
CF-300901,ANZ-300901,Veterinary anaesthesiology and intensive care,other,ANZSRC-recognized research subject-area retrieval anchor
CF-300902,ANZ-300902,Veterinary anatomy and physiology,other,ANZSRC-recognized research subject-area retrieval anchor
CF-300903,ANZ-300903,Veterinary bacteriology,other,ANZSRC-recognized research subject-area retrieval anchor
CF-300904,ANZ-300904,Veterinary diagnosis and diagnostics,other,ANZSRC-recognized research subject-area retrieval anchor
CF-300905,ANZ-300905,Veterinary epidemiology,other,ANZSRC-recognized research subject-area retrieval anchor
CF-300906,ANZ-300906,Veterinary immunology,other,ANZSRC-recognized research subject-area retrieval anchor
CF-300907,ANZ-300907,Veterinary medicine (excl. urology),other,ANZSRC-recognized research subject-area retrieval anchor
CF-300908,ANZ-300908,Veterinary mycology,other,ANZSRC-recognized research subject-area retrieval anchor
CF-300909,ANZ-300909,Veterinary parasitology,other,ANZSRC-recognized research subject-area retrieval anchor
CF-300910,ANZ-300910,Veterinary pathology,other,ANZSRC-recognized research subject-area retrieval anchor
CF-300911,ANZ-300911,Veterinary pharmacology,other,ANZSRC-recognized research subject-area retrieval anchor
CF-300912,ANZ-300912,Veterinary surgery,other,ANZSRC-recognized research subject-area retrieval anchor
CF-300913,ANZ-300913,Veterinary urology,other,ANZSRC-recognized research subject-area retrieval anchor
CF-300914,ANZ-300914,Veterinary virology,other,ANZSRC-recognized research subject-area retrieval anchor
CF-300999,ANZ-300999,Veterinary sciences not elsewhere classified,other,ANZSRC-recognized research subject-area retrieval anchor
CF-309999,ANZ-309999,"Other agricultural, veterinary and food sciences not elsewhere classified",other,ANZSRC-recognized research subject-area retrieval anchor
CF-310101,ANZ-310101,Analytical biochemistry,other,ANZSRC-recognized research subject-area retrieval anchor
CF-310102,ANZ-310102,"Cell development, proliferation and death",other,ANZSRC-recognized research subject-area retrieval anchor
CF-310103,ANZ-310103,Cell metabolism,other,ANZSRC-recognized research subject-area retrieval anchor
CF-310104,ANZ-310104,Cell neurochemistry,other,ANZSRC-recognized research subject-area retrieval anchor
CF-310105,ANZ-310105,"Cellular interactions (incl. adhesion, matrix, cell wall)",other,ANZSRC-recognized research subject-area retrieval anchor
CF-310106,ANZ-310106,Enzymes,other,ANZSRC-recognized research subject-area retrieval anchor
CF-310107,ANZ-310107,Glycobiology,other,ANZSRC-recognized research subject-area retrieval anchor
CF-310108,ANZ-310108,Protein trafficking,other,ANZSRC-recognized research subject-area retrieval anchor
CF-310109,ANZ-310109,Proteomics and intermolecular interactions (excl. medical proteomics),other,ANZSRC-recognized research subject-area retrieval anchor
CF-310110,ANZ-310110,Receptors and membrane biology,other,ANZSRC-recognized research subject-area retrieval anchor
CF-310111,ANZ-310111,Signal transduction,other,ANZSRC-recognized research subject-area retrieval anchor
CF-310112,ANZ-310112,Structural biology (incl. macromolecular modelling),other,ANZSRC-recognized research subject-area retrieval anchor
CF-310113,ANZ-310113,Synthetic biology,other,ANZSRC-recognized research subject-area retrieval anchor
CF-310114,ANZ-310114,Systems biology,other,ANZSRC-recognized research subject-area retrieval anchor
CF-310199,ANZ-310199,Biochemistry and cell biology not elsewhere classified,other,ANZSRC-recognized research subject-area retrieval anchor
CF-310201,ANZ-310201,Bioinformatic methods development,other,ANZSRC-recognized research subject-area retrieval anchor
CF-310202,ANZ-310202,Biological network analysis,other,ANZSRC-recognized research subject-area retrieval anchor
CF-310203,ANZ-310203,Computational ecology and phylogenetics,other,ANZSRC-recognized research subject-area retrieval anchor
CF-310204,ANZ-310204,Genomics and transcriptomics,other,ANZSRC-recognized research subject-area retrieval anchor
CF-310205,ANZ-310205,Proteomics and metabolomics,other,ANZSRC-recognized research subject-area retrieval anchor
CF-310206,ANZ-310206,Sequence analysis,other,ANZSRC-recognized research subject-area retrieval anchor
CF-310207,ANZ-310207,Statistical and quantitative genetics,other,ANZSRC-recognized research subject-area retrieval anchor
CF-310208,ANZ-310208,Translational and applied bioinformatics,other,ANZSRC-recognized research subject-area retrieval anchor
CF-310299,ANZ-310299,Bioinformatics and computational biology not elsewhere classified,other,ANZSRC-recognized research subject-area retrieval anchor
CF-310301,ANZ-310301,Behavioural ecology,other,ANZSRC-recognized research subject-area retrieval anchor
CF-310302,ANZ-310302,Community ecology (excl. invasive species ecology),other,ANZSRC-recognized research subject-area retrieval anchor
CF-310303,ANZ-310303,Ecological physiology,other,ANZSRC-recognized research subject-area retrieval anchor
CF-310304,ANZ-310304,Freshwater ecology,other,ANZSRC-recognized research subject-area retrieval anchor
CF-310305,ANZ-310305,Marine and estuarine ecology (incl. marine ichthyology),other,ANZSRC-recognized research subject-area retrieval anchor
CF-310306,ANZ-310306,Palaeoecology,other,ANZSRC-recognized research subject-area retrieval anchor
CF-310307,ANZ-310307,Population ecology,other,ANZSRC-recognized research subject-area retrieval anchor
CF-310308,ANZ-310308,Terrestrial ecology,other,ANZSRC-recognized research subject-area retrieval anchor
CF-310399,ANZ-310399,Ecology not elsewhere classified,other,ANZSRC-recognized research subject-area retrieval anchor
CF-310401,ANZ-310401,Animal systematics and taxonomy,other,ANZSRC-recognized research subject-area retrieval anchor
CF-310402,ANZ-310402,Biogeography and phylogeography,other,ANZSRC-recognized research subject-area retrieval anchor
CF-310403,ANZ-310403,Biological adaptation,other,ANZSRC-recognized research subject-area retrieval anchor
CF-310404,ANZ-310404,Evolution of developmental systems,other,ANZSRC-recognized research subject-area retrieval anchor
CF-310405,ANZ-310405,Evolutionary ecology,other,ANZSRC-recognized research subject-area retrieval anchor
CF-310406,ANZ-310406,Evolutionary impacts of climate change,other,ANZSRC-recognized research subject-area retrieval anchor
CF-310407,ANZ-310407,Host-parasite interactions,other,ANZSRC-recognized research subject-area retrieval anchor
CF-310408,ANZ-310408,Life histories,other,ANZSRC-recognized research subject-area retrieval anchor
CF-310409,ANZ-310409,Microbial taxonomy,other,ANZSRC-recognized research subject-area retrieval anchor
CF-310410,ANZ-310410,Phylogeny and comparative analysis,other,ANZSRC-recognized research subject-area retrieval anchor
CF-310411,ANZ-310411,Plant and fungus systematics and taxonomy,other,ANZSRC-recognized research subject-area retrieval anchor
CF-310412,ANZ-310412,Speciation and extinction,other,ANZSRC-recognized research subject-area retrieval anchor
CF-310499,ANZ-310499,Evolutionary biology not elsewhere classified,other,ANZSRC-recognized research subject-area retrieval anchor
CF-310501,ANZ-310501,Anthropological genetics,other,ANZSRC-recognized research subject-area retrieval anchor
CF-310502,ANZ-310502,Cell and nuclear division,other,ANZSRC-recognized research subject-area retrieval anchor
CF-310503,ANZ-310503,Developmental genetics (incl. sex determination),other,ANZSRC-recognized research subject-area retrieval anchor
CF-310504,ANZ-310504,Epigenetics (incl. genome methylation and epigenomics),other,ANZSRC-recognized research subject-area retrieval anchor
CF-310505,ANZ-310505,Gene expression (incl. microarray and other genome-wide approaches),other,ANZSRC-recognized research subject-area retrieval anchor
CF-310506,ANZ-310506,Gene mapping,other,ANZSRC-recognized research subject-area retrieval anchor
CF-310507,ANZ-310507,Genetic immunology,other,ANZSRC-recognized research subject-area retrieval anchor
CF-310508,ANZ-310508,Genome structure and regulation,other,ANZSRC-recognized research subject-area retrieval anchor
CF-310509,ANZ-310509,Genomics,other,ANZSRC-recognized research subject-area retrieval anchor
CF-310510,ANZ-310510,Molecular evolution,other,ANZSRC-recognized research subject-area retrieval anchor
CF-310511,ANZ-310511,Neurogenetics,other,ANZSRC-recognized research subject-area retrieval anchor
CF-310599,ANZ-310599,Genetics not elsewhere classified,other,ANZSRC-recognized research subject-area retrieval anchor
CF-310601,ANZ-310601,Biocatalysis and enzyme technology,other,ANZSRC-recognized research subject-area retrieval anchor
CF-310602,ANZ-310602,"Bioprocessing, bioproduction and bioproducts",other,ANZSRC-recognized research subject-area retrieval anchor
CF-310603,ANZ-310603,Fermentation,other,ANZSRC-recognized research subject-area retrieval anchor
CF-310604,ANZ-310604,Industrial biotechnology diagnostics (incl. biosensors),other,ANZSRC-recognized research subject-area retrieval anchor
CF-310605,ANZ-310605,Industrial microbiology (incl. biofeedstocks),other,ANZSRC-recognized research subject-area retrieval anchor
CF-310606,ANZ-310606,Industrial molecular engineering of nucleic acids and proteins,other,ANZSRC-recognized research subject-area retrieval anchor
CF-310607,ANZ-310607,Nanobiotechnology,other,ANZSRC-recognized research subject-area retrieval anchor
CF-310699,ANZ-310699,Industrial biotechnology not elsewhere classified,other,ANZSRC-recognized research subject-area retrieval anchor
CF-310701,ANZ-310701,Bacteriology,other,ANZSRC-recognized research subject-area retrieval anchor
CF-310702,ANZ-310702,Infectious agents,other,ANZSRC-recognized research subject-area retrieval anchor
CF-310703,ANZ-310703,Microbial ecology,other,ANZSRC-recognized research subject-area retrieval anchor
CF-310704,ANZ-310704,Microbial genetics,other,ANZSRC-recognized research subject-area retrieval anchor
CF-310705,ANZ-310705,Mycology,other,ANZSRC-recognized research subject-area retrieval anchor
CF-310706,ANZ-310706,Virology,other,ANZSRC-recognized research subject-area retrieval anchor
CF-310799,ANZ-310799,Microbiology not elsewhere classified,other,ANZSRC-recognized research subject-area retrieval anchor
CF-310801,ANZ-310801,Phycology (incl. marine grasses),other,ANZSRC-recognized research subject-area retrieval anchor
CF-310802,ANZ-310802,Plant biochemistry,other,ANZSRC-recognized research subject-area retrieval anchor
CF-310803,ANZ-310803,Plant cell and molecular biology,other,ANZSRC-recognized research subject-area retrieval anchor
CF-310804,ANZ-310804,Plant developmental and reproductive biology,other,ANZSRC-recognized research subject-area retrieval anchor
CF-310805,ANZ-310805,Plant pathology,other,ANZSRC-recognized research subject-area retrieval anchor
CF-310806,ANZ-310806,Plant physiology,other,ANZSRC-recognized research subject-area retrieval anchor
CF-310899,ANZ-310899,Plant biology not elsewhere classified,other,ANZSRC-recognized research subject-area retrieval anchor
CF-310901,ANZ-310901,Animal behaviour,other,ANZSRC-recognized research subject-area retrieval anchor
CF-310902,ANZ-310902,Animal cell and molecular biology,other,ANZSRC-recognized research subject-area retrieval anchor
CF-310903,ANZ-310903,Animal developmental and reproductive biology,other,ANZSRC-recognized research subject-area retrieval anchor
CF-310904,ANZ-310904,Animal diet and nutrition,other,ANZSRC-recognized research subject-area retrieval anchor
CF-310905,ANZ-310905,Animal immunology,other,ANZSRC-recognized research subject-area retrieval anchor
CF-310906,ANZ-310906,Animal neurobiology,other,ANZSRC-recognized research subject-area retrieval anchor
CF-310907,ANZ-310907,Animal physiological ecology,other,ANZSRC-recognized research subject-area retrieval anchor
CF-310908,ANZ-310908,Animal physiology - biophysics,other,ANZSRC-recognized research subject-area retrieval anchor
CF-310909,ANZ-310909,Animal physiology - cell,other,ANZSRC-recognized research subject-area retrieval anchor
CF-310910,ANZ-310910,Animal physiology - systems,other,ANZSRC-recognized research subject-area retrieval anchor
CF-310911,ANZ-310911,Animal structure and function,other,ANZSRC-recognized research subject-area retrieval anchor
CF-310912,ANZ-310912,Comparative physiology,other,ANZSRC-recognized research subject-area retrieval anchor
CF-310913,ANZ-310913,Invertebrate biology,other,ANZSRC-recognized research subject-area retrieval anchor
CF-310914,ANZ-310914,Vertebrate biology,other,ANZSRC-recognized research subject-area retrieval anchor
CF-310999,ANZ-310999,Zoology not elsewhere classified,other,ANZSRC-recognized research subject-area retrieval anchor
CF-319901,ANZ-319901,Forensic biology,other,ANZSRC-recognized research subject-area retrieval anchor
CF-319902,ANZ-319902,Global change biology,other,ANZSRC-recognized research subject-area retrieval anchor
CF-319999,ANZ-319999,Other biological sciences not elsewhere classified,other,ANZSRC-recognized research subject-area retrieval anchor
CF-320101,ANZ-320101,Cardiology (incl. cardiovascular diseases),other,ANZSRC-recognized research subject-area retrieval anchor
CF-320102,ANZ-320102,Haematology,other,ANZSRC-recognized research subject-area retrieval anchor
CF-320103,ANZ-320103,Respiratory diseases,other,ANZSRC-recognized research subject-area retrieval anchor
CF-320199,ANZ-320199,Cardiovascular medicine and haematology not elsewhere classified,other,ANZSRC-recognized research subject-area retrieval anchor
CF-320201,ANZ-320201,Anaesthesiology,other,ANZSRC-recognized research subject-area retrieval anchor
CF-320202,ANZ-320202,Clinical chemistry (incl. diagnostics),other,ANZSRC-recognized research subject-area retrieval anchor
CF-320203,ANZ-320203,Clinical microbiology,other,ANZSRC-recognized research subject-area retrieval anchor
CF-320204,ANZ-320204,Clinimetrics,other,ANZSRC-recognized research subject-area retrieval anchor
CF-320205,ANZ-320205,Dermatology,other,ANZSRC-recognized research subject-area retrieval anchor
CF-320206,ANZ-320206,Diagnostic radiography,other,ANZSRC-recognized research subject-area retrieval anchor
CF-320207,ANZ-320207,Emergency medicine,other,ANZSRC-recognized research subject-area retrieval anchor
CF-320208,ANZ-320208,Endocrinology,other,ANZSRC-recognized research subject-area retrieval anchor
CF-320209,ANZ-320209,Gastroenterology and hepatology,other,ANZSRC-recognized research subject-area retrieval anchor
CF-320210,ANZ-320210,Geriatrics and gerontology,other,ANZSRC-recognized research subject-area retrieval anchor
CF-320211,ANZ-320211,Infectious diseases,other,ANZSRC-recognized research subject-area retrieval anchor
CF-320212,ANZ-320212,Intensive care,other,ANZSRC-recognized research subject-area retrieval anchor
CF-320213,ANZ-320213,Medical genetics (excl. cancer genetics),other,ANZSRC-recognized research subject-area retrieval anchor
CF-320214,ANZ-320214,Nephrology and urology,other,ANZSRC-recognized research subject-area retrieval anchor
CF-320215,ANZ-320215,Nuclear medicine,other,ANZSRC-recognized research subject-area retrieval anchor
CF-320216,ANZ-320216,Orthopaedics,other,ANZSRC-recognized research subject-area retrieval anchor
CF-320217,ANZ-320217,Otorhinolaryngology,other,ANZSRC-recognized research subject-area retrieval anchor
CF-320218,ANZ-320218,Pain,other,ANZSRC-recognized research subject-area retrieval anchor
CF-320219,ANZ-320219,Paramedicine,other,ANZSRC-recognized research subject-area retrieval anchor
CF-320220,ANZ-320220,Pathology (excl. oral pathology),other,ANZSRC-recognized research subject-area retrieval anchor
CF-320221,ANZ-320221,Psychiatry (incl. psychotherapy),other,ANZSRC-recognized research subject-area retrieval anchor
CF-320222,ANZ-320222,Radiology and organ imaging,other,ANZSRC-recognized research subject-area retrieval anchor
CF-320223,ANZ-320223,Rheumatology and arthritis,other,ANZSRC-recognized research subject-area retrieval anchor
CF-320224,ANZ-320224,Rural clinical health,other,ANZSRC-recognized research subject-area retrieval anchor
CF-320225,ANZ-320225,Sports medicine,other,ANZSRC-recognized research subject-area retrieval anchor
CF-320226,ANZ-320226,Surgery,other,ANZSRC-recognized research subject-area retrieval anchor
CF-320227,ANZ-320227,Venereology,other,ANZSRC-recognized research subject-area retrieval anchor
CF-320299,ANZ-320299,Clinical sciences not elsewhere classified,other,ANZSRC-recognized research subject-area retrieval anchor
CF-320301,ANZ-320301,Craniofacial biology,other,ANZSRC-recognized research subject-area retrieval anchor
CF-320302,ANZ-320302,Dental materials and equipment,other,ANZSRC-recognized research subject-area retrieval anchor
CF-320303,ANZ-320303,"Dental therapeutics, pharmacology and toxicology",other,ANZSRC-recognized research subject-area retrieval anchor
CF-320304,ANZ-320304,Endodontics,other,ANZSRC-recognized research subject-area retrieval anchor
CF-320305,ANZ-320305,Oral and maxillofacial surgery,other,ANZSRC-recognized research subject-area retrieval anchor
CF-320306,ANZ-320306,Oral implantology,other,ANZSRC-recognized research subject-area retrieval anchor
CF-320307,ANZ-320307,Oral medicine and pathology,other,ANZSRC-recognized research subject-area retrieval anchor
CF-320308,ANZ-320308,Orthodontics and dentofacial orthopaedics,other,ANZSRC-recognized research subject-area retrieval anchor
CF-320309,ANZ-320309,Paedodontics,other,ANZSRC-recognized research subject-area retrieval anchor
CF-320310,ANZ-320310,Periodontics,other,ANZSRC-recognized research subject-area retrieval anchor
CF-320311,ANZ-320311,Prosthodontics,other,ANZSRC-recognized research subject-area retrieval anchor
CF-320312,ANZ-320312,Special needs dentistry,other,ANZSRC-recognized research subject-area retrieval anchor
CF-320399,ANZ-320399,Dentistry not elsewhere classified,other,ANZSRC-recognized research subject-area retrieval anchor
CF-320401,ANZ-320401,Allergy,other,ANZSRC-recognized research subject-area retrieval anchor
CF-320402,ANZ-320402,"Applied immunology (incl. antibody engineering, xenotransplantation and t-cell therapies)",other,ANZSRC-recognized research subject-area retrieval anchor
CF-320403,ANZ-320403,Autoimmunity,other,ANZSRC-recognized research subject-area retrieval anchor
CF-320404,ANZ-320404,Cellular immunology,other,ANZSRC-recognized research subject-area retrieval anchor
CF-320405,ANZ-320405,Humoural immunology and immunochemistry,other,ANZSRC-recognized research subject-area retrieval anchor
CF-320406,ANZ-320406,Immunogenetics (incl. genetic immunology),other,ANZSRC-recognized research subject-area retrieval anchor
CF-320407,ANZ-320407,Innate immunity,other,ANZSRC-recognized research subject-area retrieval anchor
CF-320408,ANZ-320408,Transplantation immunology,other,ANZSRC-recognized research subject-area retrieval anchor
CF-320409,ANZ-320409,Tumour immunology,other,ANZSRC-recognized research subject-area retrieval anchor
CF-320499,ANZ-320499,Immunology not elsewhere classified,other,ANZSRC-recognized research subject-area retrieval anchor
CF-320501,ANZ-320501,Medical biochemistry - amino acids and metabolites,other,ANZSRC-recognized research subject-area retrieval anchor
CF-320502,ANZ-320502,Medical biochemistry - carbohydrates,other,ANZSRC-recognized research subject-area retrieval anchor
CF-320503,ANZ-320503,Medical biochemistry - inorganic elements and compounds,other,ANZSRC-recognized research subject-area retrieval anchor
CF-320504,ANZ-320504,Medical biochemistry - lipids,other,ANZSRC-recognized research subject-area retrieval anchor
CF-320505,ANZ-320505,Medical biochemistry - nucleic acids,other,ANZSRC-recognized research subject-area retrieval anchor
CF-320506,ANZ-320506,Medical biochemistry - proteins and peptides (incl. medical proteomics),other,ANZSRC-recognized research subject-area retrieval anchor
CF-320507,ANZ-320507,Metabolic medicine,other,ANZSRC-recognized research subject-area retrieval anchor
CF-320599,ANZ-320599,Medical biochemistry and metabolomics not elsewhere classified,other,ANZSRC-recognized research subject-area retrieval anchor
CF-320601,ANZ-320601,Gene and molecular therapy,other,ANZSRC-recognized research subject-area retrieval anchor
CF-320602,ANZ-320602,Medical biotechnology diagnostics (incl. biosensors),other,ANZSRC-recognized research subject-area retrieval anchor
CF-320603,ANZ-320603,Medical molecular engineering of nucleic acids and proteins,other,ANZSRC-recognized research subject-area retrieval anchor
CF-320604,ANZ-320604,Nanomedicine,other,ANZSRC-recognized research subject-area retrieval anchor
CF-320605,ANZ-320605,"Nanotoxicology, health and safety",other,ANZSRC-recognized research subject-area retrieval anchor
CF-320606,ANZ-320606,Regenerative medicine (incl. stem cells),other,ANZSRC-recognized research subject-area retrieval anchor
CF-320699,ANZ-320699,Medical biotechnology not elsewhere classified,other,ANZSRC-recognized research subject-area retrieval anchor
CF-320701,ANZ-320701,Medical bacteriology,other,ANZSRC-recognized research subject-area retrieval anchor
CF-320702,ANZ-320702,Medical infection agents (incl. prions),other,ANZSRC-recognized research subject-area retrieval anchor
CF-320703,ANZ-320703,Medical mycology,other,ANZSRC-recognized research subject-area retrieval anchor
CF-320704,ANZ-320704,Medical parasitology,other,ANZSRC-recognized research subject-area retrieval anchor
CF-320705,ANZ-320705,Medical virology,other,ANZSRC-recognized research subject-area retrieval anchor
CF-320799,ANZ-320799,Medical microbiology not elsewhere classified,other,ANZSRC-recognized research subject-area retrieval anchor
CF-320801,ANZ-320801,Cell physiology,other,ANZSRC-recognized research subject-area retrieval anchor
CF-320802,ANZ-320802,Human biophysics,other,ANZSRC-recognized research subject-area retrieval anchor
CF-320803,ANZ-320803,Systems physiology,other,ANZSRC-recognized research subject-area retrieval anchor
CF-320899,ANZ-320899,Medical physiology not elsewhere classified,other,ANZSRC-recognized research subject-area retrieval anchor
CF-320901,ANZ-320901,Autonomic nervous system,other,ANZSRC-recognized research subject-area retrieval anchor
CF-320902,ANZ-320902,Cellular nervous system,other,ANZSRC-recognized research subject-area retrieval anchor
CF-320903,ANZ-320903,Central nervous system,other,ANZSRC-recognized research subject-area retrieval anchor
CF-320904,ANZ-320904,Computational neuroscience (incl. mathematical neuroscience and theoretical neuroscience),other,ANZSRC-recognized research subject-area retrieval anchor
CF-320905,ANZ-320905,Neurology and neuromuscular diseases,other,ANZSRC-recognized research subject-area retrieval anchor
CF-320906,ANZ-320906,Peripheral nervous system,other,ANZSRC-recognized research subject-area retrieval anchor
CF-320907,ANZ-320907,Sensory systems,other,ANZSRC-recognized research subject-area retrieval anchor
CF-320999,ANZ-320999,Neurosciences not elsewhere classified,other,ANZSRC-recognized research subject-area retrieval anchor
CF-321001,ANZ-321001,Clinical nutrition,other,ANZSRC-recognized research subject-area retrieval anchor
CF-321002,ANZ-321002,Food properties (incl. characteristics and health benefits),other,ANZSRC-recognized research subject-area retrieval anchor
CF-321003,ANZ-321003,Nutrigenomics and personalised nutrition,other,ANZSRC-recognized research subject-area retrieval anchor
CF-321004,ANZ-321004,Nutritional science,other,ANZSRC-recognized research subject-area retrieval anchor
CF-321005,ANZ-321005,Public health nutrition,other,ANZSRC-recognized research subject-area retrieval anchor
CF-321006,ANZ-321006,Sport and exercise nutrition,other,ANZSRC-recognized research subject-area retrieval anchor
CF-321099,ANZ-321099,Nutrition and dietetics not elsewhere classified,other,ANZSRC-recognized research subject-area retrieval anchor
CF-321101,ANZ-321101,Cancer cell biology,other,ANZSRC-recognized research subject-area retrieval anchor
CF-321102,ANZ-321102,Cancer diagnosis,other,ANZSRC-recognized research subject-area retrieval anchor
CF-321103,ANZ-321103,Cancer genetics,other,ANZSRC-recognized research subject-area retrieval anchor
CF-321104,ANZ-321104,Cancer therapy (excl. chemotherapy and radiation therapy),other,ANZSRC-recognized research subject-area retrieval anchor
CF-321105,ANZ-321105,Chemotherapy,other,ANZSRC-recognized research subject-area retrieval anchor
CF-321106,ANZ-321106,Haematological tumours,other,ANZSRC-recognized research subject-area retrieval anchor
CF-321107,ANZ-321107,Liquid biopsies,other,ANZSRC-recognized research subject-area retrieval anchor
CF-321108,ANZ-321108,Molecular targets,other,ANZSRC-recognized research subject-area retrieval anchor
CF-321109,ANZ-321109,Predictive and prognostic markers,other,ANZSRC-recognized research subject-area retrieval anchor
CF-321110,ANZ-321110,Radiation therapy,other,ANZSRC-recognized research subject-area retrieval anchor
CF-321111,ANZ-321111,Solid tumours,other,ANZSRC-recognized research subject-area retrieval anchor
CF-321199,ANZ-321199,Oncology and carcinogenesis not elsewhere classified,other,ANZSRC-recognized research subject-area retrieval anchor
CF-321201,ANZ-321201,Ophthalmology,other,ANZSRC-recognized research subject-area retrieval anchor
CF-321202,ANZ-321202,Optical technology,other,ANZSRC-recognized research subject-area retrieval anchor
CF-321203,ANZ-321203,Optometry,other,ANZSRC-recognized research subject-area retrieval anchor
CF-321204,ANZ-321204,Vision science,other,ANZSRC-recognized research subject-area retrieval anchor
CF-321299,ANZ-321299,Ophthalmology and optometry not elsewhere classified,other,ANZSRC-recognized research subject-area retrieval anchor
CF-321301,ANZ-321301,Adolescent health,other,ANZSRC-recognized research subject-area retrieval anchor
CF-321302,ANZ-321302,Infant and child health,other,ANZSRC-recognized research subject-area retrieval anchor
CF-321303,ANZ-321303,Neonatology,other,ANZSRC-recognized research subject-area retrieval anchor
CF-321399,ANZ-321399,Paediatrics not elsewhere classified,other,ANZSRC-recognized research subject-area retrieval anchor
CF-321401,ANZ-321401,Basic pharmacology,other,ANZSRC-recognized research subject-area retrieval anchor
CF-321402,ANZ-321402,Clinical pharmacology and therapeutics,other,ANZSRC-recognized research subject-area retrieval anchor
CF-321403,ANZ-321403,Clinical pharmacy and pharmacy practice,other,ANZSRC-recognized research subject-area retrieval anchor
CF-321404,ANZ-321404,Pharmaceutical delivery technologies,other,ANZSRC-recognized research subject-area retrieval anchor
CF-321405,ANZ-321405,Pharmaceutical sciences,other,ANZSRC-recognized research subject-area retrieval anchor
CF-321406,ANZ-321406,Pharmacogenomics,other,ANZSRC-recognized research subject-area retrieval anchor
CF-321407,ANZ-321407,Toxicology (incl. clinical toxicology),other,ANZSRC-recognized research subject-area retrieval anchor
CF-321499,ANZ-321499,Pharmacology and pharmaceutical sciences not elsewhere classified,other,ANZSRC-recognized research subject-area retrieval anchor
CF-321501,ANZ-321501,Foetal development and medicine,other,ANZSRC-recognized research subject-area retrieval anchor
CF-321502,ANZ-321502,Obstetrics and gynaecology,other,ANZSRC-recognized research subject-area retrieval anchor
CF-321503,ANZ-321503,Reproduction,other,ANZSRC-recognized research subject-area retrieval anchor
CF-321599,ANZ-321599,Reproductive medicine not elsewhere classified,other,ANZSRC-recognized research subject-area retrieval anchor
CF-329999,ANZ-329999,Other biomedical and clinical sciences not elsewhere classified,other,ANZSRC-recognized research subject-area retrieval anchor
CF-330101,ANZ-330101,Architectural computing and visualisation methods,other,ANZSRC-recognized research subject-area retrieval anchor
CF-330102,ANZ-330102,Architectural design,other,ANZSRC-recognized research subject-area retrieval anchor
CF-330103,ANZ-330103,Architectural heritage and conservation,other,ANZSRC-recognized research subject-area retrieval anchor
CF-330104,ANZ-330104,"Architectural history, theory and criticism",other,ANZSRC-recognized research subject-area retrieval anchor
CF-330105,ANZ-330105,Architectural science and technology,other,ANZSRC-recognized research subject-area retrieval anchor
CF-330106,ANZ-330106,Architecture for disaster relief,other,ANZSRC-recognized research subject-area retrieval anchor
CF-330107,ANZ-330107,Architecture management,other,ANZSRC-recognized research subject-area retrieval anchor
CF-330108,ANZ-330108,Interior design,other,ANZSRC-recognized research subject-area retrieval anchor
CF-330109,ANZ-330109,Landscape architecture,other,ANZSRC-recognized research subject-area retrieval anchor
CF-330110,ANZ-330110,Sustainable architecture,other,ANZSRC-recognized research subject-area retrieval anchor
CF-330199,ANZ-330199,Architecture not elsewhere classified,other,ANZSRC-recognized research subject-area retrieval anchor
CF-330201,ANZ-330201,Automation and technology in building and construction,other,ANZSRC-recognized research subject-area retrieval anchor
CF-330202,ANZ-330202,Building construction management and project planning,other,ANZSRC-recognized research subject-area retrieval anchor
CF-330203,ANZ-330203,Building industry studies,other,ANZSRC-recognized research subject-area retrieval anchor
CF-330204,ANZ-330204,Building information modelling and management,other,ANZSRC-recognized research subject-area retrieval anchor
CF-330205,ANZ-330205,Building organisational studies,other,ANZSRC-recognized research subject-area retrieval anchor
CF-330206,ANZ-330206,"Building science, technologies and systems",other,ANZSRC-recognized research subject-area retrieval anchor
CF-330207,ANZ-330207,Quantity surveying,other,ANZSRC-recognized research subject-area retrieval anchor
CF-330299,ANZ-330299,Building not elsewhere classified,other,ANZSRC-recognized research subject-area retrieval anchor
CF-330301,ANZ-330301,Data visualisation and computational (incl. parametric and generative) design,other,ANZSRC-recognized research subject-area retrieval anchor
CF-330302,ANZ-330302,Design anthropology,other,ANZSRC-recognized research subject-area retrieval anchor
CF-330303,ANZ-330303,Design for disaster relief,other,ANZSRC-recognized research subject-area retrieval anchor
CF-330304,ANZ-330304,"Design history, theory and criticism",other,ANZSRC-recognized research subject-area retrieval anchor
CF-330305,ANZ-330305,Design management,other,ANZSRC-recognized research subject-area retrieval anchor
CF-330306,ANZ-330306,Design practice and methods,other,ANZSRC-recognized research subject-area retrieval anchor
CF-330307,ANZ-330307,Ergonomics design,other,ANZSRC-recognized research subject-area retrieval anchor
CF-330308,ANZ-330308,Fire safety design,other,ANZSRC-recognized research subject-area retrieval anchor
CF-330309,ANZ-330309,Industrial and product design,other,ANZSRC-recognized research subject-area retrieval anchor
CF-330310,ANZ-330310,Interaction and experience design,other,ANZSRC-recognized research subject-area retrieval anchor
CF-330311,ANZ-330311,Models and simulations of design,other,ANZSRC-recognized research subject-area retrieval anchor
CF-330312,ANZ-330312,Service design,other,ANZSRC-recognized research subject-area retrieval anchor
CF-330313,ANZ-330313,Social design,other,ANZSRC-recognized research subject-area retrieval anchor
CF-330314,ANZ-330314,Sustainable design,other,ANZSRC-recognized research subject-area retrieval anchor
CF-330315,ANZ-330315,Textile and fashion design,other,ANZSRC-recognized research subject-area retrieval anchor
CF-330316,ANZ-330316,Visual communication design (incl. graphic design),other,ANZSRC-recognized research subject-area retrieval anchor
CF-330399,ANZ-330399,Design not elsewhere classified,other,ANZSRC-recognized research subject-area retrieval anchor
CF-330401,ANZ-330401,Community planning,other,ANZSRC-recognized research subject-area retrieval anchor
CF-330402,ANZ-330402,History and theory of the built environment (excl. architecture),other,ANZSRC-recognized research subject-area retrieval anchor
CF-330403,ANZ-330403,"Housing markets, development and management",other,ANZSRC-recognized research subject-area retrieval anchor
CF-330404,ANZ-330404,Land use and environmental planning,other,ANZSRC-recognized research subject-area retrieval anchor
CF-330405,ANZ-330405,Public participation and community engagement,other,ANZSRC-recognized research subject-area retrieval anchor
CF-330406,ANZ-330406,Regional analysis and development,other,ANZSRC-recognized research subject-area retrieval anchor
CF-330407,ANZ-330407,Regulatory planning and development assessment,other,ANZSRC-recognized research subject-area retrieval anchor
CF-330408,ANZ-330408,"Strategic, metropolitan and regional planning",other,ANZSRC-recognized research subject-area retrieval anchor
CF-330409,ANZ-330409,Transport planning,other,ANZSRC-recognized research subject-area retrieval anchor
CF-330410,ANZ-330410,Urban analysis and development,other,ANZSRC-recognized research subject-area retrieval anchor
CF-330411,ANZ-330411,Urban design,other,ANZSRC-recognized research subject-area retrieval anchor
CF-330412,ANZ-330412,Urban informatics,other,ANZSRC-recognized research subject-area retrieval anchor
CF-330413,ANZ-330413,Urban planning and health,other,ANZSRC-recognized research subject-area retrieval anchor
CF-330499,ANZ-330499,Urban and regional planning not elsewhere classified,other,ANZSRC-recognized research subject-area retrieval anchor
CF-339999,ANZ-339999,Other built environment and design not elsewhere classified,other,ANZSRC-recognized research subject-area retrieval anchor
CF-340101,ANZ-340101,Analytical spectrometry,other,ANZSRC-recognized research subject-area retrieval anchor
CF-340102,ANZ-340102,Bioassays,other,ANZSRC-recognized research subject-area retrieval anchor
CF-340103,ANZ-340103,Electroanalytical chemistry,other,ANZSRC-recognized research subject-area retrieval anchor
CF-340104,ANZ-340104,Flow analysis,other,ANZSRC-recognized research subject-area retrieval anchor
CF-340105,ANZ-340105,Instrumental methods (excl. immunological and bioassay methods),other,ANZSRC-recognized research subject-area retrieval anchor
CF-340106,ANZ-340106,Metabolomic chemistry,other,ANZSRC-recognized research subject-area retrieval anchor
CF-340107,ANZ-340107,"Quality assurance, chemometrics, traceability and metrological chemistry",other,ANZSRC-recognized research subject-area retrieval anchor
CF-340108,ANZ-340108,Sensor technology (incl. chemical aspects),other,ANZSRC-recognized research subject-area retrieval anchor
CF-340109,ANZ-340109,Separation science,other,ANZSRC-recognized research subject-area retrieval anchor
CF-340199,ANZ-340199,Analytical chemistry not elsewhere classified,other,ANZSRC-recognized research subject-area retrieval anchor
CF-340201,ANZ-340201,Bioinorganic chemistry,other,ANZSRC-recognized research subject-area retrieval anchor
CF-340202,ANZ-340202,Crystallography,other,ANZSRC-recognized research subject-area retrieval anchor
CF-340203,ANZ-340203,F-block chemistry,other,ANZSRC-recognized research subject-area retrieval anchor
CF-340204,ANZ-340204,Inorganic green chemistry,other,ANZSRC-recognized research subject-area retrieval anchor
CF-340205,ANZ-340205,Main group metal chemistry,other,ANZSRC-recognized research subject-area retrieval anchor
CF-340206,ANZ-340206,Metal cluster chemistry,other,ANZSRC-recognized research subject-area retrieval anchor
CF-340207,ANZ-340207,Metal organic frameworks,other,ANZSRC-recognized research subject-area retrieval anchor
CF-340208,ANZ-340208,Non-metal chemistry,other,ANZSRC-recognized research subject-area retrieval anchor
CF-340209,ANZ-340209,Organometallic chemistry,other,ANZSRC-recognized research subject-area retrieval anchor
CF-340210,ANZ-340210,Solid state chemistry,other,ANZSRC-recognized research subject-area retrieval anchor
CF-340211,ANZ-340211,Transition metal chemistry,other,ANZSRC-recognized research subject-area retrieval anchor
CF-340299,ANZ-340299,Inorganic chemistry not elsewhere classified,other,ANZSRC-recognized research subject-area retrieval anchor
CF-340301,ANZ-340301,Inorganic materials (incl. nanomaterials),other,ANZSRC-recognized research subject-area retrieval anchor
CF-340302,ANZ-340302,Macromolecular materials,other,ANZSRC-recognized research subject-area retrieval anchor
CF-340303,ANZ-340303,Nanochemistry,other,ANZSRC-recognized research subject-area retrieval anchor
CF-340304,ANZ-340304,Optical properties of materials,other,ANZSRC-recognized research subject-area retrieval anchor
CF-340305,ANZ-340305,Physical properties of materials,other,ANZSRC-recognized research subject-area retrieval anchor
CF-340306,ANZ-340306,Polymerisation mechanisms,other,ANZSRC-recognized research subject-area retrieval anchor
CF-340307,ANZ-340307,Structure and dynamics of materials,other,ANZSRC-recognized research subject-area retrieval anchor
CF-340308,ANZ-340308,Supramolecular chemistry,other,ANZSRC-recognized research subject-area retrieval anchor
CF-340309,ANZ-340309,Theory and design of materials,other,ANZSRC-recognized research subject-area retrieval anchor
CF-340399,ANZ-340399,Macromolecular and materials chemistry not elsewhere classified,other,ANZSRC-recognized research subject-area retrieval anchor
CF-340401,ANZ-340401,Biologically active molecules,other,ANZSRC-recognized research subject-area retrieval anchor
CF-340402,ANZ-340402,Biomolecular modelling and design,other,ANZSRC-recognized research subject-area retrieval anchor
CF-340403,ANZ-340403,Characterisation of biological macromolecules,other,ANZSRC-recognized research subject-area retrieval anchor
CF-340404,ANZ-340404,Cheminformatics and quantitative structure-activity relationships,other,ANZSRC-recognized research subject-area retrieval anchor
CF-340405,ANZ-340405,Glycoconjugates,other,ANZSRC-recognized research subject-area retrieval anchor
CF-340406,ANZ-340406,Molecular medicine,other,ANZSRC-recognized research subject-area retrieval anchor
CF-340407,ANZ-340407,Proteins and peptides,other,ANZSRC-recognized research subject-area retrieval anchor
CF-340499,ANZ-340499,Medicinal and biomolecular chemistry not elsewhere classified,other,ANZSRC-recognized research subject-area retrieval anchor
CF-340501,ANZ-340501,Free radical chemistry,other,ANZSRC-recognized research subject-area retrieval anchor
CF-340502,ANZ-340502,Natural products and bioactive compounds,other,ANZSRC-recognized research subject-area retrieval anchor
CF-340503,ANZ-340503,Organic chemical synthesis,other,ANZSRC-recognized research subject-area retrieval anchor
CF-340504,ANZ-340504,Organic green chemistry,other,ANZSRC-recognized research subject-area retrieval anchor
CF-340505,ANZ-340505,Physical organic chemistry,other,ANZSRC-recognized research subject-area retrieval anchor
CF-340599,ANZ-340599,Organic chemistry not elsewhere classified,other,ANZSRC-recognized research subject-area retrieval anchor
CF-340601,ANZ-340601,Catalysis and mechanisms of reactions,other,ANZSRC-recognized research subject-area retrieval anchor
CF-340602,ANZ-340602,Chemical thermodynamics and energetics,other,ANZSRC-recognized research subject-area retrieval anchor
CF-340603,ANZ-340603,Colloid and surface chemistry,other,ANZSRC-recognized research subject-area retrieval anchor
CF-340604,ANZ-340604,Electrochemistry,other,ANZSRC-recognized research subject-area retrieval anchor
CF-340605,ANZ-340605,Molecular imaging (incl. electron microscopy and neutron diffraction),other,ANZSRC-recognized research subject-area retrieval anchor
CF-340606,ANZ-340606,Photochemistry,other,ANZSRC-recognized research subject-area retrieval anchor
CF-340607,ANZ-340607,Reaction kinetics and dynamics,other,ANZSRC-recognized research subject-area retrieval anchor
CF-340608,ANZ-340608,Solution chemistry,other,ANZSRC-recognized research subject-area retrieval anchor
CF-340609,ANZ-340609,Transport properties and non-equilibrium processes,other,ANZSRC-recognized research subject-area retrieval anchor
CF-340699,ANZ-340699,Physical chemistry not elsewhere classified,other,ANZSRC-recognized research subject-area retrieval anchor
CF-340701,ANZ-340701,Computational chemistry,other,ANZSRC-recognized research subject-area retrieval anchor
CF-340702,ANZ-340702,Radiation and matter,other,ANZSRC-recognized research subject-area retrieval anchor
CF-340703,ANZ-340703,Statistical mechanics in chemistry,other,ANZSRC-recognized research subject-area retrieval anchor
CF-340704,ANZ-340704,Theoretical quantum chemistry,other,ANZSRC-recognized research subject-area retrieval anchor
CF-340799,ANZ-340799,Theoretical and computational chemistry not elsewhere classified,other,ANZSRC-recognized research subject-area retrieval anchor
CF-349901,ANZ-349901,Forensic chemistry,other,ANZSRC-recognized research subject-area retrieval anchor
CF-349999,ANZ-349999,Other chemical sciences not elsewhere classified,other,ANZSRC-recognized research subject-area retrieval anchor
CF-350101,ANZ-350101,Accounting theory and standards,other,ANZSRC-recognized research subject-area retrieval anchor
CF-350102,ANZ-350102,Auditing and accountability,other,ANZSRC-recognized research subject-area retrieval anchor
CF-350103,ANZ-350103,Financial accounting,other,ANZSRC-recognized research subject-area retrieval anchor
CF-350104,ANZ-350104,International accounting,other,ANZSRC-recognized research subject-area retrieval anchor
CF-350105,ANZ-350105,Management accounting,other,ANZSRC-recognized research subject-area retrieval anchor
CF-350106,ANZ-350106,Not-for-profit accounting and accountability,other,ANZSRC-recognized research subject-area retrieval anchor
CF-350107,ANZ-350107,Sustainability accounting and reporting,other,ANZSRC-recognized research subject-area retrieval anchor
CF-350108,ANZ-350108,Taxation accounting,other,ANZSRC-recognized research subject-area retrieval anchor
CF-350199,ANZ-350199,"Accounting, auditing and accountability not elsewhere classified",other,ANZSRC-recognized research subject-area retrieval anchor
CF-350201,ANZ-350201,Environment and climate finance,other,ANZSRC-recognized research subject-area retrieval anchor
CF-350202,ANZ-350202,Finance,other,ANZSRC-recognized research subject-area retrieval anchor
CF-350203,ANZ-350203,Financial econometrics,other,ANZSRC-recognized research subject-area retrieval anchor
CF-350204,ANZ-350204,Financial institutions (incl. banking),other,ANZSRC-recognized research subject-area retrieval anchor
CF-350205,ANZ-350205,Household finance and financial literacy,other,ANZSRC-recognized research subject-area retrieval anchor
CF-350206,ANZ-350206,Insurance studies,other,ANZSRC-recognized research subject-area retrieval anchor
CF-350207,ANZ-350207,International finance,other,ANZSRC-recognized research subject-area retrieval anchor
CF-350208,ANZ-350208,Investment and risk management,other,ANZSRC-recognized research subject-area retrieval anchor
CF-350209,ANZ-350209,Not-for-profit finance and risk,other,ANZSRC-recognized research subject-area retrieval anchor
CF-350299,ANZ-350299,"Banking, finance and investment not elsewhere classified",other,ANZSRC-recognized research subject-area retrieval anchor
CF-350301,ANZ-350301,Business analytics,other,ANZSRC-recognized research subject-area retrieval anchor
CF-350302,ANZ-350302,"Business information management (incl. records, knowledge and intelligence)",other,ANZSRC-recognized research subject-area retrieval anchor
CF-350303,ANZ-350303,Business information systems,other,ANZSRC-recognized research subject-area retrieval anchor
CF-350304,ANZ-350304,Business systems in context,other,ANZSRC-recognized research subject-area retrieval anchor
CF-350305,ANZ-350305,Forensic intelligence,other,ANZSRC-recognized research subject-area retrieval anchor
CF-350306,ANZ-350306,Forensic science and management,other,ANZSRC-recognized research subject-area retrieval anchor
CF-350307,ANZ-350307,Technology management,other,ANZSRC-recognized research subject-area retrieval anchor
CF-350399,ANZ-350399,Business systems in context not elsewhere classified,other,ANZSRC-recognized research subject-area retrieval anchor
CF-350401,ANZ-350401,Food and hospitality services,other,ANZSRC-recognized research subject-area retrieval anchor
CF-350402,ANZ-350402,Hospitality management,other,ANZSRC-recognized research subject-area retrieval anchor
CF-350403,ANZ-350403,Real estate and valuation services,other,ANZSRC-recognized research subject-area retrieval anchor
CF-350404,ANZ-350404,Retail,other,ANZSRC-recognized research subject-area retrieval anchor
CF-350405,ANZ-350405,Sport and leisure management,other,ANZSRC-recognized research subject-area retrieval anchor
CF-350499,ANZ-350499,Commercial services not elsewhere classified,other,ANZSRC-recognized research subject-area retrieval anchor
CF-350501,ANZ-350501,Business and labour history,other,ANZSRC-recognized research subject-area retrieval anchor
CF-350502,ANZ-350502,Employment equity and diversity,other,ANZSRC-recognized research subject-area retrieval anchor
CF-350503,ANZ-350503,Human resources management,other,ANZSRC-recognized research subject-area retrieval anchor
CF-350504,ANZ-350504,Industrial and employee relations,other,ANZSRC-recognized research subject-area retrieval anchor
CF-350505,ANZ-350505,Occupational and workplace health and safety,other,ANZSRC-recognized research subject-area retrieval anchor
CF-350506,ANZ-350506,Workforce planning,other,ANZSRC-recognized research subject-area retrieval anchor
CF-350507,ANZ-350507,Workplace wellbeing and quality of working life,other,ANZSRC-recognized research subject-area retrieval anchor
CF-350599,ANZ-350599,Human resources and industrial relations not elsewhere classified,other,ANZSRC-recognized research subject-area retrieval anchor
CF-350601,ANZ-350601,Consumer behaviour,other,ANZSRC-recognized research subject-area retrieval anchor
CF-350602,ANZ-350602,Consumer-oriented product or service development,other,ANZSRC-recognized research subject-area retrieval anchor
CF-350603,ANZ-350603,Industrial marketing,other,ANZSRC-recognized research subject-area retrieval anchor
CF-350604,ANZ-350604,Marketing communications,other,ANZSRC-recognized research subject-area retrieval anchor
CF-350605,ANZ-350605,Marketing management (incl. strategy and customer relations),other,ANZSRC-recognized research subject-area retrieval anchor
CF-350606,ANZ-350606,Marketing research methodology,other,ANZSRC-recognized research subject-area retrieval anchor
CF-350607,ANZ-350607,Marketing technology,other,ANZSRC-recognized research subject-area retrieval anchor
CF-350608,ANZ-350608,Marketing theory,other,ANZSRC-recognized research subject-area retrieval anchor
CF-350609,ANZ-350609,Not-for-profit marketing,other,ANZSRC-recognized research subject-area retrieval anchor
CF-350610,ANZ-350610,Pricing (incl. consumer value estimation),other,ANZSRC-recognized research subject-area retrieval anchor
CF-350611,ANZ-350611,Service marketing,other,ANZSRC-recognized research subject-area retrieval anchor
CF-350612,ANZ-350612,Social marketing,other,ANZSRC-recognized research subject-area retrieval anchor
CF-350699,ANZ-350699,Marketing not elsewhere classified,other,ANZSRC-recognized research subject-area retrieval anchor
CF-350701,ANZ-350701,Corporate governance,other,ANZSRC-recognized research subject-area retrieval anchor
CF-350702,ANZ-350702,Corporate social responsibility,other,ANZSRC-recognized research subject-area retrieval anchor
CF-350703,ANZ-350703,Disaster and emergency management,other,ANZSRC-recognized research subject-area retrieval anchor
CF-350704,ANZ-350704,Entrepreneurship,other,ANZSRC-recognized research subject-area retrieval anchor
CF-350705,ANZ-350705,Innovation management,other,ANZSRC-recognized research subject-area retrieval anchor
CF-350706,ANZ-350706,International business,other,ANZSRC-recognized research subject-area retrieval anchor
CF-350707,ANZ-350707,Leadership,other,ANZSRC-recognized research subject-area retrieval anchor
CF-350708,ANZ-350708,Not-for-profit business and management,other,ANZSRC-recognized research subject-area retrieval anchor
CF-350709,ANZ-350709,Organisation and management theory,other,ANZSRC-recognized research subject-area retrieval anchor
CF-350710,ANZ-350710,Organisational behaviour,other,ANZSRC-recognized research subject-area retrieval anchor
CF-350711,ANZ-350711,Organisational planning and management,other,ANZSRC-recognized research subject-area retrieval anchor
CF-350712,ANZ-350712,Production and operations management,other,ANZSRC-recognized research subject-area retrieval anchor
CF-350713,ANZ-350713,Project management,other,ANZSRC-recognized research subject-area retrieval anchor
CF-350714,ANZ-350714,Public sector organisation and management,other,ANZSRC-recognized research subject-area retrieval anchor
CF-350715,ANZ-350715,Quality management,other,ANZSRC-recognized research subject-area retrieval anchor
CF-350716,ANZ-350716,Small business organisation and management,other,ANZSRC-recognized research subject-area retrieval anchor
CF-350717,ANZ-350717,Stakeholder engagement,other,ANZSRC-recognized research subject-area retrieval anchor
CF-350718,ANZ-350718,Strategy,other,ANZSRC-recognized research subject-area retrieval anchor
CF-350799,ANZ-350799,"Strategy, management and organisational behaviour not elsewhere classified",other,ANZSRC-recognized research subject-area retrieval anchor
CF-350801,ANZ-350801,Impacts of tourism,other,ANZSRC-recognized research subject-area retrieval anchor
CF-350802,ANZ-350802,Tourism forecasting,other,ANZSRC-recognized research subject-area retrieval anchor
CF-350803,ANZ-350803,Tourism management,other,ANZSRC-recognized research subject-area retrieval anchor
CF-350804,ANZ-350804,Tourism marketing,other,ANZSRC-recognized research subject-area retrieval anchor
CF-350805,ANZ-350805,Tourism resource appraisal,other,ANZSRC-recognized research subject-area retrieval anchor
CF-350806,ANZ-350806,Tourist behaviour and visitor experience,other,ANZSRC-recognized research subject-area retrieval anchor
CF-350899,ANZ-350899,Tourism not elsewhere classified,other,ANZSRC-recognized research subject-area retrieval anchor
CF-350901,ANZ-350901,Air transportation and freight services,other,ANZSRC-recognized research subject-area retrieval anchor
CF-350902,ANZ-350902,Intelligent mobility,other,ANZSRC-recognized research subject-area retrieval anchor
CF-350903,ANZ-350903,Logistics,other,ANZSRC-recognized research subject-area retrieval anchor
CF-350904,ANZ-350904,Maritime transportation and freight services,other,ANZSRC-recognized research subject-area retrieval anchor
CF-350905,ANZ-350905,Passenger needs,other,ANZSRC-recognized research subject-area retrieval anchor
CF-350906,ANZ-350906,Public transport,other,ANZSRC-recognized research subject-area retrieval anchor
CF-350907,ANZ-350907,Rail transportation and freight services,other,ANZSRC-recognized research subject-area retrieval anchor
CF-350908,ANZ-350908,Road transportation and freight services,other,ANZSRC-recognized research subject-area retrieval anchor
CF-350909,ANZ-350909,Supply chains,other,ANZSRC-recognized research subject-area retrieval anchor
CF-350999,ANZ-350999,"Transportation, logistics and supply chains not elsewhere classified",other,ANZSRC-recognized research subject-area retrieval anchor
CF-359999,ANZ-359999,"Other commerce, management, tourism and services not elsewhere classified",other,ANZSRC-recognized research subject-area retrieval anchor
CF-360101,ANZ-360101,Art criticism,other,ANZSRC-recognized research subject-area retrieval anchor
CF-360102,ANZ-360102,Art history,other,ANZSRC-recognized research subject-area retrieval anchor
CF-360103,ANZ-360103,Art theory,other,ANZSRC-recognized research subject-area retrieval anchor
CF-360104,ANZ-360104,Visual cultures,other,ANZSRC-recognized research subject-area retrieval anchor
CF-360199,ANZ-360199,"Art history, theory and criticism not elsewhere classified",other,ANZSRC-recognized research subject-area retrieval anchor
CF-360201,ANZ-360201,Creative writing (incl. scriptwriting),other,ANZSRC-recognized research subject-area retrieval anchor
CF-360202,ANZ-360202,Digital writing,other,ANZSRC-recognized research subject-area retrieval anchor
CF-360203,ANZ-360203,Professional writing and journalism practice,other,ANZSRC-recognized research subject-area retrieval anchor
CF-360204,ANZ-360204,Site-based writing,other,ANZSRC-recognized research subject-area retrieval anchor
CF-360205,ANZ-360205,Technical writing,other,ANZSRC-recognized research subject-area retrieval anchor
CF-360299,ANZ-360299,Creative and professional writing not elsewhere classified,other,ANZSRC-recognized research subject-area retrieval anchor
CF-360301,ANZ-360301,Music cognition,other,ANZSRC-recognized research subject-area retrieval anchor
CF-360302,ANZ-360302,Music composition and improvisation,other,ANZSRC-recognized research subject-area retrieval anchor
CF-360303,ANZ-360303,Music education,other,ANZSRC-recognized research subject-area retrieval anchor
CF-360304,ANZ-360304,Music performance,other,ANZSRC-recognized research subject-area retrieval anchor
CF-360305,ANZ-360305,Music technology and recording,other,ANZSRC-recognized research subject-area retrieval anchor
CF-360306,ANZ-360306,Musicology and ethnomusicology,other,ANZSRC-recognized research subject-area retrieval anchor
CF-360399,ANZ-360399,Music not elsewhere classified,other,ANZSRC-recognized research subject-area retrieval anchor
CF-360401,ANZ-360401,Applied theatre,other,ANZSRC-recognized research subject-area retrieval anchor
CF-360402,ANZ-360402,Dance and dance studies,other,ANZSRC-recognized research subject-area retrieval anchor
CF-360403,ANZ-360403,"Drama, theatre and performance studies",other,ANZSRC-recognized research subject-area retrieval anchor
CF-360499,ANZ-360499,Performing arts not elsewhere classified,other,ANZSRC-recognized research subject-area retrieval anchor
CF-360501,ANZ-360501,Cinema studies,other,ANZSRC-recognized research subject-area retrieval anchor
CF-360502,ANZ-360502,Computer gaming and animation,other,ANZSRC-recognized research subject-area retrieval anchor
CF-360503,ANZ-360503,Digital and electronic media art,other,ANZSRC-recognized research subject-area retrieval anchor
CF-360504,ANZ-360504,Interactive media,other,ANZSRC-recognized research subject-area retrieval anchor
CF-360505,ANZ-360505,Screen media,other,ANZSRC-recognized research subject-area retrieval anchor
CF-360506,ANZ-360506,Visual effects,other,ANZSRC-recognized research subject-area retrieval anchor
CF-360599,ANZ-360599,Screen and digital media not elsewhere classified,other,ANZSRC-recognized research subject-area retrieval anchor
CF-360601,ANZ-360601,Crafts,other,ANZSRC-recognized research subject-area retrieval anchor
CF-360602,ANZ-360602,Fine arts,other,ANZSRC-recognized research subject-area retrieval anchor
CF-360603,ANZ-360603,Performance art,other,ANZSRC-recognized research subject-area retrieval anchor
CF-360604,ANZ-360604,"Photography, video and lens-based practice",other,ANZSRC-recognized research subject-area retrieval anchor
CF-360699,ANZ-360699,Visual arts not elsewhere classified,other,ANZSRC-recognized research subject-area retrieval anchor
CF-369999,ANZ-369999,Other creative arts and writing not elsewhere classified,other,ANZSRC-recognized research subject-area retrieval anchor
CF-370101,ANZ-370101,Adverse weather events,other,ANZSRC-recognized research subject-area retrieval anchor
CF-370102,ANZ-370102,Air pollution processes and air quality measurement,other,ANZSRC-recognized research subject-area retrieval anchor
CF-370103,ANZ-370103,Atmospheric aerosols,other,ANZSRC-recognized research subject-area retrieval anchor
CF-370104,ANZ-370104,"Atmospheric composition, chemistry and processes",other,ANZSRC-recognized research subject-area retrieval anchor
CF-370105,ANZ-370105,Atmospheric dynamics,other,ANZSRC-recognized research subject-area retrieval anchor
CF-370106,ANZ-370106,Atmospheric radiation,other,ANZSRC-recognized research subject-area retrieval anchor
CF-370107,ANZ-370107,Cloud physics,other,ANZSRC-recognized research subject-area retrieval anchor
CF-370108,ANZ-370108,Meteorology,other,ANZSRC-recognized research subject-area retrieval anchor
CF-370109,ANZ-370109,Tropospheric and stratospheric physics,other,ANZSRC-recognized research subject-area retrieval anchor
CF-370199,ANZ-370199,Atmospheric sciences not elsewhere classified,other,ANZSRC-recognized research subject-area retrieval anchor
CF-370201,ANZ-370201,Climate change processes,other,ANZSRC-recognized research subject-area retrieval anchor
CF-370202,ANZ-370202,Climatology,other,ANZSRC-recognized research subject-area retrieval anchor
CF-370203,ANZ-370203,Greenhouse gas inventories and fluxes,other,ANZSRC-recognized research subject-area retrieval anchor
CF-370299,ANZ-370299,Climate change science not elsewhere classified,other,ANZSRC-recognized research subject-area retrieval anchor
CF-370301,ANZ-370301,Exploration geochemistry,other,ANZSRC-recognized research subject-area retrieval anchor
CF-370302,ANZ-370302,Inorganic geochemistry,other,ANZSRC-recognized research subject-area retrieval anchor
CF-370303,ANZ-370303,Isotope geochemistry,other,ANZSRC-recognized research subject-area retrieval anchor
CF-370304,ANZ-370304,Organic geochemistry,other,ANZSRC-recognized research subject-area retrieval anchor
CF-370399,ANZ-370399,Geochemistry not elsewhere classified,other,ANZSRC-recognized research subject-area retrieval anchor
CF-370401,ANZ-370401,Computational modelling and simulation in earth sciences,other,ANZSRC-recognized research subject-area retrieval anchor
CF-370402,ANZ-370402,Earth and space science informatics,other,ANZSRC-recognized research subject-area retrieval anchor
CF-370403,ANZ-370403,Geoscience data visualisation,other,ANZSRC-recognized research subject-area retrieval anchor
CF-370499,ANZ-370499,Geoinformatics not elsewhere classified,other,ANZSRC-recognized research subject-area retrieval anchor
CF-370501,ANZ-370501,Biomineralisation,other,ANZSRC-recognized research subject-area retrieval anchor
CF-370502,ANZ-370502,Geochronology,other,ANZSRC-recognized research subject-area retrieval anchor
CF-370503,ANZ-370503,Igneous and metamorphic petrology,other,ANZSRC-recognized research subject-area retrieval anchor
CF-370504,ANZ-370504,Marine geoscience,other,ANZSRC-recognized research subject-area retrieval anchor
CF-370505,ANZ-370505,Mineralogy and crystallography,other,ANZSRC-recognized research subject-area retrieval anchor
CF-370506,ANZ-370506,Palaeontology (incl. palynology),other,ANZSRC-recognized research subject-area retrieval anchor
CF-370507,ANZ-370507,Planetary geology,other,ANZSRC-recognized research subject-area retrieval anchor
CF-370508,ANZ-370508,Resource geoscience,other,ANZSRC-recognized research subject-area retrieval anchor
CF-370509,ANZ-370509,Sedimentology,other,ANZSRC-recognized research subject-area retrieval anchor
CF-370510,ANZ-370510,"Stratigraphy (incl. biostratigraphy, sequence stratigraphy and basin analysis)",other,ANZSRC-recognized research subject-area retrieval anchor
CF-370511,ANZ-370511,Structural geology and tectonics,other,ANZSRC-recognized research subject-area retrieval anchor
CF-370512,ANZ-370512,Volcanology,other,ANZSRC-recognized research subject-area retrieval anchor
CF-370599,ANZ-370599,Geology not elsewhere classified,other,ANZSRC-recognized research subject-area retrieval anchor
CF-370601,ANZ-370601,Applied geophysics,other,ANZSRC-recognized research subject-area retrieval anchor
CF-370602,ANZ-370602,Electrical and electromagnetic methods in geophysics,other,ANZSRC-recognized research subject-area retrieval anchor
CF-370603,ANZ-370603,Geodesy,other,ANZSRC-recognized research subject-area retrieval anchor
CF-370604,ANZ-370604,Geodynamics,other,ANZSRC-recognized research subject-area retrieval anchor
CF-370605,ANZ-370605,Geothermics and radiometrics,other,ANZSRC-recognized research subject-area retrieval anchor
CF-370606,ANZ-370606,Gravimetrics,other,ANZSRC-recognized research subject-area retrieval anchor
CF-370607,ANZ-370607,Magnetism and palaeomagnetism,other,ANZSRC-recognized research subject-area retrieval anchor
CF-370608,ANZ-370608,Petrophysics and rock mechanics,other,ANZSRC-recognized research subject-area retrieval anchor
CF-370609,ANZ-370609,Seismology and seismic exploration,other,ANZSRC-recognized research subject-area retrieval anchor
CF-370699,ANZ-370699,Geophysics not elsewhere classified,other,ANZSRC-recognized research subject-area retrieval anchor
CF-370701,ANZ-370701,Contaminant hydrology,other,ANZSRC-recognized research subject-area retrieval anchor
CF-370702,ANZ-370702,Ecohydrology,other,ANZSRC-recognized research subject-area retrieval anchor
CF-370703,ANZ-370703,Groundwater hydrology,other,ANZSRC-recognized research subject-area retrieval anchor
CF-370704,ANZ-370704,Surface water hydrology,other,ANZSRC-recognized research subject-area retrieval anchor
CF-370705,ANZ-370705,Urban hydrology,other,ANZSRC-recognized research subject-area retrieval anchor
CF-370799,ANZ-370799,Hydrology not elsewhere classified,other,ANZSRC-recognized research subject-area retrieval anchor
CF-370801,ANZ-370801,Biological oceanography,other,ANZSRC-recognized research subject-area retrieval anchor
CF-370802,ANZ-370802,Chemical oceanography,other,ANZSRC-recognized research subject-area retrieval anchor
CF-370803,ANZ-370803,Physical oceanography,other,ANZSRC-recognized research subject-area retrieval anchor
CF-370899,ANZ-370899,Oceanography not elsewhere classified,other,ANZSRC-recognized research subject-area retrieval anchor
CF-370901,ANZ-370901,Geomorphology and earth surface processes,other,ANZSRC-recognized research subject-area retrieval anchor
CF-370902,ANZ-370902,Glaciology,other,ANZSRC-recognized research subject-area retrieval anchor
CF-370903,ANZ-370903,Natural hazards,other,ANZSRC-recognized research subject-area retrieval anchor
CF-370904,ANZ-370904,Palaeoclimatology,other,ANZSRC-recognized research subject-area retrieval anchor
CF-370905,ANZ-370905,Quaternary environments,other,ANZSRC-recognized research subject-area retrieval anchor
CF-370906,ANZ-370906,Regolith and landscape evolution,other,ANZSRC-recognized research subject-area retrieval anchor
CF-370999,ANZ-370999,Physical geography and environmental geoscience not elsewhere classified,other,ANZSRC-recognized research subject-area retrieval anchor
CF-379901,ANZ-379901,Earth system sciences,other,ANZSRC-recognized research subject-area retrieval anchor
CF-379999,ANZ-379999,Other earth sciences not elsewhere classified,other,ANZSRC-recognized research subject-area retrieval anchor
CF-380101,ANZ-380101,Agricultural economics,other,ANZSRC-recognized research subject-area retrieval anchor
CF-380102,ANZ-380102,Behavioural economics,other,ANZSRC-recognized research subject-area retrieval anchor
CF-380103,ANZ-380103,Economic history,other,ANZSRC-recognized research subject-area retrieval anchor
CF-380104,ANZ-380104,Economics of education,other,ANZSRC-recognized research subject-area retrieval anchor
CF-380105,ANZ-380105,Environment and resource economics,other,ANZSRC-recognized research subject-area retrieval anchor
CF-380106,ANZ-380106,Experimental economics,other,ANZSRC-recognized research subject-area retrieval anchor
CF-380107,ANZ-380107,Financial economics,other,ANZSRC-recognized research subject-area retrieval anchor
CF-380108,ANZ-380108,Health economics,other,ANZSRC-recognized research subject-area retrieval anchor
CF-380109,ANZ-380109,Industry economics and industrial organisation,other,ANZSRC-recognized research subject-area retrieval anchor
CF-380110,ANZ-380110,International economics,other,ANZSRC-recognized research subject-area retrieval anchor
CF-380111,ANZ-380111,Labour economics,other,ANZSRC-recognized research subject-area retrieval anchor
CF-380112,ANZ-380112,Macroeconomics (incl. monetary and fiscal theory),other,ANZSRC-recognized research subject-area retrieval anchor
CF-380113,ANZ-380113,Public economics - public choice,other,ANZSRC-recognized research subject-area retrieval anchor
CF-380114,ANZ-380114,Public economics - publicly provided goods,other,ANZSRC-recognized research subject-area retrieval anchor
CF-380115,ANZ-380115,Public economics - taxation and revenue,other,ANZSRC-recognized research subject-area retrieval anchor
CF-380116,ANZ-380116,Tourism economics,other,ANZSRC-recognized research subject-area retrieval anchor
CF-380117,ANZ-380117,Transport economics,other,ANZSRC-recognized research subject-area retrieval anchor
CF-380118,ANZ-380118,Urban and regional economics,other,ANZSRC-recognized research subject-area retrieval anchor
CF-380119,ANZ-380119,Welfare economics,other,ANZSRC-recognized research subject-area retrieval anchor
CF-380199,ANZ-380199,Applied economics not elsewhere classified,other,ANZSRC-recognized research subject-area retrieval anchor
CF-380201,ANZ-380201,Cross-sectional analysis,other,ANZSRC-recognized research subject-area retrieval anchor
CF-380202,ANZ-380202,Econometric and statistical methods,other,ANZSRC-recognized research subject-area retrieval anchor
CF-380203,ANZ-380203,Economic models and forecasting,other,ANZSRC-recognized research subject-area retrieval anchor
CF-380204,ANZ-380204,Panel data analysis,other,ANZSRC-recognized research subject-area retrieval anchor
CF-380205,ANZ-380205,Time-series analysis,other,ANZSRC-recognized research subject-area retrieval anchor
CF-380299,ANZ-380299,Econometrics not elsewhere classified,other,ANZSRC-recognized research subject-area retrieval anchor
CF-380301,ANZ-380301,History of economic thought,other,ANZSRC-recognized research subject-area retrieval anchor
CF-380302,ANZ-380302,Macroeconomic theory,other,ANZSRC-recognized research subject-area retrieval anchor
CF-380303,ANZ-380303,Mathematical economics,other,ANZSRC-recognized research subject-area retrieval anchor
CF-380304,ANZ-380304,Microeconomic theory,other,ANZSRC-recognized research subject-area retrieval anchor
CF-380399,ANZ-380399,Economic theory not elsewhere classified,other,ANZSRC-recognized research subject-area retrieval anchor
CF-389901,ANZ-389901,Comparative economic systems,other,ANZSRC-recognized research subject-area retrieval anchor
CF-389902,ANZ-389902,Ecological economics,other,ANZSRC-recognized research subject-area retrieval anchor
CF-389903,ANZ-389903,Heterodox economics,other,ANZSRC-recognized research subject-area retrieval anchor
CF-389999,ANZ-389999,Other economics not elsewhere classified,other,ANZSRC-recognized research subject-area retrieval anchor
CF-390101,ANZ-390101,"Creative arts, media and communication curriculum and pedagogy",other,ANZSRC-recognized research subject-area retrieval anchor
CF-390102,ANZ-390102,Curriculum and pedagogy theory and development,other,ANZSRC-recognized research subject-area retrieval anchor
CF-390103,ANZ-390103,"Economics, business and management curriculum and pedagogy",other,ANZSRC-recognized research subject-area retrieval anchor
CF-390104,ANZ-390104,"English and literacy curriculum and pedagogy (excl. LOTE, ESL and TESOL)",other,ANZSRC-recognized research subject-area retrieval anchor
CF-390105,ANZ-390105,Environmental education curriculum and pedagogy,other,ANZSRC-recognized research subject-area retrieval anchor
CF-390106,ANZ-390106,Geography education curriculum and pedagogy,other,ANZSRC-recognized research subject-area retrieval anchor
CF-390107,ANZ-390107,"Humanities and social sciences curriculum and pedagogy (excl. economics, business and management)",other,ANZSRC-recognized research subject-area retrieval anchor
CF-390108,ANZ-390108,"LOTE, ESL and TESOL curriculum and pedagogy",other,ANZSRC-recognized research subject-area retrieval anchor
CF-390109,ANZ-390109,Mathematics and numeracy curriculum and pedagogy,other,ANZSRC-recognized research subject-area retrieval anchor
CF-390110,ANZ-390110,"Medicine, nursing and health curriculum and pedagogy",other,ANZSRC-recognized research subject-area retrieval anchor
CF-390111,ANZ-390111,Physical education and development curriculum and pedagogy,other,ANZSRC-recognized research subject-area retrieval anchor
CF-390112,ANZ-390112,Religion curriculum and pedagogy,other,ANZSRC-recognized research subject-area retrieval anchor
CF-390113,ANZ-390113,"Science, technology and engineering curriculum and pedagogy",other,ANZSRC-recognized research subject-area retrieval anchor
CF-390114,ANZ-390114,Vocational education and training curriculum and pedagogy,other,ANZSRC-recognized research subject-area retrieval anchor
CF-390115,ANZ-390115,Work integrated learning (incl. internships),other,ANZSRC-recognized research subject-area retrieval anchor
CF-390199,ANZ-390199,Curriculum and pedagogy not elsewhere classified,other,ANZSRC-recognized research subject-area retrieval anchor
CF-390201,ANZ-390201,Education policy,other,ANZSRC-recognized research subject-area retrieval anchor
CF-390202,ANZ-390202,History and philosophy of education,other,ANZSRC-recognized research subject-area retrieval anchor
CF-390203,ANZ-390203,Sociology of education,other,ANZSRC-recognized research subject-area retrieval anchor
CF-390299,ANZ-390299,"Education policy, sociology and philosophy not elsewhere classified",other,ANZSRC-recognized research subject-area retrieval anchor
CF-390301,ANZ-390301,Continuing and community education,other,ANZSRC-recognized research subject-area retrieval anchor
CF-390302,ANZ-390302,Early childhood education,other,ANZSRC-recognized research subject-area retrieval anchor
CF-390303,ANZ-390303,Higher education,other,ANZSRC-recognized research subject-area retrieval anchor
CF-390304,ANZ-390304,Primary education,other,ANZSRC-recognized research subject-area retrieval anchor
CF-390305,ANZ-390305,Professional education and training,other,ANZSRC-recognized research subject-area retrieval anchor
CF-390306,ANZ-390306,Secondary education,other,ANZSRC-recognized research subject-area retrieval anchor
CF-390307,ANZ-390307,Teacher education and professional development of educators,other,ANZSRC-recognized research subject-area retrieval anchor
CF-390308,ANZ-390308,"Technical, further and workplace education",other,ANZSRC-recognized research subject-area retrieval anchor
CF-390399,ANZ-390399,Education systems not elsewhere classified,other,ANZSRC-recognized research subject-area retrieval anchor
CF-390401,ANZ-390401,Comparative and cross-cultural education,other,ANZSRC-recognized research subject-area retrieval anchor
CF-390402,ANZ-390402,Education assessment and evaluation,other,ANZSRC-recognized research subject-area retrieval anchor
CF-390403,ANZ-390403,"Educational administration, management and leadership",other,ANZSRC-recognized research subject-area retrieval anchor
CF-390404,ANZ-390404,Educational counselling,other,ANZSRC-recognized research subject-area retrieval anchor
CF-390405,ANZ-390405,Educational technology and computing,other,ANZSRC-recognized research subject-area retrieval anchor
CF-390406,ANZ-390406,"Gender, sexuality and education",other,ANZSRC-recognized research subject-area retrieval anchor
CF-390407,ANZ-390407,Inclusive education,other,ANZSRC-recognized research subject-area retrieval anchor
CF-390408,ANZ-390408,Learning analytics,other,ANZSRC-recognized research subject-area retrieval anchor
CF-390409,ANZ-390409,Learning sciences,other,ANZSRC-recognized research subject-area retrieval anchor
CF-390410,ANZ-390410,"Multicultural education (excl. Aboriginal and Torres Strait Islander, Māori and Pacific Peoples)",other,ANZSRC-recognized research subject-area retrieval anchor
CF-390411,ANZ-390411,Special education and disability,other,ANZSRC-recognized research subject-area retrieval anchor
CF-390412,ANZ-390412,Teacher and student wellbeing,other,ANZSRC-recognized research subject-area retrieval anchor
CF-390499,ANZ-390499,Specialist studies in education not elsewhere classified,other,ANZSRC-recognized research subject-area retrieval anchor
CF-399999,ANZ-399999,Other education not elsewhere classified,other,ANZSRC-recognized research subject-area retrieval anchor
CF-400101,ANZ-400101,Aerospace materials,other,ANZSRC-recognized research subject-area retrieval anchor
CF-400102,ANZ-400102,Aerospace structures,other,ANZSRC-recognized research subject-area retrieval anchor
CF-400103,ANZ-400103,Aircraft performance and flight control systems,other,ANZSRC-recognized research subject-area retrieval anchor
CF-400104,ANZ-400104,Avionics,other,ANZSRC-recognized research subject-area retrieval anchor
CF-400105,ANZ-400105,Flight dynamics,other,ANZSRC-recognized research subject-area retrieval anchor
CF-400106,ANZ-400106,Hypersonic propulsion and hypersonic aerothermodynamics,other,ANZSRC-recognized research subject-area retrieval anchor
CF-400107,ANZ-400107,"Satellite, space vehicle and missile design and testing",other,ANZSRC-recognized research subject-area retrieval anchor
CF-400199,ANZ-400199,Aerospace engineering not elsewhere classified,other,ANZSRC-recognized research subject-area retrieval anchor
CF-400201,ANZ-400201,Automotive combustion and fuel engineering,other,ANZSRC-recognized research subject-area retrieval anchor
CF-400202,ANZ-400202,Automotive engineering materials,other,ANZSRC-recognized research subject-area retrieval anchor
CF-400203,ANZ-400203,Automotive mechatronics and autonomous systems,other,ANZSRC-recognized research subject-area retrieval anchor
CF-400204,ANZ-400204,Automotive safety engineering,other,ANZSRC-recognized research subject-area retrieval anchor
CF-400205,ANZ-400205,Hybrid and electric vehicles and powertrains,other,ANZSRC-recognized research subject-area retrieval anchor
CF-400299,ANZ-400299,Automotive engineering not elsewhere classified,other,ANZSRC-recognized research subject-area retrieval anchor
CF-400301,ANZ-400301,Biofabrication,other,ANZSRC-recognized research subject-area retrieval anchor
CF-400302,ANZ-400302,Biomaterials,other,ANZSRC-recognized research subject-area retrieval anchor
CF-400303,ANZ-400303,Biomechanical engineering,other,ANZSRC-recognized research subject-area retrieval anchor
CF-400304,ANZ-400304,Biomedical imaging,other,ANZSRC-recognized research subject-area retrieval anchor
CF-400305,ANZ-400305,Biomedical instrumentation,other,ANZSRC-recognized research subject-area retrieval anchor
CF-400306,ANZ-400306,Computational physiology,other,ANZSRC-recognized research subject-area retrieval anchor
CF-400307,ANZ-400307,Mechanobiology,other,ANZSRC-recognized research subject-area retrieval anchor
CF-400308,ANZ-400308,Medical devices,other,ANZSRC-recognized research subject-area retrieval anchor
CF-400309,ANZ-400309,Neural engineering,other,ANZSRC-recognized research subject-area retrieval anchor
CF-400310,ANZ-400310,Rehabilitation engineering,other,ANZSRC-recognized research subject-area retrieval anchor
CF-400311,ANZ-400311,Tissue engineering,other,ANZSRC-recognized research subject-area retrieval anchor
CF-400399,ANZ-400399,Biomedical engineering not elsewhere classified,other,ANZSRC-recognized research subject-area retrieval anchor
CF-400401,ANZ-400401,Carbon capture engineering (excl. sequestration),other,ANZSRC-recognized research subject-area retrieval anchor
CF-400402,ANZ-400402,Chemical and thermal processes in energy and combustion,other,ANZSRC-recognized research subject-area retrieval anchor
CF-400403,ANZ-400403,Chemical engineering design,other,ANZSRC-recognized research subject-area retrieval anchor
CF-400404,ANZ-400404,Electrochemical energy storage and conversion,other,ANZSRC-recognized research subject-area retrieval anchor
CF-400405,ANZ-400405,Food engineering,other,ANZSRC-recognized research subject-area retrieval anchor
CF-400406,ANZ-400406,Powder and particle technology,other,ANZSRC-recognized research subject-area retrieval anchor
CF-400407,ANZ-400407,Process control and simulation,other,ANZSRC-recognized research subject-area retrieval anchor
CF-400408,ANZ-400408,Reaction engineering (excl. nuclear reactions),other,ANZSRC-recognized research subject-area retrieval anchor
CF-400409,ANZ-400409,Separation technologies,other,ANZSRC-recognized research subject-area retrieval anchor
CF-400410,ANZ-400410,Wastewater treatment processes,other,ANZSRC-recognized research subject-area retrieval anchor
CF-400411,ANZ-400411,Water treatment processes,other,ANZSRC-recognized research subject-area retrieval anchor
CF-400499,ANZ-400499,Chemical engineering not elsewhere classified,other,ANZSRC-recognized research subject-area retrieval anchor
CF-400501,ANZ-400501,Architectural engineering,other,ANZSRC-recognized research subject-area retrieval anchor
CF-400502,ANZ-400502,Civil geotechnical engineering,other,ANZSRC-recognized research subject-area retrieval anchor
CF-400503,ANZ-400503,Complex civil systems,other,ANZSRC-recognized research subject-area retrieval anchor
CF-400504,ANZ-400504,Construction engineering,other,ANZSRC-recognized research subject-area retrieval anchor
CF-400505,ANZ-400505,Construction materials,other,ANZSRC-recognized research subject-area retrieval anchor
CF-400506,ANZ-400506,Earthquake engineering,other,ANZSRC-recognized research subject-area retrieval anchor
CF-400507,ANZ-400507,Fire safety engineering,other,ANZSRC-recognized research subject-area retrieval anchor
CF-400508,ANZ-400508,Infrastructure engineering and asset management,other,ANZSRC-recognized research subject-area retrieval anchor
CF-400509,ANZ-400509,Structural dynamics,other,ANZSRC-recognized research subject-area retrieval anchor
CF-400510,ANZ-400510,Structural engineering,other,ANZSRC-recognized research subject-area retrieval anchor
CF-400511,ANZ-400511,Timber engineering,other,ANZSRC-recognized research subject-area retrieval anchor
CF-400512,ANZ-400512,Transport engineering,other,ANZSRC-recognized research subject-area retrieval anchor
CF-400513,ANZ-400513,Water resources engineering,other,ANZSRC-recognized research subject-area retrieval anchor
CF-400599,ANZ-400599,Civil engineering not elsewhere classified,other,ANZSRC-recognized research subject-area retrieval anchor
CF-400601,ANZ-400601,Antennas and propagation,other,ANZSRC-recognized research subject-area retrieval anchor
CF-400602,ANZ-400602,Data communications,other,ANZSRC-recognized research subject-area retrieval anchor
CF-400603,ANZ-400603,"Molecular, biological, and multi-scale communications",other,ANZSRC-recognized research subject-area retrieval anchor
CF-400604,ANZ-400604,Network engineering,other,ANZSRC-recognized research subject-area retrieval anchor
CF-400605,ANZ-400605,Optical fibre communication systems and technologies,other,ANZSRC-recognized research subject-area retrieval anchor
CF-400606,ANZ-400606,Satellite communications,other,ANZSRC-recognized research subject-area retrieval anchor
CF-400607,ANZ-400607,Signal processing,other,ANZSRC-recognized research subject-area retrieval anchor
CF-400608,ANZ-400608,Wireless communication systems and technologies (incl. microwave and millimetrewave),other,ANZSRC-recognized research subject-area retrieval anchor
CF-400699,ANZ-400699,Communications engineering not elsewhere classified,other,ANZSRC-recognized research subject-area retrieval anchor
CF-400701,ANZ-400701,Assistive robots and technology,other,ANZSRC-recognized research subject-area retrieval anchor
CF-400702,ANZ-400702,Automation engineering,other,ANZSRC-recognized research subject-area retrieval anchor
CF-400703,ANZ-400703,Autonomous vehicle systems,other,ANZSRC-recognized research subject-area retrieval anchor
CF-400704,ANZ-400704,Biomechatronics,other,ANZSRC-recognized research subject-area retrieval anchor
CF-400705,ANZ-400705,Control engineering,other,ANZSRC-recognized research subject-area retrieval anchor
CF-400706,ANZ-400706,Field robotics,other,ANZSRC-recognized research subject-area retrieval anchor
CF-400707,ANZ-400707,Manufacturing robotics,other,ANZSRC-recognized research subject-area retrieval anchor
CF-400708,ANZ-400708,Mechatronics hardware design and architecture,other,ANZSRC-recognized research subject-area retrieval anchor
CF-400709,ANZ-400709,Medical robotics,other,ANZSRC-recognized research subject-area retrieval anchor
CF-400710,ANZ-400710,Micro-manipulation,other,ANZSRC-recognized research subject-area retrieval anchor
CF-400711,ANZ-400711,"Simulation, modelling, and programming of mechatronics systems",other,ANZSRC-recognized research subject-area retrieval anchor
CF-400799,ANZ-400799,"Control engineering, mechatronics and robotics not elsewhere classified",other,ANZSRC-recognized research subject-area retrieval anchor
CF-400801,ANZ-400801,Circuits and systems,other,ANZSRC-recognized research subject-area retrieval anchor
CF-400802,ANZ-400802,Electrical circuits and systems,other,ANZSRC-recognized research subject-area retrieval anchor
CF-400803,ANZ-400803,"Electrical energy generation (incl. renewables, excl. photovoltaics)",other,ANZSRC-recognized research subject-area retrieval anchor
CF-400804,ANZ-400804,Electrical energy storage,other,ANZSRC-recognized research subject-area retrieval anchor
CF-400805,ANZ-400805,"Electrical energy transmission, networks and systems",other,ANZSRC-recognized research subject-area retrieval anchor
CF-400806,ANZ-400806,Electrical machines and drives,other,ANZSRC-recognized research subject-area retrieval anchor
CF-400807,ANZ-400807,Engineering electromagnetics,other,ANZSRC-recognized research subject-area retrieval anchor
CF-400808,ANZ-400808,Photovoltaic power systems,other,ANZSRC-recognized research subject-area retrieval anchor
CF-400899,ANZ-400899,Electrical engineering not elsewhere classified,other,ANZSRC-recognized research subject-area retrieval anchor
CF-400901,ANZ-400901,Analog electronics and interfaces,other,ANZSRC-recognized research subject-area retrieval anchor
CF-400902,ANZ-400902,Digital electronic devices,other,ANZSRC-recognized research subject-area retrieval anchor
CF-400903,ANZ-400903,Digital processor architectures,other,ANZSRC-recognized research subject-area retrieval anchor
CF-400904,ANZ-400904,"Electronic device and system performance evaluation, testing and simulation",other,ANZSRC-recognized research subject-area retrieval anchor
CF-400905,ANZ-400905,Electronic instrumentation,other,ANZSRC-recognized research subject-area retrieval anchor
CF-400906,ANZ-400906,Electronic sensors,other,ANZSRC-recognized research subject-area retrieval anchor
CF-400907,ANZ-400907,Industrial electronics,other,ANZSRC-recognized research subject-area retrieval anchor
CF-400908,ANZ-400908,Microelectronics,other,ANZSRC-recognized research subject-area retrieval anchor
CF-400909,ANZ-400909,"Photonic and electro-optical devices, sensors and systems (excl. communications)",other,ANZSRC-recognized research subject-area retrieval anchor
CF-400910,ANZ-400910,Photovoltaic devices (solar cells),other,ANZSRC-recognized research subject-area retrieval anchor
CF-400911,ANZ-400911,Power electronics,other,ANZSRC-recognized research subject-area retrieval anchor
CF-400912,ANZ-400912,Quantum engineering systems (incl. computing and communications),other,ANZSRC-recognized research subject-area retrieval anchor
CF-400913,ANZ-400913,Radio frequency engineering,other,ANZSRC-recognized research subject-area retrieval anchor
CF-400999,ANZ-400999,"Electronics, sensors and digital hardware not elsewhere classified",other,ANZSRC-recognized research subject-area retrieval anchor
CF-401001,ANZ-401001,Engineering design,other,ANZSRC-recognized research subject-area retrieval anchor
CF-401002,ANZ-401002,Engineering education,other,ANZSRC-recognized research subject-area retrieval anchor
CF-401003,ANZ-401003,Engineering practice,other,ANZSRC-recognized research subject-area retrieval anchor
CF-401004,ANZ-401004,Humanitarian engineering,other,ANZSRC-recognized research subject-area retrieval anchor
CF-401005,ANZ-401005,Risk engineering,other,ANZSRC-recognized research subject-area retrieval anchor
CF-401006,ANZ-401006,Systems engineering,other,ANZSRC-recognized research subject-area retrieval anchor
CF-401099,ANZ-401099,Engineering practice and education not elsewhere classified,other,ANZSRC-recognized research subject-area retrieval anchor
CF-401101,ANZ-401101,Air pollution modelling and control,other,ANZSRC-recognized research subject-area retrieval anchor
CF-401102,ANZ-401102,Environmentally sustainable engineering,other,ANZSRC-recognized research subject-area retrieval anchor
CF-401103,ANZ-401103,Global and planetary environmental engineering,other,ANZSRC-recognized research subject-area retrieval anchor
CF-401104,ANZ-401104,Health and ecological risk assessment,other,ANZSRC-recognized research subject-area retrieval anchor
CF-401105,ANZ-401105,Life cycle assessment and industrial ecology,other,ANZSRC-recognized research subject-area retrieval anchor
CF-401106,ANZ-401106,"Waste management, reduction, reuse and recycling",other,ANZSRC-recognized research subject-area retrieval anchor
CF-401199,ANZ-401199,Environmental engineering not elsewhere classified,other,ANZSRC-recognized research subject-area retrieval anchor
CF-401201,ANZ-401201,Aerodynamics (excl. hypersonic aerodynamics),other,ANZSRC-recognized research subject-area retrieval anchor
CF-401202,ANZ-401202,Bio-fluids,other,ANZSRC-recognized research subject-area retrieval anchor
CF-401203,ANZ-401203,Biomedical fluid mechanics,other,ANZSRC-recognized research subject-area retrieval anchor
CF-401204,ANZ-401204,"Computational methods in fluid flow, heat and mass transfer (incl. computational fluid dynamics)",other,ANZSRC-recognized research subject-area retrieval anchor
CF-401205,ANZ-401205,"Experimental methods in fluid flow, heat and mass transfer",other,ANZSRC-recognized research subject-area retrieval anchor
CF-401206,ANZ-401206,Fluid-structure interaction and aeroacoustics,other,ANZSRC-recognized research subject-area retrieval anchor
CF-401207,ANZ-401207,Fundamental and theoretical fluid dynamics,other,ANZSRC-recognized research subject-area retrieval anchor
CF-401208,ANZ-401208,Geophysical and environmental fluid flows,other,ANZSRC-recognized research subject-area retrieval anchor
CF-401209,ANZ-401209,Hydrodynamics and hydraulic engineering,other,ANZSRC-recognized research subject-area retrieval anchor
CF-401210,ANZ-401210,Microfluidics and nanofluidics,other,ANZSRC-recognized research subject-area retrieval anchor
CF-401211,ANZ-401211,Multiphysics flows (incl. multiphase and reacting flows),other,ANZSRC-recognized research subject-area retrieval anchor
CF-401212,ANZ-401212,Non-Newtonian fluid flows (incl. rheology),other,ANZSRC-recognized research subject-area retrieval anchor
CF-401213,ANZ-401213,Turbulent flows,other,ANZSRC-recognized research subject-area retrieval anchor
CF-401299,ANZ-401299,Fluid mechanics and thermal engineering not elsewhere classified,other,ANZSRC-recognized research subject-area retrieval anchor
CF-401301,ANZ-401301,Cartography and digital mapping,other,ANZSRC-recognized research subject-area retrieval anchor
CF-401302,ANZ-401302,Geospatial information systems and geospatial data modelling,other,ANZSRC-recognized research subject-area retrieval anchor
CF-401303,ANZ-401303,Navigation and position fixing,other,ANZSRC-recognized research subject-area retrieval anchor
CF-401304,ANZ-401304,Photogrammetry and remote sensing,other,ANZSRC-recognized research subject-area retrieval anchor
CF-401305,ANZ-401305,Satellite-based positioning,other,ANZSRC-recognized research subject-area retrieval anchor
CF-401306,ANZ-401306,Surveying (incl. hydrographic surveying),other,ANZSRC-recognized research subject-area retrieval anchor
CF-401399,ANZ-401399,Geomatic engineering not elsewhere classified,other,ANZSRC-recognized research subject-area retrieval anchor
CF-401401,ANZ-401401,Additive manufacturing,other,ANZSRC-recognized research subject-area retrieval anchor
CF-401402,ANZ-401402,CAD/CAM systems,other,ANZSRC-recognized research subject-area retrieval anchor
CF-401403,ANZ-401403,Flexible manufacturing systems,other,ANZSRC-recognized research subject-area retrieval anchor
CF-401404,ANZ-401404,Industrial engineering,other,ANZSRC-recognized research subject-area retrieval anchor
CF-401405,ANZ-401405,Machine tools,other,ANZSRC-recognized research subject-area retrieval anchor
CF-401406,ANZ-401406,Machining,other,ANZSRC-recognized research subject-area retrieval anchor
CF-401407,ANZ-401407,Manufacturing management,other,ANZSRC-recognized research subject-area retrieval anchor
CF-401408,ANZ-401408,Manufacturing processes and technologies (excl. textiles),other,ANZSRC-recognized research subject-area retrieval anchor
CF-401409,ANZ-401409,Manufacturing safety and quality,other,ANZSRC-recognized research subject-area retrieval anchor
CF-401410,ANZ-401410,Microtechnology,other,ANZSRC-recognized research subject-area retrieval anchor
CF-401411,ANZ-401411,"Packaging, storage and transportation (excl. food and agricultural products)",other,ANZSRC-recognized research subject-area retrieval anchor
CF-401412,ANZ-401412,Precision engineering,other,ANZSRC-recognized research subject-area retrieval anchor
CF-401413,ANZ-401413,Textile technology,other,ANZSRC-recognized research subject-area retrieval anchor
CF-401499,ANZ-401499,Manufacturing engineering not elsewhere classified,other,ANZSRC-recognized research subject-area retrieval anchor
CF-401501,ANZ-401501,Marine engineering,other,ANZSRC-recognized research subject-area retrieval anchor
CF-401502,ANZ-401502,Naval architecture,other,ANZSRC-recognized research subject-area retrieval anchor
CF-401503,ANZ-401503,Ocean engineering,other,ANZSRC-recognized research subject-area retrieval anchor
CF-401504,ANZ-401504,Ship and platform structures (incl. maritime hydrodynamics),other,ANZSRC-recognized research subject-area retrieval anchor
CF-401505,ANZ-401505,Special vehicles,other,ANZSRC-recognized research subject-area retrieval anchor
CF-401599,ANZ-401599,Maritime engineering not elsewhere classified,other,ANZSRC-recognized research subject-area retrieval anchor
CF-401601,ANZ-401601,Ceramics,other,ANZSRC-recognized research subject-area retrieval anchor
CF-401602,ANZ-401602,Composite and hybrid materials,other,ANZSRC-recognized research subject-area retrieval anchor
CF-401603,ANZ-401603,Compound semiconductors,other,ANZSRC-recognized research subject-area retrieval anchor
CF-401604,ANZ-401604,Elemental semiconductors,other,ANZSRC-recognized research subject-area retrieval anchor
CF-401605,ANZ-401605,Functional materials,other,ANZSRC-recognized research subject-area retrieval anchor
CF-401606,ANZ-401606,Glass,other,ANZSRC-recognized research subject-area retrieval anchor
CF-401607,ANZ-401607,Metals and alloy materials,other,ANZSRC-recognized research subject-area retrieval anchor
CF-401608,ANZ-401608,Organic semiconductors,other,ANZSRC-recognized research subject-area retrieval anchor
CF-401609,ANZ-401609,Polymers and plastics,other,ANZSRC-recognized research subject-area retrieval anchor
CF-401610,ANZ-401610,"Timber, pulp and paper",other,ANZSRC-recognized research subject-area retrieval anchor
CF-401611,ANZ-401611,Wearable materials,other,ANZSRC-recognized research subject-area retrieval anchor
CF-401699,ANZ-401699,Materials engineering not elsewhere classified,other,ANZSRC-recognized research subject-area retrieval anchor
CF-401701,ANZ-401701,Acoustics and noise control (excl. architectural acoustics),other,ANZSRC-recognized research subject-area retrieval anchor
CF-401702,ANZ-401702,"Dynamics, vibration and vibration control",other,ANZSRC-recognized research subject-area retrieval anchor
CF-401703,ANZ-401703,"Energy generation, conversion and storage (excl. chemical and electrical)",other,ANZSRC-recognized research subject-area retrieval anchor
CF-401704,ANZ-401704,Mechanical engineering asset management,other,ANZSRC-recognized research subject-area retrieval anchor
CF-401705,ANZ-401705,Microelectromechanical systems (MEMS),other,ANZSRC-recognized research subject-area retrieval anchor
CF-401706,ANZ-401706,Numerical modelling and mechanical characterisation,other,ANZSRC-recognized research subject-area retrieval anchor
CF-401707,ANZ-401707,Solid mechanics,other,ANZSRC-recognized research subject-area retrieval anchor
CF-401708,ANZ-401708,Tribology,other,ANZSRC-recognized research subject-area retrieval anchor
CF-401799,ANZ-401799,Mechanical engineering not elsewhere classified,other,ANZSRC-recognized research subject-area retrieval anchor
CF-401801,ANZ-401801,Micro- and nanosystems,other,ANZSRC-recognized research subject-area retrieval anchor
CF-401802,ANZ-401802,Molecular and organic electronics,other,ANZSRC-recognized research subject-area retrieval anchor
CF-401803,ANZ-401803,Nanoelectromechanical systems,other,ANZSRC-recognized research subject-area retrieval anchor
CF-401804,ANZ-401804,Nanoelectronics,other,ANZSRC-recognized research subject-area retrieval anchor
CF-401805,ANZ-401805,"Nanofabrication, growth and self assembly",other,ANZSRC-recognized research subject-area retrieval anchor
CF-401806,ANZ-401806,Nanomanufacturing,other,ANZSRC-recognized research subject-area retrieval anchor
CF-401807,ANZ-401807,Nanomaterials,other,ANZSRC-recognized research subject-area retrieval anchor
CF-401808,ANZ-401808,Nanometrology,other,ANZSRC-recognized research subject-area retrieval anchor
CF-401809,ANZ-401809,Nanophotonics,other,ANZSRC-recognized research subject-area retrieval anchor
CF-401810,ANZ-401810,Nanoscale characterisation,other,ANZSRC-recognized research subject-area retrieval anchor
CF-401899,ANZ-401899,Nanotechnology not elsewhere classified,other,ANZSRC-recognized research subject-area retrieval anchor
CF-401901,ANZ-401901,Electrometallurgy,other,ANZSRC-recognized research subject-area retrieval anchor
CF-401902,ANZ-401902,Geomechanics and resources geotechnical engineering,other,ANZSRC-recognized research subject-area retrieval anchor
CF-401903,ANZ-401903,Hydrometallurgy,other,ANZSRC-recognized research subject-area retrieval anchor
CF-401904,ANZ-401904,Mineral processing/beneficiation,other,ANZSRC-recognized research subject-area retrieval anchor
CF-401905,ANZ-401905,Mining engineering,other,ANZSRC-recognized research subject-area retrieval anchor
CF-401906,ANZ-401906,Nuclear engineering (incl. fuel enrichment and waste processing and storage),other,ANZSRC-recognized research subject-area retrieval anchor
CF-401907,ANZ-401907,Petroleum and reservoir engineering,other,ANZSRC-recognized research subject-area retrieval anchor
CF-401908,ANZ-401908,Pyrometallurgy,other,ANZSRC-recognized research subject-area retrieval anchor
CF-401999,ANZ-401999,Resources engineering and extractive metallurgy not elsewhere classified,other,ANZSRC-recognized research subject-area retrieval anchor
CF-409901,ANZ-409901,Agricultural engineering,other,ANZSRC-recognized research subject-area retrieval anchor
CF-409902,ANZ-409902,Engineering instrumentation,other,ANZSRC-recognized research subject-area retrieval anchor
CF-409903,ANZ-409903,Granular mechanics,other,ANZSRC-recognized research subject-area retrieval anchor
CF-409999,ANZ-409999,Other engineering not elsewhere classified,other,ANZSRC-recognized research subject-area retrieval anchor
CF-410101,ANZ-410101,Carbon sequestration science,other,ANZSRC-recognized research subject-area retrieval anchor
CF-410102,ANZ-410102,Ecological impacts of climate change and ecological adaptation,other,ANZSRC-recognized research subject-area retrieval anchor
CF-410103,ANZ-410103,Human impacts of climate change and human adaptation,other,ANZSRC-recognized research subject-area retrieval anchor
CF-410199,ANZ-410199,Climate change impacts and adaptation not elsewhere classified,other,ANZSRC-recognized research subject-area retrieval anchor
CF-410201,ANZ-410201,Bioavailability and ecotoxicology,other,ANZSRC-recognized research subject-area retrieval anchor
CF-410202,ANZ-410202,Biosecurity science and invasive species ecology,other,ANZSRC-recognized research subject-area retrieval anchor
CF-410203,ANZ-410203,Ecosystem function,other,ANZSRC-recognized research subject-area retrieval anchor
CF-410204,ANZ-410204,Ecosystem services (incl. pollination),other,ANZSRC-recognized research subject-area retrieval anchor
CF-410205,ANZ-410205,Fire ecology,other,ANZSRC-recognized research subject-area retrieval anchor
CF-410206,ANZ-410206,Landscape ecology,other,ANZSRC-recognized research subject-area retrieval anchor
CF-410299,ANZ-410299,Ecological applications not elsewhere classified,other,ANZSRC-recognized research subject-area retrieval anchor
CF-410301,ANZ-410301,Biodiscovery,other,ANZSRC-recognized research subject-area retrieval anchor
CF-410302,ANZ-410302,Biological control,other,ANZSRC-recognized research subject-area retrieval anchor
CF-410303,ANZ-410303,Bioremediation,other,ANZSRC-recognized research subject-area retrieval anchor
CF-410304,ANZ-410304,Environmental biotechnology diagnostics (incl. biosensors),other,ANZSRC-recognized research subject-area retrieval anchor
CF-410305,ANZ-410305,Environmental marine biotechnology,other,ANZSRC-recognized research subject-area retrieval anchor
CF-410306,ANZ-410306,Environmental nanotechnology and nanometrology,other,ANZSRC-recognized research subject-area retrieval anchor
CF-410399,ANZ-410399,Environmental biotechnology not elsewhere classified,other,ANZSRC-recognized research subject-area retrieval anchor
CF-410401,ANZ-410401,Conservation and biodiversity,other,ANZSRC-recognized research subject-area retrieval anchor
CF-410402,ANZ-410402,Environmental assessment and monitoring,other,ANZSRC-recognized research subject-area retrieval anchor
CF-410403,ANZ-410403,Environmental education and extension,other,ANZSRC-recognized research subject-area retrieval anchor
CF-410404,ANZ-410404,Environmental management,other,ANZSRC-recognized research subject-area retrieval anchor
CF-410405,ANZ-410405,Environmental rehabilitation and restoration,other,ANZSRC-recognized research subject-area retrieval anchor
CF-410406,ANZ-410406,Natural resource management,other,ANZSRC-recognized research subject-area retrieval anchor
CF-410407,ANZ-410407,Wildlife and habitat management,other,ANZSRC-recognized research subject-area retrieval anchor
CF-410499,ANZ-410499,Environmental management not elsewhere classified,other,ANZSRC-recognized research subject-area retrieval anchor
CF-410501,ANZ-410501,Environmental biogeochemistry,other,ANZSRC-recognized research subject-area retrieval anchor
CF-410502,ANZ-410502,Noise and wave pollution processes and measurement,other,ANZSRC-recognized research subject-area retrieval anchor
CF-410503,ANZ-410503,Groundwater quality processes and contaminated land assessment,other,ANZSRC-recognized research subject-area retrieval anchor
CF-410504,ANZ-410504,Surface water quality processes and contaminated sediment assessment,other,ANZSRC-recognized research subject-area retrieval anchor
CF-410599,ANZ-410599,Pollution and contamination not elsewhere classified,other,ANZSRC-recognized research subject-area retrieval anchor
CF-410601,ANZ-410601,Land capability and soil productivity,other,ANZSRC-recognized research subject-area retrieval anchor
CF-410602,ANZ-410602,Pedology and pedometrics,other,ANZSRC-recognized research subject-area retrieval anchor
CF-410603,ANZ-410603,Soil biology,other,ANZSRC-recognized research subject-area retrieval anchor
CF-410604,ANZ-410604,Soil chemistry and soil carbon sequestration (excl. carbon sequestration science),other,ANZSRC-recognized research subject-area retrieval anchor
CF-410605,ANZ-410605,Soil physics,other,ANZSRC-recognized research subject-area retrieval anchor
CF-410699,ANZ-410699,Soil sciences not elsewhere classified,other,ANZSRC-recognized research subject-area retrieval anchor
CF-419999,ANZ-419999,Other environmental sciences not elsewhere classified,other,ANZSRC-recognized research subject-area retrieval anchor
CF-420101,ANZ-420101,Arts therapy,other,ANZSRC-recognized research subject-area retrieval anchor
CF-420102,ANZ-420102,Audiology,other,ANZSRC-recognized research subject-area retrieval anchor
CF-420103,ANZ-420103,Music therapy,other,ANZSRC-recognized research subject-area retrieval anchor
CF-420104,ANZ-420104,Occupational therapy,other,ANZSRC-recognized research subject-area retrieval anchor
CF-420105,ANZ-420105,Orthoptics,other,ANZSRC-recognized research subject-area retrieval anchor
CF-420106,ANZ-420106,Physiotherapy,other,ANZSRC-recognized research subject-area retrieval anchor
CF-420107,ANZ-420107,Podiatry,other,ANZSRC-recognized research subject-area retrieval anchor
CF-420108,ANZ-420108,Prosthetics and orthotics,other,ANZSRC-recognized research subject-area retrieval anchor
CF-420109,ANZ-420109,Rehabilitation,other,ANZSRC-recognized research subject-area retrieval anchor
CF-420110,ANZ-420110,Speech pathology,other,ANZSRC-recognized research subject-area retrieval anchor
CF-420199,ANZ-420199,Allied health and rehabilitation science not elsewhere classified,other,ANZSRC-recognized research subject-area retrieval anchor
CF-420201,ANZ-420201,Behavioural epidemiology,other,ANZSRC-recognized research subject-area retrieval anchor
CF-420202,ANZ-420202,Disease surveillance,other,ANZSRC-recognized research subject-area retrieval anchor
CF-420203,ANZ-420203,Environmental epidemiology,other,ANZSRC-recognized research subject-area retrieval anchor
CF-420204,ANZ-420204,Epidemiological methods,other,ANZSRC-recognized research subject-area retrieval anchor
CF-420205,ANZ-420205,Epidemiological modelling,other,ANZSRC-recognized research subject-area retrieval anchor
CF-420206,ANZ-420206,Forensic epidemiology,other,ANZSRC-recognized research subject-area retrieval anchor
CF-420207,ANZ-420207,Major global burdens of disease,other,ANZSRC-recognized research subject-area retrieval anchor
CF-420208,ANZ-420208,Nutritional epidemiology,other,ANZSRC-recognized research subject-area retrieval anchor
CF-420209,ANZ-420209,Occupational epidemiology,other,ANZSRC-recognized research subject-area retrieval anchor
CF-420210,ANZ-420210,Social epidemiology,other,ANZSRC-recognized research subject-area retrieval anchor
CF-420299,ANZ-420299,Epidemiology not elsewhere classified,other,ANZSRC-recognized research subject-area retrieval anchor
CF-420301,ANZ-420301,Aged health care,other,ANZSRC-recognized research subject-area retrieval anchor
CF-420302,ANZ-420302,Digital health,other,ANZSRC-recognized research subject-area retrieval anchor
CF-420303,ANZ-420303,Family care,other,ANZSRC-recognized research subject-area retrieval anchor
CF-420304,ANZ-420304,General practice,other,ANZSRC-recognized research subject-area retrieval anchor
CF-420305,ANZ-420305,Health and community services,other,ANZSRC-recognized research subject-area retrieval anchor
CF-420306,ANZ-420306,Health care administration,other,ANZSRC-recognized research subject-area retrieval anchor
CF-420307,ANZ-420307,Health counselling,other,ANZSRC-recognized research subject-area retrieval anchor
CF-420308,ANZ-420308,Health informatics and information systems,other,ANZSRC-recognized research subject-area retrieval anchor
CF-420309,ANZ-420309,Health management,other,ANZSRC-recognized research subject-area retrieval anchor
CF-420310,ANZ-420310,Health surveillance,other,ANZSRC-recognized research subject-area retrieval anchor
CF-420311,ANZ-420311,Health systems,other,ANZSRC-recognized research subject-area retrieval anchor
CF-420312,ANZ-420312,Implementation science and evaluation,other,ANZSRC-recognized research subject-area retrieval anchor
CF-420313,ANZ-420313,Mental health services,other,ANZSRC-recognized research subject-area retrieval anchor
CF-420314,ANZ-420314,Multimorbidity,other,ANZSRC-recognized research subject-area retrieval anchor
CF-420315,ANZ-420315,One health,other,ANZSRC-recognized research subject-area retrieval anchor
CF-420316,ANZ-420316,Palliative care,other,ANZSRC-recognized research subject-area retrieval anchor
CF-420317,ANZ-420317,Patient safety,other,ANZSRC-recognized research subject-area retrieval anchor
CF-420318,ANZ-420318,People with disability,other,ANZSRC-recognized research subject-area retrieval anchor
CF-420319,ANZ-420319,Primary health care,other,ANZSRC-recognized research subject-area retrieval anchor
CF-420320,ANZ-420320,Residential client care,other,ANZSRC-recognized research subject-area retrieval anchor
CF-420321,ANZ-420321,Rural and remote health services,other,ANZSRC-recognized research subject-area retrieval anchor
CF-420399,ANZ-420399,Health services and systems not elsewhere classified,other,ANZSRC-recognized research subject-area retrieval anchor
CF-420401,ANZ-420401,Clinical midwifery,other,ANZSRC-recognized research subject-area retrieval anchor
CF-420402,ANZ-420402,Models of care and place of birth,other,ANZSRC-recognized research subject-area retrieval anchor
CF-420403,ANZ-420403,Psychosocial aspects of childbirth and perinatal mental health,other,ANZSRC-recognized research subject-area retrieval anchor
CF-420499,ANZ-420499,Midwifery not elsewhere classified,other,ANZSRC-recognized research subject-area retrieval anchor
CF-420501,ANZ-420501,Acute care,other,ANZSRC-recognized research subject-area retrieval anchor
CF-420502,ANZ-420502,Aged care nursing,other,ANZSRC-recognized research subject-area retrieval anchor
CF-420503,ANZ-420503,Community and primary care,other,ANZSRC-recognized research subject-area retrieval anchor
CF-420504,ANZ-420504,Mental health nursing,other,ANZSRC-recognized research subject-area retrieval anchor
CF-420505,ANZ-420505,Nursing workforce,other,ANZSRC-recognized research subject-area retrieval anchor
CF-420506,ANZ-420506,Sub-acute care,other,ANZSRC-recognized research subject-area retrieval anchor
CF-420599,ANZ-420599,Nursing not elsewhere classified,other,ANZSRC-recognized research subject-area retrieval anchor
CF-420601,ANZ-420601,Community child health,other,ANZSRC-recognized research subject-area retrieval anchor
CF-420602,ANZ-420602,Health equity,other,ANZSRC-recognized research subject-area retrieval anchor
CF-420603,ANZ-420603,Health promotion,other,ANZSRC-recognized research subject-area retrieval anchor
CF-420604,ANZ-420604,Injury prevention,other,ANZSRC-recognized research subject-area retrieval anchor
CF-420605,ANZ-420605,Preventative health care,other,ANZSRC-recognized research subject-area retrieval anchor
CF-420606,ANZ-420606,Social determinants of health,other,ANZSRC-recognized research subject-area retrieval anchor
CF-420699,ANZ-420699,Public health not elsewhere classified,other,ANZSRC-recognized research subject-area retrieval anchor
CF-420701,ANZ-420701,Biomechanics,other,ANZSRC-recognized research subject-area retrieval anchor
CF-420702,ANZ-420702,Exercise physiology,other,ANZSRC-recognized research subject-area retrieval anchor
CF-420703,ANZ-420703,Motor control,other,ANZSRC-recognized research subject-area retrieval anchor
CF-420799,ANZ-420799,Sports science and exercise not elsewhere classified,other,ANZSRC-recognized research subject-area retrieval anchor
CF-420801,ANZ-420801,Chiropractic,other,ANZSRC-recognized research subject-area retrieval anchor
CF-420802,ANZ-420802,Naturopathy,other,ANZSRC-recognized research subject-area retrieval anchor
CF-420803,ANZ-420803,Traditional Chinese medicine and treatments,other,ANZSRC-recognized research subject-area retrieval anchor
CF-420899,ANZ-420899,"Traditional, complementary and integrative medicine not elsewhere classified",other,ANZSRC-recognized research subject-area retrieval anchor
CF-429999,ANZ-429999,Other health sciences not elsewhere classified,other,ANZSRC-recognized research subject-area retrieval anchor
CF-430101,ANZ-430101,Archaeological science,other,ANZSRC-recognized research subject-area retrieval anchor
CF-430102,ANZ-430102,"Archaeology of Asia, Africa and the Americas",other,ANZSRC-recognized research subject-area retrieval anchor
CF-430103,ANZ-430103,Archaeology of Australia (excl. Aboriginal and Torres Strait Islander),other,ANZSRC-recognized research subject-area retrieval anchor
CF-430104,ANZ-430104,"Archaeology of Europe, the Mediterranean and the Levant",other,ANZSRC-recognized research subject-area retrieval anchor
CF-430105,ANZ-430105,Archaeology of New Zealand (excl. Māori),other,ANZSRC-recognized research subject-area retrieval anchor
CF-430106,ANZ-430106,Digital archaeology,other,ANZSRC-recognized research subject-area retrieval anchor
CF-430107,ANZ-430107,Historical archaeology (incl. industrial archaeology),other,ANZSRC-recognized research subject-area retrieval anchor
CF-430108,ANZ-430108,Maritime archaeology,other,ANZSRC-recognized research subject-area retrieval anchor
CF-430199,ANZ-430199,Archaeology not elsewhere classified,other,ANZSRC-recognized research subject-area retrieval anchor
CF-430201,ANZ-430201,"Archival, repository and related studies",other,ANZSRC-recognized research subject-area retrieval anchor
CF-430202,ANZ-430202,"Critical heritage, museum and archive studies",other,ANZSRC-recognized research subject-area retrieval anchor
CF-430203,ANZ-430203,Cultural heritage management (incl. world heritage),other,ANZSRC-recognized research subject-area retrieval anchor
CF-430204,ANZ-430204,Digital heritage,other,ANZSRC-recognized research subject-area retrieval anchor
CF-430205,ANZ-430205,Heritage and cultural conservation,other,ANZSRC-recognized research subject-area retrieval anchor
CF-430206,ANZ-430206,Heritage collections and interpretations,other,ANZSRC-recognized research subject-area retrieval anchor
CF-430207,ANZ-430207,"Heritage tourism, visitor and audience studies",other,ANZSRC-recognized research subject-area retrieval anchor
CF-430208,ANZ-430208,Intangible heritage,other,ANZSRC-recognized research subject-area retrieval anchor
CF-430209,ANZ-430209,Materials conservation,other,ANZSRC-recognized research subject-area retrieval anchor
CF-430299,ANZ-430299,"Heritage, archive and museum studies not elsewhere classified",other,ANZSRC-recognized research subject-area retrieval anchor
CF-430301,ANZ-430301,Asian history,other,ANZSRC-recognized research subject-area retrieval anchor
CF-430302,ANZ-430302,Australian history,other,ANZSRC-recognized research subject-area retrieval anchor
CF-430303,ANZ-430303,Biography,other,ANZSRC-recognized research subject-area retrieval anchor
CF-430304,ANZ-430304,British history,other,ANZSRC-recognized research subject-area retrieval anchor
CF-430305,ANZ-430305,Classical Greek and Roman history,other,ANZSRC-recognized research subject-area retrieval anchor
CF-430306,ANZ-430306,Digital history,other,ANZSRC-recognized research subject-area retrieval anchor
CF-430307,ANZ-430307,Environmental history,other,ANZSRC-recognized research subject-area retrieval anchor
CF-430308,ANZ-430308,"European history (excl. British, classical Greek and Roman)",other,ANZSRC-recognized research subject-area retrieval anchor
CF-430309,ANZ-430309,Gender history,other,ANZSRC-recognized research subject-area retrieval anchor
CF-430310,ANZ-430310,Global and world history,other,ANZSRC-recognized research subject-area retrieval anchor
CF-430311,ANZ-430311,Historical studies of crime,other,ANZSRC-recognized research subject-area retrieval anchor
CF-430312,ANZ-430312,Histories of race,other,ANZSRC-recognized research subject-area retrieval anchor
CF-430313,ANZ-430313,"History of empires, imperialism and colonialism",other,ANZSRC-recognized research subject-area retrieval anchor
CF-430314,ANZ-430314,History of religion,other,ANZSRC-recognized research subject-area retrieval anchor
CF-430315,ANZ-430315,History of the pacific,other,ANZSRC-recognized research subject-area retrieval anchor
CF-430316,ANZ-430316,International history,other,ANZSRC-recognized research subject-area retrieval anchor
CF-430317,ANZ-430317,Latin and South American history,other,ANZSRC-recognized research subject-area retrieval anchor
CF-430318,ANZ-430318,Middle Eastern and North African history,other,ANZSRC-recognized research subject-area retrieval anchor
CF-430319,ANZ-430319,Migration history,other,ANZSRC-recognized research subject-area retrieval anchor
CF-430320,ANZ-430320,New Zealand history,other,ANZSRC-recognized research subject-area retrieval anchor
CF-430321,ANZ-430321,North American history,other,ANZSRC-recognized research subject-area retrieval anchor
CF-430322,ANZ-430322,Sub-Saharan African history,other,ANZSRC-recognized research subject-area retrieval anchor
CF-430323,ANZ-430323,Transnational history,other,ANZSRC-recognized research subject-area retrieval anchor
CF-430399,ANZ-430399,Historical studies not elsewhere classified,other,ANZSRC-recognized research subject-area retrieval anchor
CF-439999,ANZ-439999,"Other history, heritage and archaeology not elsewhere classified",other,ANZSRC-recognized research subject-area retrieval anchor
CF-440101,ANZ-440101,Anthropology of development,other,ANZSRC-recognized research subject-area retrieval anchor
CF-440102,ANZ-440102,Anthropology of gender and sexuality,other,ANZSRC-recognized research subject-area retrieval anchor
CF-440103,ANZ-440103,Biological (physical) anthropology,other,ANZSRC-recognized research subject-area retrieval anchor
CF-440104,ANZ-440104,Environmental anthropology,other,ANZSRC-recognized research subject-area retrieval anchor
CF-440105,ANZ-440105,Linguistic anthropology,other,ANZSRC-recognized research subject-area retrieval anchor
CF-440106,ANZ-440106,Medical anthropology,other,ANZSRC-recognized research subject-area retrieval anchor
CF-440107,ANZ-440107,Social and cultural anthropology,other,ANZSRC-recognized research subject-area retrieval anchor
CF-440199,ANZ-440199,Anthropology not elsewhere classified,other,ANZSRC-recognized research subject-area retrieval anchor
CF-440201,ANZ-440201,Causes and prevention of crime,other,ANZSRC-recognized research subject-area retrieval anchor
CF-440202,ANZ-440202,"Correctional theory, offender treatment and rehabilitation",other,ANZSRC-recognized research subject-area retrieval anchor
CF-440203,ANZ-440203,Courts and sentencing,other,ANZSRC-recognized research subject-area retrieval anchor
CF-440204,ANZ-440204,Crime and social justice,other,ANZSRC-recognized research subject-area retrieval anchor
CF-440205,ANZ-440205,Criminological theories,other,ANZSRC-recognized research subject-area retrieval anchor
CF-440206,ANZ-440206,Critical approaches to crime,other,ANZSRC-recognized research subject-area retrieval anchor
CF-440207,ANZ-440207,Cybercrime,other,ANZSRC-recognized research subject-area retrieval anchor
CF-440208,ANZ-440208,Environmental crime,other,ANZSRC-recognized research subject-area retrieval anchor
CF-440209,ANZ-440209,Gender and crime,other,ANZSRC-recognized research subject-area retrieval anchor
CF-440210,ANZ-440210,Organised crime,other,ANZSRC-recognized research subject-area retrieval anchor
CF-440211,ANZ-440211,"Police administration, procedures and practice",other,ANZSRC-recognized research subject-area retrieval anchor
CF-440212,ANZ-440212,Private policing and security services,other,ANZSRC-recognized research subject-area retrieval anchor
CF-440213,ANZ-440213,Race/ethnicity and crime,other,ANZSRC-recognized research subject-area retrieval anchor
CF-440214,ANZ-440214,Sociological studies of crime,other,ANZSRC-recognized research subject-area retrieval anchor
CF-440215,ANZ-440215,State crime,other,ANZSRC-recognized research subject-area retrieval anchor
CF-440216,ANZ-440216,"Technology, crime and surveillance",other,ANZSRC-recognized research subject-area retrieval anchor
CF-440217,ANZ-440217,Terrorism,other,ANZSRC-recognized research subject-area retrieval anchor
CF-440218,ANZ-440218,Victims,other,ANZSRC-recognized research subject-area retrieval anchor
CF-440219,ANZ-440219,White collar crime,other,ANZSRC-recognized research subject-area retrieval anchor
CF-440299,ANZ-440299,Criminology not elsewhere classified,other,ANZSRC-recognized research subject-area retrieval anchor
CF-440301,ANZ-440301,Family and household studies,other,ANZSRC-recognized research subject-area retrieval anchor
CF-440302,ANZ-440302,Fertility,other,ANZSRC-recognized research subject-area retrieval anchor
CF-440303,ANZ-440303,Migration,other,ANZSRC-recognized research subject-area retrieval anchor
CF-440304,ANZ-440304,Mortality,other,ANZSRC-recognized research subject-area retrieval anchor
CF-440305,ANZ-440305,Population trends and policies,other,ANZSRC-recognized research subject-area retrieval anchor
CF-440399,ANZ-440399,Demography not elsewhere classified,other,ANZSRC-recognized research subject-area retrieval anchor
CF-440401,ANZ-440401,Development cooperation,other,ANZSRC-recognized research subject-area retrieval anchor
CF-440402,ANZ-440402,"Humanitarian disasters, conflict and peacebuilding",other,ANZSRC-recognized research subject-area retrieval anchor
CF-440403,ANZ-440403,"Labour, migration and development",other,ANZSRC-recognized research subject-area retrieval anchor
CF-440404,ANZ-440404,Political economy and social change,other,ANZSRC-recognized research subject-area retrieval anchor
CF-440405,ANZ-440405,"Poverty, inclusivity and wellbeing",other,ANZSRC-recognized research subject-area retrieval anchor
CF-440406,ANZ-440406,Rural community development,other,ANZSRC-recognized research subject-area retrieval anchor
CF-440407,ANZ-440407,Socio-economic development,other,ANZSRC-recognized research subject-area retrieval anchor
CF-440408,ANZ-440408,Urban community development,other,ANZSRC-recognized research subject-area retrieval anchor
CF-440499,ANZ-440499,Development studies not elsewhere classified,other,ANZSRC-recognized research subject-area retrieval anchor
CF-440501,ANZ-440501,Feminist and queer theory,other,ANZSRC-recognized research subject-area retrieval anchor
CF-440502,ANZ-440502,Feminist methodologies,other,ANZSRC-recognized research subject-area retrieval anchor
CF-440503,ANZ-440503,Feminist theory,other,ANZSRC-recognized research subject-area retrieval anchor
CF-440504,ANZ-440504,Gender relations,other,ANZSRC-recognized research subject-area retrieval anchor
CF-440505,ANZ-440505,Intersectional studies,other,ANZSRC-recognized research subject-area retrieval anchor
CF-440506,ANZ-440506,Sexualities,other,ANZSRC-recognized research subject-area retrieval anchor
CF-440507,ANZ-440507,Studies of men and masculinities,other,ANZSRC-recognized research subject-area retrieval anchor
CF-440508,ANZ-440508,Transgender studies,other,ANZSRC-recognized research subject-area retrieval anchor
CF-440509,ANZ-440509,Women's studies (incl. girls' studies),other,ANZSRC-recognized research subject-area retrieval anchor
CF-440599,ANZ-440599,Gender studies not elsewhere classified,other,ANZSRC-recognized research subject-area retrieval anchor
CF-440601,ANZ-440601,Cultural geography,other,ANZSRC-recognized research subject-area retrieval anchor
CF-440602,ANZ-440602,Development geography,other,ANZSRC-recognized research subject-area retrieval anchor
CF-440603,ANZ-440603,Economic geography,other,ANZSRC-recognized research subject-area retrieval anchor
CF-440604,ANZ-440604,Environmental geography,other,ANZSRC-recognized research subject-area retrieval anchor
CF-440605,ANZ-440605,Health geography,other,ANZSRC-recognized research subject-area retrieval anchor
CF-440606,ANZ-440606,Political geography,other,ANZSRC-recognized research subject-area retrieval anchor
CF-440607,ANZ-440607,Population geography,other,ANZSRC-recognized research subject-area retrieval anchor
CF-440608,ANZ-440608,"Recreation, leisure and tourism geography",other,ANZSRC-recognized research subject-area retrieval anchor
CF-440609,ANZ-440609,Rural and regional geography,other,ANZSRC-recognized research subject-area retrieval anchor
CF-440610,ANZ-440610,Social geography,other,ANZSRC-recognized research subject-area retrieval anchor
CF-440611,ANZ-440611,Transport geography,other,ANZSRC-recognized research subject-area retrieval anchor
CF-440612,ANZ-440612,Urban geography,other,ANZSRC-recognized research subject-area retrieval anchor
CF-440699,ANZ-440699,Human geography not elsewhere classified,other,ANZSRC-recognized research subject-area retrieval anchor
CF-440701,ANZ-440701,Communications and media policy,other,ANZSRC-recognized research subject-area retrieval anchor
CF-440702,ANZ-440702,Crime policy,other,ANZSRC-recognized research subject-area retrieval anchor
CF-440703,ANZ-440703,Economic development policy,other,ANZSRC-recognized research subject-area retrieval anchor
CF-440704,ANZ-440704,Environment policy,other,ANZSRC-recognized research subject-area retrieval anchor
CF-440705,ANZ-440705,"Gender, policy and administration",other,ANZSRC-recognized research subject-area retrieval anchor
CF-440706,ANZ-440706,Health policy,other,ANZSRC-recognized research subject-area retrieval anchor
CF-440707,ANZ-440707,Housing policy,other,ANZSRC-recognized research subject-area retrieval anchor
CF-440708,ANZ-440708,Public administration,other,ANZSRC-recognized research subject-area retrieval anchor
CF-440709,ANZ-440709,Public policy,other,ANZSRC-recognized research subject-area retrieval anchor
CF-440710,ANZ-440710,"Research, science and technology policy",other,ANZSRC-recognized research subject-area retrieval anchor
CF-440711,ANZ-440711,Risk policy,other,ANZSRC-recognized research subject-area retrieval anchor
CF-440712,ANZ-440712,Social policy,other,ANZSRC-recognized research subject-area retrieval anchor
CF-440713,ANZ-440713,Tourism policy,other,ANZSRC-recognized research subject-area retrieval anchor
CF-440714,ANZ-440714,Urban policy,other,ANZSRC-recognized research subject-area retrieval anchor
CF-440799,ANZ-440799,Policy and administration not elsewhere classified,other,ANZSRC-recognized research subject-area retrieval anchor
CF-440801,ANZ-440801,Australian government and politics,other,ANZSRC-recognized research subject-area retrieval anchor
CF-440802,ANZ-440802,Citizenship,other,ANZSRC-recognized research subject-area retrieval anchor
CF-440803,ANZ-440803,Comparative government and politics,other,ANZSRC-recognized research subject-area retrieval anchor
CF-440804,ANZ-440804,Defence studies,other,ANZSRC-recognized research subject-area retrieval anchor
CF-440805,ANZ-440805,Environmental politics,other,ANZSRC-recognized research subject-area retrieval anchor
CF-440806,ANZ-440806,Gender and politics,other,ANZSRC-recognized research subject-area retrieval anchor
CF-440807,ANZ-440807,Government and politics of Asia and the Pacific,other,ANZSRC-recognized research subject-area retrieval anchor
CF-440808,ANZ-440808,International relations,other,ANZSRC-recognized research subject-area retrieval anchor
CF-440809,ANZ-440809,New Zealand government and politics,other,ANZSRC-recognized research subject-area retrieval anchor
CF-440810,ANZ-440810,Peace studies,other,ANZSRC-recognized research subject-area retrieval anchor
CF-440811,ANZ-440811,Political theory and political philosophy,other,ANZSRC-recognized research subject-area retrieval anchor
CF-440899,ANZ-440899,Political science not elsewhere classified,other,ANZSRC-recognized research subject-area retrieval anchor
CF-440901,ANZ-440901,Clinical social work practice,other,ANZSRC-recognized research subject-area retrieval anchor
CF-440902,ANZ-440902,"Counselling, wellbeing and community services",other,ANZSRC-recognized research subject-area retrieval anchor
CF-440903,ANZ-440903,Social program evaluation,other,ANZSRC-recognized research subject-area retrieval anchor
CF-440999,ANZ-440999,Social work not elsewhere classified,other,ANZSRC-recognized research subject-area retrieval anchor
CF-441001,ANZ-441001,"Applied sociology, program evaluation and social impact assessment",other,ANZSRC-recognized research subject-area retrieval anchor
CF-441002,ANZ-441002,Environmental sociology,other,ANZSRC-recognized research subject-area retrieval anchor
CF-441003,ANZ-441003,Rural sociology,other,ANZSRC-recognized research subject-area retrieval anchor
CF-441004,ANZ-441004,Social change,other,ANZSRC-recognized research subject-area retrieval anchor
CF-441005,ANZ-441005,Social theory,other,ANZSRC-recognized research subject-area retrieval anchor
CF-441006,ANZ-441006,Sociological methodology and research methods,other,ANZSRC-recognized research subject-area retrieval anchor
CF-441007,ANZ-441007,Sociology and social studies of science and technology,other,ANZSRC-recognized research subject-area retrieval anchor
CF-441008,ANZ-441008,Sociology of culture,other,ANZSRC-recognized research subject-area retrieval anchor
CF-441009,ANZ-441009,Sociology of family and relationships,other,ANZSRC-recognized research subject-area retrieval anchor
CF-441010,ANZ-441010,Sociology of gender,other,ANZSRC-recognized research subject-area retrieval anchor
CF-441011,ANZ-441011,Sociology of health,other,ANZSRC-recognized research subject-area retrieval anchor
CF-441012,ANZ-441012,Sociology of inequalities,other,ANZSRC-recognized research subject-area retrieval anchor
CF-441013,ANZ-441013,"Sociology of migration, ethnicity and multiculturalism",other,ANZSRC-recognized research subject-area retrieval anchor
CF-441014,ANZ-441014,Sociology of religion,other,ANZSRC-recognized research subject-area retrieval anchor
CF-441015,ANZ-441015,Sociology of the life course,other,ANZSRC-recognized research subject-area retrieval anchor
CF-441016,ANZ-441016,Urban sociology and community studies,other,ANZSRC-recognized research subject-area retrieval anchor
CF-441099,ANZ-441099,Sociology not elsewhere classified,other,ANZSRC-recognized research subject-area retrieval anchor
CF-449901,ANZ-449901,Studies of Asian society,other,ANZSRC-recognized research subject-area retrieval anchor
CF-449999,ANZ-449999,Other human society not elsewhere classified,other,ANZSRC-recognized research subject-area retrieval anchor
CF-450101,ANZ-450101,Aboriginal and Torres Strait Islander archaeology,other,ANZSRC-recognized research subject-area retrieval anchor
CF-450102,ANZ-450102,Aboriginal and Torres Strait Islander artefacts,other,ANZSRC-recognized research subject-area retrieval anchor
CF-450103,ANZ-450103,Aboriginal and Torres Strait Islander cultural history,other,ANZSRC-recognized research subject-area retrieval anchor
CF-450104,ANZ-450104,Aboriginal and Torres Strait Islander culture,other,ANZSRC-recognized research subject-area retrieval anchor
CF-450105,ANZ-450105,"Aboriginal and Torres Strait Islander curatorial, archives and museum studies",other,ANZSRC-recognized research subject-area retrieval anchor
CF-450106,ANZ-450106,Aboriginal and Torres Strait Islander ethics,other,ANZSRC-recognized research subject-area retrieval anchor
CF-450107,ANZ-450107,Aboriginal and Torres Strait Islander history,other,ANZSRC-recognized research subject-area retrieval anchor
CF-450108,ANZ-450108,Aboriginal and Torres Strait Islander linguistics and languages,other,ANZSRC-recognized research subject-area retrieval anchor
CF-450109,ANZ-450109,"Aboriginal and Torres Strait Islander literature, journalism and professional writing",other,ANZSRC-recognized research subject-area retrieval anchor
CF-450110,ANZ-450110,"Aboriginal and Torres Strait Islander media, film, animation and photography",other,ANZSRC-recognized research subject-area retrieval anchor
CF-450111,ANZ-450111,Aboriginal and Torres Strait Islander music and performing arts,other,ANZSRC-recognized research subject-area retrieval anchor
CF-450112,ANZ-450112,Aboriginal and Torres Strait Islander philosophy,other,ANZSRC-recognized research subject-area retrieval anchor
CF-450113,ANZ-450113,Aboriginal and Torres Strait Islander religion and religious studies,other,ANZSRC-recognized research subject-area retrieval anchor
CF-450114,ANZ-450114,Aboriginal and Torres Strait Islander repatriation,other,ANZSRC-recognized research subject-area retrieval anchor
CF-450115,ANZ-450115,Aboriginal and Torres Strait Islander research methods,other,ANZSRC-recognized research subject-area retrieval anchor
CF-450116,ANZ-450116,Aboriginal and Torres Strait Islander visual arts and crafts,other,ANZSRC-recognized research subject-area retrieval anchor
CF-450117,ANZ-450117,"Aboriginal and Torres Strait Islander ways of knowing, being and doing",other,ANZSRC-recognized research subject-area retrieval anchor
CF-450118,ANZ-450118,Conservation of Aboriginal and Torres Strait Islander heritage,other,ANZSRC-recognized research subject-area retrieval anchor
CF-450199,ANZ-450199,"Aboriginal and Torres Strait Islander culture, language and history not elsewhere classified",other,ANZSRC-recognized research subject-area retrieval anchor
CF-450201,ANZ-450201,Aboriginal and Torres Strait Islander curriculum and pedagogy,other,ANZSRC-recognized research subject-area retrieval anchor
CF-450202,ANZ-450202,Aboriginal and Torres Strait Islander early childhood education,other,ANZSRC-recognized research subject-area retrieval anchor
CF-450203,ANZ-450203,Aboriginal and Torres Strait Islander educational methods,other,ANZSRC-recognized research subject-area retrieval anchor
CF-450204,ANZ-450204,"Aboriginal and Torres Strait Islander technical, further, continuing and community education",other,ANZSRC-recognized research subject-area retrieval anchor
CF-450205,ANZ-450205,Aboriginal and Torres Strait Islander higher education,other,ANZSRC-recognized research subject-area retrieval anchor
CF-450206,ANZ-450206,Aboriginal and Torres Strait Islander language education,other,ANZSRC-recognized research subject-area retrieval anchor
CF-450207,ANZ-450207,Aboriginal and Torres Strait Islander men's education,other,ANZSRC-recognized research subject-area retrieval anchor
CF-450208,ANZ-450208,Aboriginal and Torres Strait Islander primary education,other,ANZSRC-recognized research subject-area retrieval anchor
CF-450209,ANZ-450209,Aboriginal and Torres Strait Islander secondary education,other,ANZSRC-recognized research subject-area retrieval anchor
CF-450210,ANZ-450210,Aboriginal and Torres Strait Islander student engagement and teaching,other,ANZSRC-recognized research subject-area retrieval anchor
CF-450211,ANZ-450211,Aboriginal and Torres Strait Islander women's education,other,ANZSRC-recognized research subject-area retrieval anchor
CF-450212,ANZ-450212,Cultural responsiveness and working with Aboriginal and Torres Strait Islander communities education,other,ANZSRC-recognized research subject-area retrieval anchor
CF-450213,ANZ-450213,"Embedding Aboriginal and Torres Strait Islander knowledges, histories, culture, country, perspectives and ethics in education",other,ANZSRC-recognized research subject-area retrieval anchor
CF-450299,ANZ-450299,Aboriginal and Torres Strait Islander education not elsewhere classified,other,ANZSRC-recognized research subject-area retrieval anchor
CF-450301,ANZ-450301,Aboriginal and Torres Strait Islander agriculture and forestry,other,ANZSRC-recognized research subject-area retrieval anchor
CF-450302,ANZ-450302,Aboriginal and Torres Strait Islander earth sciences,other,ANZSRC-recognized research subject-area retrieval anchor
CF-450303,ANZ-450303,Aboriginal and Torres Strait Islander environmental conservation,other,ANZSRC-recognized research subject-area retrieval anchor
CF-450304,ANZ-450304,Aboriginal and Torres Strait Islander environmental knowledges,other,ANZSRC-recognized research subject-area retrieval anchor
CF-450305,ANZ-450305,Aboriginal and Torres Strait Islander fisheries and customary fisheries,other,ANZSRC-recognized research subject-area retrieval anchor
CF-450306,ANZ-450306,Aboriginal and Torres Strait Islander land and water management,other,ANZSRC-recognized research subject-area retrieval anchor
CF-450307,ANZ-450307,Aboriginal and Torres Strait Islander marine environment science,other,ANZSRC-recognized research subject-area retrieval anchor
CF-450399,ANZ-450399,Aboriginal and Torres Strait Islander environmental knowledges and management not elsewhere classified,other,ANZSRC-recognized research subject-area retrieval anchor
CF-450401,ANZ-450401,Aboriginal and Torres Strait Islander and disability,other,ANZSRC-recognized research subject-area retrieval anchor
CF-450402,ANZ-450402,Aboriginal and Torres Strait Islander biomedical and clinical sciences,other,ANZSRC-recognized research subject-area retrieval anchor
CF-450403,ANZ-450403,Aboriginal and Torres Strait Islander child health and wellbeing,other,ANZSRC-recognized research subject-area retrieval anchor
CF-450404,ANZ-450404,Aboriginal and Torres Strait Islander cultural determinants of health,other,ANZSRC-recognized research subject-area retrieval anchor
CF-450405,ANZ-450405,Aboriginal and Torres Strait Islander diet and nutrition,other,ANZSRC-recognized research subject-area retrieval anchor
CF-450406,ANZ-450406,Aboriginal and Torres Strait Islander epidemiology,other,ANZSRC-recognized research subject-area retrieval anchor
CF-450407,ANZ-450407,Aboriginal and Torres Strait Islander health policy,other,ANZSRC-recognized research subject-area retrieval anchor
CF-450408,ANZ-450408,Aboriginal and Torres Strait Islander health promotion,other,ANZSRC-recognized research subject-area retrieval anchor
CF-450409,ANZ-450409,Aboriginal and Torres Strait Islander health services,other,ANZSRC-recognized research subject-area retrieval anchor
CF-450410,ANZ-450410,Aboriginal and Torres Strait Islander lifecourse,other,ANZSRC-recognized research subject-area retrieval anchor
CF-450411,ANZ-450411,Aboriginal and Torres Strait Islander medicine and treatments,other,ANZSRC-recognized research subject-area retrieval anchor
CF-450412,ANZ-450412,Aboriginal and Torres Strait Islander men's health and wellbeing,other,ANZSRC-recognized research subject-area retrieval anchor
CF-450413,ANZ-450413,Aboriginal and Torres Strait Islander midwifery and paediatrics,other,ANZSRC-recognized research subject-area retrieval anchor
CF-450414,ANZ-450414,Aboriginal and Torres Strait Islander mothers and babies health and wellbeing,other,ANZSRC-recognized research subject-area retrieval anchor
CF-450415,ANZ-450415,Aboriginal and Torres Strait Islander nursing,other,ANZSRC-recognized research subject-area retrieval anchor
CF-450416,ANZ-450416,Aboriginal and Torres Strait Islander psychology,other,ANZSRC-recognized research subject-area retrieval anchor
CF-450417,ANZ-450417,Aboriginal and Torres Strait Islander public health and wellbeing,other,ANZSRC-recognized research subject-area retrieval anchor
CF-450418,ANZ-450418,Aboriginal and Torres Strait Islander remote health,other,ANZSRC-recognized research subject-area retrieval anchor
CF-450419,ANZ-450419,Aboriginal and Torres Strait Islander social determinants of health,other,ANZSRC-recognized research subject-area retrieval anchor
CF-450420,ANZ-450420,"Aboriginal and Torres Strait Islander social, emotional, cultural and spiritual wellbeing",other,ANZSRC-recognized research subject-area retrieval anchor
CF-450421,ANZ-450421,Aboriginal and Torres Strait Islander sport and physical activity,other,ANZSRC-recognized research subject-area retrieval anchor
CF-450422,ANZ-450422,Aboriginal and Torres Strait Islander theory of change models for health,other,ANZSRC-recognized research subject-area retrieval anchor
CF-450423,ANZ-450423,Aboriginal and Torres Strait Islander youth and family social and emotional wellbeing,other,ANZSRC-recognized research subject-area retrieval anchor
CF-450499,ANZ-450499,Aboriginal and Torres Strait Islander health and wellbeing not elsewhere classified,other,ANZSRC-recognized research subject-area retrieval anchor
CF-450501,ANZ-450501,Aboriginal and Torres Strait Islander accounting,other,ANZSRC-recognized research subject-area retrieval anchor
CF-450502,ANZ-450502,Aboriginal and Torres Strait Islander anthropology,other,ANZSRC-recognized research subject-area retrieval anchor
CF-450503,ANZ-450503,Aboriginal and Torres Strait Islander architecture,other,ANZSRC-recognized research subject-area retrieval anchor
CF-450504,ANZ-450504,Aboriginal and Torres Strait Islander commerce,other,ANZSRC-recognized research subject-area retrieval anchor
CF-450505,ANZ-450505,Aboriginal and Torres Strait Islander community and regional development,other,ANZSRC-recognized research subject-area retrieval anchor
CF-450506,ANZ-450506,Aboriginal and Torres Strait Islander community governance and decision making,other,ANZSRC-recognized research subject-area retrieval anchor
CF-450507,ANZ-450507,Aboriginal and Torres Strait Islander community-based research,other,ANZSRC-recognized research subject-area retrieval anchor
CF-450508,ANZ-450508,Aboriginal and Torres Strait Islander criminology,other,ANZSRC-recognized research subject-area retrieval anchor
CF-450509,ANZ-450509,Aboriginal and Torres Strait Islander customary law,other,ANZSRC-recognized research subject-area retrieval anchor
CF-450510,ANZ-450510,Aboriginal and Torres Strait Islander design practice and management,other,ANZSRC-recognized research subject-area retrieval anchor
CF-450511,ANZ-450511,Aboriginal and Torres Strait Islander economics,other,ANZSRC-recognized research subject-area retrieval anchor
CF-450512,ANZ-450512,Aboriginal and Torres Strait Islander finance,other,ANZSRC-recognized research subject-area retrieval anchor
CF-450513,ANZ-450513,Aboriginal and Torres Strait Islander human geography and demography,other,ANZSRC-recognized research subject-area retrieval anchor
CF-450514,ANZ-450514,Aboriginal and Torres Strait Islander legislation,other,ANZSRC-recognized research subject-area retrieval anchor
CF-450515,ANZ-450515,Aboriginal and Torres Strait Islander management,other,ANZSRC-recognized research subject-area retrieval anchor
CF-450516,ANZ-450516,Aboriginal and Torres Strait Islander marketing,other,ANZSRC-recognized research subject-area retrieval anchor
CF-450517,ANZ-450517,Aboriginal and Torres Strait Islander not-for-profit social enterprises,other,ANZSRC-recognized research subject-area retrieval anchor
CF-450518,ANZ-450518,Aboriginal and Torres Strait Islander peoples and the law,other,ANZSRC-recognized research subject-area retrieval anchor
CF-450519,ANZ-450519,Aboriginal and Torres Strait Islander perspectives,other,ANZSRC-recognized research subject-area retrieval anchor
CF-450520,ANZ-450520,Aboriginal and Torres Strait Islander political participation and representation,other,ANZSRC-recognized research subject-area retrieval anchor
CF-450521,ANZ-450521,Aboriginal and Torres Strait Islander politics,other,ANZSRC-recognized research subject-area retrieval anchor
CF-450522,ANZ-450522,Aboriginal and Torres Strait Islander social impact and program evaluation,other,ANZSRC-recognized research subject-area retrieval anchor
CF-450523,ANZ-450523,Aboriginal and Torres Strait Islander social work and social justice,other,ANZSRC-recognized research subject-area retrieval anchor
CF-450524,ANZ-450524,Aboriginal and Torres Strait Islander sociological studies,other,ANZSRC-recognized research subject-area retrieval anchor
CF-450525,ANZ-450525,Aboriginal and Torres Strait Islander sociology,other,ANZSRC-recognized research subject-area retrieval anchor
CF-450526,ANZ-450526,Aboriginal and Torres Strait Islander tourism,other,ANZSRC-recognized research subject-area retrieval anchor
CF-450527,ANZ-450527,Aboriginal and Torres Strait Islander urban and regional planning,other,ANZSRC-recognized research subject-area retrieval anchor
CF-450599,ANZ-450599,"Aboriginal and Torres Strait Islander peoples, society and community not elsewhere classified",other,ANZSRC-recognized research subject-area retrieval anchor
CF-450601,ANZ-450601,Aboriginal and Torres Strait Islander astronomy and cosmology,other,ANZSRC-recognized research subject-area retrieval anchor
CF-450602,ANZ-450602,Aboriginal and Torres Strait Islander biological sciences,other,ANZSRC-recognized research subject-area retrieval anchor
CF-450603,ANZ-450603,Aboriginal and Torres Strait Islander computing technology use and design,other,ANZSRC-recognized research subject-area retrieval anchor
CF-450604,ANZ-450604,Aboriginal and Torres Strait Islander engineering,other,ANZSRC-recognized research subject-area retrieval anchor
CF-450605,ANZ-450605,Aboriginal and Torres Strait Islander genomics,other,ANZSRC-recognized research subject-area retrieval anchor
CF-450606,ANZ-450606,Aboriginal and Torres Strait Islander information and knowledge management systems,other,ANZSRC-recognized research subject-area retrieval anchor
CF-450607,ANZ-450607,Aboriginal and Torres Strait Islander innovation,other,ANZSRC-recognized research subject-area retrieval anchor
CF-450608,ANZ-450608,Aboriginal and Torres Strait Islander knowledge management methods,other,ANZSRC-recognized research subject-area retrieval anchor
CF-450609,ANZ-450609,"Aboriginal and Torres Strait Islander mathematical, physical and chemical sciences (excl. astronomy and cosmology)",other,ANZSRC-recognized research subject-area retrieval anchor
CF-450699,ANZ-450699,Aboriginal and Torres Strait Islander sciences not elsewhere classified,other,ANZSRC-recognized research subject-area retrieval anchor
CF-450701,ANZ-450701,Te whāomoomo i te tuku ihotanga Māori (conservation of Māori heritage),other,ANZSRC-recognized research subject-area retrieval anchor
CF-450702,ANZ-450702,Te mana wahine (female status),other,ANZSRC-recognized research subject-area retrieval anchor
CF-450703,ANZ-450703,Te mana tāne (male status),other,ANZSRC-recognized research subject-area retrieval anchor
CF-450704,ANZ-450704,Te mātai whaipara Māori (Māori archaeology),other,ANZSRC-recognized research subject-area retrieval anchor
CF-450705,ANZ-450705,Ngā taonga Māori nō mua (Māori artefacts),other,ANZSRC-recognized research subject-area retrieval anchor
CF-450706,ANZ-450706,Te hītori ahurea Māori (Māori cultural history),other,ANZSRC-recognized research subject-area retrieval anchor
CF-450707,ANZ-450707,Te ahurea Māori (Māori culture),other,ANZSRC-recognized research subject-area retrieval anchor
CF-450708,ANZ-450708,"Ngā mātai kaitiaki, pūranga me ngā whare tongarewa o te Māori (Māori curatorial, archives and museum studies)",other,ANZSRC-recognized research subject-area retrieval anchor
CF-450709,ANZ-450709,Ngā matatika o te Māori (Māori ethics),other,ANZSRC-recognized research subject-area retrieval anchor
CF-450710,ANZ-450710,Te hītori Māori (Māori history),other,ANZSRC-recognized research subject-area retrieval anchor
CF-450711,ANZ-450711,"Te whenua, ahurea me te tuakiri o te Māori (Māori land, culture and identity)",other,ANZSRC-recognized research subject-area retrieval anchor
CF-450712,ANZ-450712,Te mātai i te reo Māori me te reo Māori (Māori linguistics and languages),other,ANZSRC-recognized research subject-area retrieval anchor
CF-450713,ANZ-450713,"Te mātākōrero, te kawe kōrero me te tuhituhi ngaio o te Māori (Māori literature, journalism and professional writing)",other,ANZSRC-recognized research subject-area retrieval anchor
CF-450714,ANZ-450714,"Ngā arapāho, ngā kiriata, te hākoritanga me te hopu whakaahua o te Māori (Māori media, film, animation and photography)",other,ANZSRC-recognized research subject-area retrieval anchor
CF-450715,ANZ-450715,Te puoro me ngā mahi a te rēhia o te Māori (Māori music and performing arts),other,ANZSRC-recognized research subject-area retrieval anchor
CF-450716,ANZ-450716,Te rapunga whakaaro o te Māori (Māori philosophy),other,ANZSRC-recognized research subject-area retrieval anchor
CF-450717,ANZ-450717,Ngā Kaupapa Māori (Māori projects),other,ANZSRC-recognized research subject-area retrieval anchor
CF-450718,ANZ-450718,Te whakapono me te mātai whakapono o te Māori (Māori religion and religious studies),other,ANZSRC-recognized research subject-area retrieval anchor
CF-450719,ANZ-450719,Te whakahoki taonga a te Māori ki te kāinga (Māori repatriation),other,ANZSRC-recognized research subject-area retrieval anchor
CF-450720,ANZ-450720,Ngā tikanga rangahau o te Māori (Māori research methods),other,ANZSRC-recognized research subject-area retrieval anchor
CF-450721,ANZ-450721,Ngā toi ataata ngā mahi ā-rehe o te Māori (Māori visual arts and crafts),other,ANZSRC-recognized research subject-area retrieval anchor
CF-450799,ANZ-450799,"Te ahurea, reo, me te hītori o te Māori kāore anō kia whakarōpūtia i wāhi kē (Māori culture, language and history not elsewhere classified)",other,ANZSRC-recognized research subject-area retrieval anchor
CF-450801,ANZ-450801,Ngā kōhanga reo (Māori curriculum and pedagogy),other,ANZSRC-recognized research subject-area retrieval anchor
CF-450802,ANZ-450802,Te Whāriki - te mātauranga kōhungahunga Māori (Māori early childhood education),other,ANZSRC-recognized research subject-area retrieval anchor
CF-450803,ANZ-450803,Ngā tikanga mātauranga o te Māori (Māori educational methods),other,ANZSRC-recognized research subject-area retrieval anchor
CF-450804,ANZ-450804,Te mātauranga kura tuatoru Māori (Māori higher education),other,ANZSRC-recognized research subject-area retrieval anchor
CF-450805,ANZ-450805,Te mātauranga reo Māori (Māori language education),other,ANZSRC-recognized research subject-area retrieval anchor
CF-450806,ANZ-450806,Ngā kura kaupapa Māori (Māori primary education),other,ANZSRC-recognized research subject-area retrieval anchor
CF-450807,ANZ-450807,Te urupare me te whai wāhi Māori ki te mātauranga (Māori responsiveness and engaged education),other,ANZSRC-recognized research subject-area retrieval anchor
CF-450808,ANZ-450808,Te mātauranga kura tuarua Māori (Māori secondary education),other,ANZSRC-recognized research subject-area retrieval anchor
CF-450809,ANZ-450809,Te whai wāhi ākonga me ngā mahi whakaako o te Māori (Māori student engagement and teaching),other,ANZSRC-recognized research subject-area retrieval anchor
CF-450810,ANZ-450810,"Tō te Māori mātauranga hangarau, mātauranga atu anō, mātauranga haere tonu, me te mātauranga hapori (Māori technical, further, continuing and community education)",other,ANZSRC-recognized research subject-area retrieval anchor
CF-450811,ANZ-450811,Te mātauranga Māori i roto i te mātauranga (Mātauranga Māori in education),other,ANZSRC-recognized research subject-area retrieval anchor
CF-450899,ANZ-450899,Te mātauranga Māori kāore anō kia whakarōpūtia i wāhi kē (Māori education not elsewhere classified),other,ANZSRC-recognized research subject-area retrieval anchor
CF-450901,ANZ-450901,Te ahuwhenua me ngā mahi ngahere o te Māori (Māori agriculture and forestry),other,ANZSRC-recognized research subject-area retrieval anchor
CF-450902,ANZ-450902,Ngā pūtaiao-ā-nuku o te Māori (Māori earth sciences),other,ANZSRC-recognized research subject-area retrieval anchor
CF-450903,ANZ-450903,Te whāomoomo taiao o te Māori (Māori environmental conservation),other,ANZSRC-recognized research subject-area retrieval anchor
CF-450904,ANZ-450904,Ngā mātauranga taiao o te Māori (Māori environmental knowledges),other,ANZSRC-recognized research subject-area retrieval anchor
CF-450905,ANZ-450905,Te ahumoana me te ahumoana tuku iho o te Māori (Māori fisheries and customary fisheries),other,ANZSRC-recognized research subject-area retrieval anchor
CF-450906,ANZ-450906,Te whakahaere whenua me te wai o te Māori (Māori land and water management),other,ANZSRC-recognized research subject-area retrieval anchor
CF-450907,ANZ-450907,Te pūtaiao taiao moana o te Māori (Māori marine environment science),other,ANZSRC-recognized research subject-area retrieval anchor
CF-450999,ANZ-450999,Ngā mātauranga taiao o te Māori kāore anō kia whakarōpūtia i wāhi kē (Māori environmental knowledges not elsewhere classified),other,ANZSRC-recognized research subject-area retrieval anchor
CF-451001,ANZ-451001,Te whaikaha me te Māori (Māori and disability),other,ANZSRC-recognized research subject-area retrieval anchor
CF-451002,ANZ-451002,"Ngā pūtaiao koiora-hauora, haumanu hoki o te Māori (Māori biomedical and clinical sciences)",other,ANZSRC-recognized research subject-area retrieval anchor
CF-451003,ANZ-451003,Ngā tokoingoa ahurea o te hauora o te Māori (Māori cultural determinants of health),other,ANZSRC-recognized research subject-area retrieval anchor
CF-451004,ANZ-451004,Te horakai me ngā kai o te Māori (Māori diet and nutrition),other,ANZSRC-recognized research subject-area retrieval anchor
CF-451005,ANZ-451005,Te mātai tahumaero o te Māori (Māori epidemiology),other,ANZSRC-recognized research subject-area retrieval anchor
CF-451006,ANZ-451006,Ngā kaupapahere hauora o te Māori (Māori health policy),other,ANZSRC-recognized research subject-area retrieval anchor
CF-451007,ANZ-451007,Te whakatairanga hauora o te Māori (Māori health promotion),other,ANZSRC-recognized research subject-area retrieval anchor
CF-451008,ANZ-451008,Ngā wāhanga ora o te Māori (Māori life course),other,ANZSRC-recognized research subject-area retrieval anchor
CF-451009,ANZ-451009,Ngā rongoā me ngā whakamaimoa o te Māori (Māori medicine and treatments),other,ANZSRC-recognized research subject-area retrieval anchor
CF-451010,ANZ-451010,Ngā kaiwhakawhānau me te mātai mate tamariki o te Māori (Māori midwifery and paediatrics),other,ANZSRC-recognized research subject-area retrieval anchor
CF-451011,ANZ-451011,"Te hauora me te oranga ā-whaea, ā-pēpi o te Māori (Māori mothers and babies health and wellbeing)",other,ANZSRC-recognized research subject-area retrieval anchor
CF-451012,ANZ-451012,Te mahi tapuhi o te Māori (Māori nursing),other,ANZSRC-recognized research subject-area retrieval anchor
CF-451013,ANZ-451013,Mātauranga hinengaro kaupapa Māori (Māori psychology),other,ANZSRC-recognized research subject-area retrieval anchor
CF-451014,ANZ-451014,Ngā pūnaha mātauranga hinengaro o te Māori (Māori psychology knowledge systems),other,ANZSRC-recognized research subject-area retrieval anchor
CF-451015,ANZ-451015,Te hauora me te oranga tūmatanui o te Māori (Māori public health and wellbeing),other,ANZSRC-recognized research subject-area retrieval anchor
CF-451016,ANZ-451016,Te hauora mamao o te Māori (Māori remote health),other,ANZSRC-recognized research subject-area retrieval anchor
CF-451017,ANZ-451017,"Te oranga ā-pāpori, ā-hinengaro, ā-ahurea, ā-wairua o te Māori (Māori social, cultural, emotional and spiritual wellbeing)",other,ANZSRC-recognized research subject-area retrieval anchor
CF-451018,ANZ-451018,Ngā tokoingoa pāpori o te hauora o te Māori (Māori social determinants of health),other,ANZSRC-recognized research subject-area retrieval anchor
CF-451019,ANZ-451019,Ngā hākinakina me te korikori tinana o te Māori (Māori sport and physical activity),other,ANZSRC-recognized research subject-area retrieval anchor
CF-451020,ANZ-451020,Te ariā o ngā tauira panoni hauora o te Māori (Māori theory of change models for health),other,ANZSRC-recognized research subject-area retrieval anchor
CF-451021,ANZ-451021,Ngā taiohi me ngā whānau Māori (Māori youth and family),other,ANZSRC-recognized research subject-area retrieval anchor
CF-451099,ANZ-451099,Te hauora me te oranga o te Māori kāore anō kia whakarōpūhia i wāhi kē (Māori health and wellbeing not elsewhere classified),other,ANZSRC-recognized research subject-area retrieval anchor
CF-451101,ANZ-451101,Te mahi kaute o te Māori (Māori accounting),other,ANZSRC-recognized research subject-area retrieval anchor
CF-451102,ANZ-451102,Te mātauranga tikanga Māori (Māori anthropology),other,ANZSRC-recognized research subject-area retrieval anchor
CF-451103,ANZ-451103,Te hoahoanga whare o te Māori (Māori architecture),other,ANZSRC-recognized research subject-area retrieval anchor
CF-451104,ANZ-451104,Ngā mahi tauhokohoko o te Māori (Māori commerce),other,ANZSRC-recognized research subject-area retrieval anchor
CF-451105,ANZ-451105,"Te whanaketanga ā-hapori, ā-rohe o te Māori (Māori community and regional development)",other,ANZSRC-recognized research subject-area retrieval anchor
CF-451106,ANZ-451106,Te rangahau kei rō hapori o te Māori (Māori community-based research),other,ANZSRC-recognized research subject-area retrieval anchor
CF-451107,ANZ-451107,"Te kāwana ā-hapori, whakatau take hoki o te Māori (Māori community governance and decision making)",other,ANZSRC-recognized research subject-area retrieval anchor
CF-451108,ANZ-451108,Te mātauranga taihara Māori (Māori criminology),other,ANZSRC-recognized research subject-area retrieval anchor
CF-451109,ANZ-451109,Ngā tikanga Māori (Māori customary law),other,ANZSRC-recognized research subject-area retrieval anchor
CF-451110,ANZ-451110,Te whakaharatau me te whakahaere hoahoa o te Māori (Māori design practice and management),other,ANZSRC-recognized research subject-area retrieval anchor
CF-451111,ANZ-451111,Te mātauranga ōhanga o te Māori (Māori economics),other,ANZSRC-recognized research subject-area retrieval anchor
CF-451112,ANZ-451112,Te ahumoni Māori (Māori finance),other,ANZSRC-recognized research subject-area retrieval anchor
CF-451113,ANZ-451113,Te mātauranga matawhenua ā-iwi me te tatauranga ā-iwi o te Māori (Māori human geography and demography),other,ANZSRC-recognized research subject-area retrieval anchor
CF-451114,ANZ-451114,Te ture Whenua (Māori land law),other,ANZSRC-recognized research subject-area retrieval anchor
CF-451115,ANZ-451115,Te ture me te tika Māori (Māori law and justice),other,ANZSRC-recognized research subject-area retrieval anchor
CF-451116,ANZ-451116,Ngā ture Māori (Māori legislation),other,ANZSRC-recognized research subject-area retrieval anchor
CF-451117,ANZ-451117,Te whakahaere o te Māori (Māori management),other,ANZSRC-recognized research subject-area retrieval anchor
CF-451118,ANZ-451118,Te whakamākete o te Māori (Māori marketing),other,ANZSRC-recognized research subject-area retrieval anchor
CF-451119,ANZ-451119,Ngā hinonga pāpori kaupapa atawhai o te Māori (Māori not-for-profit social enterprises),other,ANZSRC-recognized research subject-area retrieval anchor
CF-451120,ANZ-451120,Ngā iwi Māori me te ture (Māori peoples and the law),other,ANZSRC-recognized research subject-area retrieval anchor
CF-451121,ANZ-451121,Ngā tirohanga Māori (Māori perspectives),other,ANZSRC-recognized research subject-area retrieval anchor
CF-451122,ANZ-451122,Te whai wāhi me te whakakanohi taha tōrāngapū o te Māori (Māori political participation and representation),other,ANZSRC-recognized research subject-area retrieval anchor
CF-451123,ANZ-451123,Ngā mahi tōrangapū Māori (Māori politics),other,ANZSRC-recognized research subject-area retrieval anchor
CF-451124,ANZ-451124,Ngā ture rawa Māori (Māori resource law),other,ANZSRC-recognized research subject-area retrieval anchor
CF-451125,ANZ-451125,Te pāpātanga pāpori me te aromātai hōtaka o te Māori (Māori social impact and program evaluation),other,ANZSRC-recognized research subject-area retrieval anchor
CF-451126,ANZ-451126,Ngā mahi tauwhiro me te tika pāpori o te Māori (Māori social work and social justice),other,ANZSRC-recognized research subject-area retrieval anchor
CF-451127,ANZ-451127,Ngā mātai tikanga ā-iwi o te Māori (Māori sociological studies),other,ANZSRC-recognized research subject-area retrieval anchor
CF-451128,ANZ-451128,Te mātauranga pāpori o te Māori (Māori sociology),other,ANZSRC-recognized research subject-area retrieval anchor
CF-451129,ANZ-451129,Te mahi tāpoi Māori (Māori tourism),other,ANZSRC-recognized research subject-area retrieval anchor
CF-451130,ANZ-451130,Te Tiriti o Waitangi (The Treaty of Waitangi),other,ANZSRC-recognized research subject-area retrieval anchor
CF-451131,ANZ-451131,"Te whakamahere ā-tāone, ā-rohe o te Māori (Māori urban and regional planning)",other,ANZSRC-recognized research subject-area retrieval anchor
CF-451199,ANZ-451199,"Ngā tāngata, te porihanga me ngā hapori o te Māori kāore anō kia whakarōpūtia i wāhi kē (Māori peoples, society and community not elsewhere classified)",other,ANZSRC-recognized research subject-area retrieval anchor
CF-451201,ANZ-451201,Te mātai arorangi me te mātai tuarangi o te Māori (Māori astronomy and cosmology),other,ANZSRC-recognized research subject-area retrieval anchor
CF-451202,ANZ-451202,Ngā pūtaiao koiora o te Māori (Māori biological sciences),other,ANZSRC-recognized research subject-area retrieval anchor
CF-451203,ANZ-451203,Te whakamahi me te hoahoa o te hangarau rorohiko o te Māori (Māori computing technology use and design),other,ANZSRC-recognized research subject-area retrieval anchor
CF-451204,ANZ-451204,Te mana motuhake o ngā raraunga Māori (Māori data sovereignty),other,ANZSRC-recognized research subject-area retrieval anchor
CF-451205,ANZ-451205,Te mātauranga pūkaha o te Māori (Māori engineering),other,ANZSRC-recognized research subject-area retrieval anchor
CF-451206,ANZ-451206,Te mātai huingaira o te Māori (Māori genomics),other,ANZSRC-recognized research subject-area retrieval anchor
CF-451207,ANZ-451207,Ngā pūnaha whakahaere mōhiohio me te mātauranga o te Māori (Māori information and knowledge management systems),other,ANZSRC-recognized research subject-area retrieval anchor
CF-451208,ANZ-451208,Te wairua auaha o te Māori (Māori innovation),other,ANZSRC-recognized research subject-area retrieval anchor
CF-451209,ANZ-451209,Ngā tikanga whakahaere mōhiotanga Māori (Māori knowledge management methods),other,ANZSRC-recognized research subject-area retrieval anchor
CF-451210,ANZ-451210,"Ngā pūtaiao pāngarau, ōkiko, matū hoki - hāunga te mātai arorangi me te mātai tuarangi o te Māori (Māori mathematical, physical and chemical sciences - excl. astronomy and cosmology)",other,ANZSRC-recognized research subject-area retrieval anchor
CF-451211,ANZ-451211,Te tukatuka reo noa o te Māori (Māori natural language processing),other,ANZSRC-recognized research subject-area retrieval anchor
CF-451299,ANZ-451299,Ngā pūtaiao Māori kāore anō kia whakarōpūhia i wāhi kē (Māori sciences not elsewhere classified),other,ANZSRC-recognized research subject-area retrieval anchor
CF-451301,ANZ-451301,Archaeology of New Guinea and Pacific Islands (excl. New Zealand),other,ANZSRC-recognized research subject-area retrieval anchor
CF-451302,ANZ-451302,Conservation of Pacific Peoples heritage,other,ANZSRC-recognized research subject-area retrieval anchor
CF-451303,ANZ-451303,Pacific Peoples artefacts,other,ANZSRC-recognized research subject-area retrieval anchor
CF-451304,ANZ-451304,Pacific Peoples cultural history,other,ANZSRC-recognized research subject-area retrieval anchor
CF-451305,ANZ-451305,Pacific Peoples culture,other,ANZSRC-recognized research subject-area retrieval anchor
CF-451306,ANZ-451306,"Pacific Peoples curatorial, archives and museum studies",other,ANZSRC-recognized research subject-area retrieval anchor
CF-451307,ANZ-451307,Pacific Peoples ethics,other,ANZSRC-recognized research subject-area retrieval anchor
CF-451308,ANZ-451308,Pacific Peoples history,other,ANZSRC-recognized research subject-area retrieval anchor
CF-451309,ANZ-451309,"Pacific Peoples land, culture and identity",other,ANZSRC-recognized research subject-area retrieval anchor
CF-451310,ANZ-451310,Pacific Peoples linguistics and languages,other,ANZSRC-recognized research subject-area retrieval anchor
CF-451311,ANZ-451311,"Pacific Peoples literature, journalism and professional writing",other,ANZSRC-recognized research subject-area retrieval anchor
CF-451312,ANZ-451312,"Pacific Peoples media, film, animation and photography",other,ANZSRC-recognized research subject-area retrieval anchor
CF-451313,ANZ-451313,Pacific Peoples music and performing arts,other,ANZSRC-recognized research subject-area retrieval anchor
CF-451314,ANZ-451314,Pacific Peoples philosophy,other,ANZSRC-recognized research subject-area retrieval anchor
CF-451315,ANZ-451315,Pacific Peoples religion and religious studies,other,ANZSRC-recognized research subject-area retrieval anchor
CF-451316,ANZ-451316,Pacific Peoples repatriation,other,ANZSRC-recognized research subject-area retrieval anchor
CF-451317,ANZ-451317,Pacific Peoples research methods,other,ANZSRC-recognized research subject-area retrieval anchor
CF-451318,ANZ-451318,Pacific Peoples visual arts and crafts,other,ANZSRC-recognized research subject-area retrieval anchor
CF-451319,ANZ-451319,"Pacific Peoples ways of knowing, being and doing",other,ANZSRC-recognized research subject-area retrieval anchor
CF-451399,ANZ-451399,"Pacific Peoples culture, language and history not elsewhere classified",other,ANZSRC-recognized research subject-area retrieval anchor
CF-451401,ANZ-451401,Cultural responsiveness and working with Pacific Peoples communities education,other,ANZSRC-recognized research subject-area retrieval anchor
CF-451402,ANZ-451402,"Embedding Pacific Peoples knowledges, histories, culture, country, perspectives and ethics in education",other,ANZSRC-recognized research subject-area retrieval anchor
CF-451403,ANZ-451403,Pacific Peoples curriculum and pedagogy,other,ANZSRC-recognized research subject-area retrieval anchor
CF-451404,ANZ-451404,Pacific Peoples early childhood education,other,ANZSRC-recognized research subject-area retrieval anchor
CF-451405,ANZ-451405,Pacific Peoples educational methods,other,ANZSRC-recognized research subject-area retrieval anchor
CF-451406,ANZ-451406,"Pacific Peoples technical, further, continuing and community education",other,ANZSRC-recognized research subject-area retrieval anchor
CF-451407,ANZ-451407,Pacific Peoples higher education,other,ANZSRC-recognized research subject-area retrieval anchor
CF-451408,ANZ-451408,Pacific Peoples language education,other,ANZSRC-recognized research subject-area retrieval anchor
CF-451409,ANZ-451409,Pacific Peoples men’s education,other,ANZSRC-recognized research subject-area retrieval anchor
CF-451410,ANZ-451410,Pacific Peoples primary education,other,ANZSRC-recognized research subject-area retrieval anchor
CF-451411,ANZ-451411,Pacific Peoples secondary education,other,ANZSRC-recognized research subject-area retrieval anchor
CF-451412,ANZ-451412,Pacific Peoples student engagement and teaching,other,ANZSRC-recognized research subject-area retrieval anchor
CF-451413,ANZ-451413,Pacific Peoples women’s education,other,ANZSRC-recognized research subject-area retrieval anchor
CF-451499,ANZ-451499,Pacific Peoples education not elsewhere classified,other,ANZSRC-recognized research subject-area retrieval anchor
CF-451501,ANZ-451501,Pacific Peoples agriculture and forestry,other,ANZSRC-recognized research subject-area retrieval anchor
CF-451502,ANZ-451502,Pacific Peoples earth sciences,other,ANZSRC-recognized research subject-area retrieval anchor
CF-451503,ANZ-451503,Pacific Peoples environmental conservation,other,ANZSRC-recognized research subject-area retrieval anchor
CF-451504,ANZ-451504,Pacific Peoples environmental knowledges,other,ANZSRC-recognized research subject-area retrieval anchor
CF-451505,ANZ-451505,Pacific Peoples fisheries and customary fisheries,other,ANZSRC-recognized research subject-area retrieval anchor
CF-451506,ANZ-451506,Pacific Peoples land and water management,other,ANZSRC-recognized research subject-area retrieval anchor
CF-451507,ANZ-451507,Pacific Peoples marine environment science,other,ANZSRC-recognized research subject-area retrieval anchor
CF-451599,ANZ-451599,Pacific Peoples environmental knowledges not elsewhere classified,other,ANZSRC-recognized research subject-area retrieval anchor
CF-451601,ANZ-451601,Pacific Peoples and disability,other,ANZSRC-recognized research subject-area retrieval anchor
CF-451602,ANZ-451602,Pacific Peoples biomedical and clinical science,other,ANZSRC-recognized research subject-area retrieval anchor
CF-451603,ANZ-451603,Pacific Peoples cultural determinants of health,other,ANZSRC-recognized research subject-area retrieval anchor
CF-451604,ANZ-451604,Pacific Peoples diet and nutrition,other,ANZSRC-recognized research subject-area retrieval anchor
CF-451605,ANZ-451605,Pacific Peoples epidemiology,other,ANZSRC-recognized research subject-area retrieval anchor
CF-451606,ANZ-451606,Pacific Peoples health policy,other,ANZSRC-recognized research subject-area retrieval anchor
CF-451607,ANZ-451607,Pacific Peoples health promotion,other,ANZSRC-recognized research subject-area retrieval anchor
CF-451608,ANZ-451608,Pacific Peoples life course,other,ANZSRC-recognized research subject-area retrieval anchor
CF-451609,ANZ-451609,Pacific Peoples medicine and treatments,other,ANZSRC-recognized research subject-area retrieval anchor
CF-451610,ANZ-451610,Pacific Peoples midwifery and paediatrics,other,ANZSRC-recognized research subject-area retrieval anchor
CF-451611,ANZ-451611,Pacific Peoples mothers and babies health and wellbeing,other,ANZSRC-recognized research subject-area retrieval anchor
CF-451612,ANZ-451612,Pacific Peoples nursing,other,ANZSRC-recognized research subject-area retrieval anchor
CF-451613,ANZ-451613,Pacific Peoples psychology,other,ANZSRC-recognized research subject-area retrieval anchor
CF-451614,ANZ-451614,Pacific Peoples public health and wellbeing,other,ANZSRC-recognized research subject-area retrieval anchor
CF-451615,ANZ-451615,Pacific Peoples remote health,other,ANZSRC-recognized research subject-area retrieval anchor
CF-451616,ANZ-451616,Pacific Peoples social determinants of health,other,ANZSRC-recognized research subject-area retrieval anchor
CF-451617,ANZ-451617,"Pacific Peoples social, cultural, emotional and spiritual wellbeing",other,ANZSRC-recognized research subject-area retrieval anchor
CF-451618,ANZ-451618,Pacific Peoples sport and physical activity,other,ANZSRC-recognized research subject-area retrieval anchor
CF-451619,ANZ-451619,Pacific Peoples theory of change models for health,other,ANZSRC-recognized research subject-area retrieval anchor
CF-451620,ANZ-451620,Pacific Peoples youth and family,other,ANZSRC-recognized research subject-area retrieval anchor
CF-451699,ANZ-451699,Pacific Peoples health and wellbeing not elsewhere classified,other,ANZSRC-recognized research subject-area retrieval anchor
CF-451701,ANZ-451701,Pacific Peoples astronomy and cosmology,other,ANZSRC-recognized research subject-area retrieval anchor
CF-451702,ANZ-451702,Pacific Peoples biological sciences,other,ANZSRC-recognized research subject-area retrieval anchor
CF-451703,ANZ-451703,Pacific Peoples computing technology use and design,other,ANZSRC-recognized research subject-area retrieval anchor
CF-451704,ANZ-451704,Pacific Peoples engineering,other,ANZSRC-recognized research subject-area retrieval anchor
CF-451705,ANZ-451705,Pacific Peoples genomics,other,ANZSRC-recognized research subject-area retrieval anchor
CF-451706,ANZ-451706,Pacific Peoples information and knowledge management systems,other,ANZSRC-recognized research subject-area retrieval anchor
CF-451707,ANZ-451707,Pacific Peoples innovation,other,ANZSRC-recognized research subject-area retrieval anchor
CF-451708,ANZ-451708,Pacific Peoples knowledge management methods,other,ANZSRC-recognized research subject-area retrieval anchor
CF-451709,ANZ-451709,"Pacific Peoples mathematical, physical and chemical sciences (excl. astronomy and cosmology)",other,ANZSRC-recognized research subject-area retrieval anchor
CF-451799,ANZ-451799,Pacific Peoples sciences not elsewhere classified,other,ANZSRC-recognized research subject-area retrieval anchor
CF-451801,ANZ-451801,Pacific Peoples and the law,other,ANZSRC-recognized research subject-area retrieval anchor
CF-451802,ANZ-451802,Pacific Peoples anthropology,other,ANZSRC-recognized research subject-area retrieval anchor
CF-451803,ANZ-451803,Pacific Peoples architecture,other,ANZSRC-recognized research subject-area retrieval anchor
CF-451804,ANZ-451804,Pacific Peoples commerce,other,ANZSRC-recognized research subject-area retrieval anchor
CF-451805,ANZ-451805,Pacific Peoples community and regional development,other,ANZSRC-recognized research subject-area retrieval anchor
CF-451806,ANZ-451806,Pacific Peoples community governance and decision making,other,ANZSRC-recognized research subject-area retrieval anchor
CF-451807,ANZ-451807,Pacific Peoples community-based research,other,ANZSRC-recognized research subject-area retrieval anchor
CF-451808,ANZ-451808,Pacific Peoples criminology,other,ANZSRC-recognized research subject-area retrieval anchor
CF-451809,ANZ-451809,Pacific Peoples customary law,other,ANZSRC-recognized research subject-area retrieval anchor
CF-451810,ANZ-451810,Pacific Peoples design practice and management,other,ANZSRC-recognized research subject-area retrieval anchor
CF-451811,ANZ-451811,Pacific Peoples economics,other,ANZSRC-recognized research subject-area retrieval anchor
CF-451812,ANZ-451812,Pacific Peoples finance,other,ANZSRC-recognized research subject-area retrieval anchor
CF-451813,ANZ-451813,Pacific Peoples human geography and demography,other,ANZSRC-recognized research subject-area retrieval anchor
CF-451814,ANZ-451814,Pacific Peoples legislation,other,ANZSRC-recognized research subject-area retrieval anchor
CF-451815,ANZ-451815,Pacific Peoples management,other,ANZSRC-recognized research subject-area retrieval anchor
CF-451816,ANZ-451816,Pacific Peoples marketing,other,ANZSRC-recognized research subject-area retrieval anchor
CF-451817,ANZ-451817,Pacific Peoples not-for-profit social enterprises,other,ANZSRC-recognized research subject-area retrieval anchor
CF-451818,ANZ-451818,Pacific Peoples perspectives,other,ANZSRC-recognized research subject-area retrieval anchor
CF-451819,ANZ-451819,Pacific Peoples political participation and representation,other,ANZSRC-recognized research subject-area retrieval anchor
CF-451820,ANZ-451820,Pacific Peoples politics,other,ANZSRC-recognized research subject-area retrieval anchor
CF-451821,ANZ-451821,Pacific Peoples social impact and program evaluation,other,ANZSRC-recognized research subject-area retrieval anchor
CF-451822,ANZ-451822,Pacific Peoples social work and social justice,other,ANZSRC-recognized research subject-area retrieval anchor
CF-451823,ANZ-451823,Pacific Peoples sociological studies,other,ANZSRC-recognized research subject-area retrieval anchor
CF-451824,ANZ-451824,Pacific Peoples sociology,other,ANZSRC-recognized research subject-area retrieval anchor
CF-451825,ANZ-451825,Pacific Peoples tourism,other,ANZSRC-recognized research subject-area retrieval anchor
CF-451826,ANZ-451826,Pacific Peoples urban and regional planning,other,ANZSRC-recognized research subject-area retrieval anchor
CF-451899,ANZ-451899,"Pacific Peoples, society and community not elsewhere classified",other,ANZSRC-recognized research subject-area retrieval anchor
CF-451901,ANZ-451901,"Global Indigenous studies culture, language and history",other,ANZSRC-recognized research subject-area retrieval anchor
CF-451902,ANZ-451902,Global Indigenous studies environmental knowledges and management,other,ANZSRC-recognized research subject-area retrieval anchor
CF-451903,ANZ-451903,Global Indigenous studies health and wellbeing,other,ANZSRC-recognized research subject-area retrieval anchor
CF-451904,ANZ-451904,"Global Indigenous studies peoples, society and community",other,ANZSRC-recognized research subject-area retrieval anchor
CF-451905,ANZ-451905,Global Indigenous studies sciences,other,ANZSRC-recognized research subject-area retrieval anchor
CF-451906,ANZ-451906,Indigenous data and data technologies,other,ANZSRC-recognized research subject-area retrieval anchor
CF-451907,ANZ-451907,Indigenous methodologies,other,ANZSRC-recognized research subject-area retrieval anchor
CF-451999,ANZ-451999,"Other Indigenous data, methodologies and global Indigenous studies not elsewhere classified",other,ANZSRC-recognized research subject-area retrieval anchor
CF-459999,ANZ-459999,Other Indigenous studies not elsewhere classified,other,ANZSRC-recognized research subject-area retrieval anchor
CF-460101,ANZ-460101,Applications in arts and humanities,other,ANZSRC-recognized research subject-area retrieval anchor
CF-460102,ANZ-460102,Applications in health,other,ANZSRC-recognized research subject-area retrieval anchor
CF-460103,ANZ-460103,Applications in life sciences,other,ANZSRC-recognized research subject-area retrieval anchor
CF-460104,ANZ-460104,Applications in physical sciences,other,ANZSRC-recognized research subject-area retrieval anchor
CF-460105,ANZ-460105,Applications in social sciences and education,other,ANZSRC-recognized research subject-area retrieval anchor
CF-460106,ANZ-460106,Spatial data and applications,other,ANZSRC-recognized research subject-area retrieval anchor
CF-460199,ANZ-460199,Applied computing not elsewhere classified,other,ANZSRC-recognized research subject-area retrieval anchor
CF-460201,ANZ-460201,Artificial life and complex adaptive systems,other,ANZSRC-recognized research subject-area retrieval anchor
CF-460202,ANZ-460202,Autonomous agents and multiagent systems,other,ANZSRC-recognized research subject-area retrieval anchor
CF-460203,ANZ-460203,Evolutionary computation,other,ANZSRC-recognized research subject-area retrieval anchor
CF-460204,ANZ-460204,Fuzzy computation,other,ANZSRC-recognized research subject-area retrieval anchor
CF-460205,ANZ-460205,Intelligent robotics,other,ANZSRC-recognized research subject-area retrieval anchor
CF-460206,ANZ-460206,Knowledge representation and reasoning,other,ANZSRC-recognized research subject-area retrieval anchor
CF-460207,ANZ-460207,Modelling and simulation,other,ANZSRC-recognized research subject-area retrieval anchor
CF-460208,ANZ-460208,Natural language processing,other,ANZSRC-recognized research subject-area retrieval anchor
CF-460209,ANZ-460209,Planning and decision making,other,ANZSRC-recognized research subject-area retrieval anchor
CF-460210,ANZ-460210,Satisfiability and optimisation,other,ANZSRC-recognized research subject-area retrieval anchor
CF-460211,ANZ-460211,Speech production,other,ANZSRC-recognized research subject-area retrieval anchor
CF-460212,ANZ-460212,Speech recognition,other,ANZSRC-recognized research subject-area retrieval anchor
CF-460299,ANZ-460299,Artificial intelligence not elsewhere classified,other,ANZSRC-recognized research subject-area retrieval anchor
CF-460301,ANZ-460301,Active sensing,other,ANZSRC-recognized research subject-area retrieval anchor
CF-460302,ANZ-460302,Audio processing,other,ANZSRC-recognized research subject-area retrieval anchor
CF-460303,ANZ-460303,Computational imaging,other,ANZSRC-recognized research subject-area retrieval anchor
CF-460304,ANZ-460304,Computer vision,other,ANZSRC-recognized research subject-area retrieval anchor
CF-460305,ANZ-460305,Image and video coding,other,ANZSRC-recognized research subject-area retrieval anchor
CF-460306,ANZ-460306,Image processing,other,ANZSRC-recognized research subject-area retrieval anchor
CF-460307,ANZ-460307,Multimodal analysis and synthesis,other,ANZSRC-recognized research subject-area retrieval anchor
CF-460308,ANZ-460308,Pattern recognition,other,ANZSRC-recognized research subject-area retrieval anchor
CF-460309,ANZ-460309,Video processing,other,ANZSRC-recognized research subject-area retrieval anchor
CF-460399,ANZ-460399,Computer vision and multimedia computation not elsewhere classified,other,ANZSRC-recognized research subject-area retrieval anchor
CF-460401,ANZ-460401,Cryptography,other,ANZSRC-recognized research subject-area retrieval anchor
CF-460402,ANZ-460402,Data and information privacy,other,ANZSRC-recognized research subject-area retrieval anchor
CF-460403,ANZ-460403,Data security and protection,other,ANZSRC-recognized research subject-area retrieval anchor
CF-460404,ANZ-460404,Digital forensics,other,ANZSRC-recognized research subject-area retrieval anchor
CF-460405,ANZ-460405,Hardware security,other,ANZSRC-recognized research subject-area retrieval anchor
CF-460406,ANZ-460406,Software and application security,other,ANZSRC-recognized research subject-area retrieval anchor
CF-460407,ANZ-460407,System and network security,other,ANZSRC-recognized research subject-area retrieval anchor
CF-460499,ANZ-460499,Cybersecurity and privacy not elsewhere classified,other,ANZSRC-recognized research subject-area retrieval anchor
CF-460501,ANZ-460501,Data engineering and data science,other,ANZSRC-recognized research subject-area retrieval anchor
CF-460502,ANZ-460502,Data mining and knowledge discovery,other,ANZSRC-recognized research subject-area retrieval anchor
CF-460503,ANZ-460503,"Data models, storage and indexing",other,ANZSRC-recognized research subject-area retrieval anchor
CF-460504,ANZ-460504,Data quality,other,ANZSRC-recognized research subject-area retrieval anchor
CF-460505,ANZ-460505,Database systems,other,ANZSRC-recognized research subject-area retrieval anchor
CF-460506,ANZ-460506,"Graph, social and multimedia data",other,ANZSRC-recognized research subject-area retrieval anchor
CF-460507,ANZ-460507,Information extraction and fusion,other,ANZSRC-recognized research subject-area retrieval anchor
CF-460508,ANZ-460508,Information retrieval and web search,other,ANZSRC-recognized research subject-area retrieval anchor
CF-460509,ANZ-460509,Query processing and optimisation,other,ANZSRC-recognized research subject-area retrieval anchor
CF-460510,ANZ-460510,Recommender systems,other,ANZSRC-recognized research subject-area retrieval anchor
CF-460511,ANZ-460511,Stream and sensor data,other,ANZSRC-recognized research subject-area retrieval anchor
CF-460599,ANZ-460599,Data management and data science not elsewhere classified,other,ANZSRC-recognized research subject-area retrieval anchor
CF-460601,ANZ-460601,Cloud computing,other,ANZSRC-recognized research subject-area retrieval anchor
CF-460602,ANZ-460602,Concurrent/parallel systems and technologies,other,ANZSRC-recognized research subject-area retrieval anchor
CF-460603,ANZ-460603,Cyberphysical systems and internet of things,other,ANZSRC-recognized research subject-area retrieval anchor
CF-460604,ANZ-460604,Dependable systems,other,ANZSRC-recognized research subject-area retrieval anchor
CF-460605,ANZ-460605,Distributed systems and algorithms,other,ANZSRC-recognized research subject-area retrieval anchor
CF-460606,ANZ-460606,Energy-efficient computing,other,ANZSRC-recognized research subject-area retrieval anchor
CF-460607,ANZ-460607,High performance computing,other,ANZSRC-recognized research subject-area retrieval anchor
CF-460608,ANZ-460608,Mobile computing,other,ANZSRC-recognized research subject-area retrieval anchor
CF-460609,ANZ-460609,Networking and communications,other,ANZSRC-recognized research subject-area retrieval anchor
CF-460610,ANZ-460610,Operating systems,other,ANZSRC-recognized research subject-area retrieval anchor
CF-460611,ANZ-460611,Performance evaluation,other,ANZSRC-recognized research subject-area retrieval anchor
CF-460612,ANZ-460612,Service oriented computing,other,ANZSRC-recognized research subject-area retrieval anchor
CF-460699,ANZ-460699,Distributed computing and systems software not elsewhere classified,other,ANZSRC-recognized research subject-area retrieval anchor
CF-460701,ANZ-460701,Computer aided design,other,ANZSRC-recognized research subject-area retrieval anchor
CF-460702,ANZ-460702,Computer graphics,other,ANZSRC-recognized research subject-area retrieval anchor
CF-460703,ANZ-460703,Entertainment and gaming,other,ANZSRC-recognized research subject-area retrieval anchor
CF-460704,ANZ-460704,Interactive narrative,other,ANZSRC-recognized research subject-area retrieval anchor
CF-460705,ANZ-460705,Procedural content generation,other,ANZSRC-recognized research subject-area retrieval anchor
CF-460706,ANZ-460706,Serious games,other,ANZSRC-recognized research subject-area retrieval anchor
CF-460707,ANZ-460707,Sound and music computing,other,ANZSRC-recognized research subject-area retrieval anchor
CF-460708,ANZ-460708,Virtual and mixed reality,other,ANZSRC-recognized research subject-area retrieval anchor
CF-460799,ANZ-460799,"Graphics, augmented reality and games not elsewhere classified",other,ANZSRC-recognized research subject-area retrieval anchor
CF-460801,ANZ-460801,Accessible computing,other,ANZSRC-recognized research subject-area retrieval anchor
CF-460802,ANZ-460802,Affective computing,other,ANZSRC-recognized research subject-area retrieval anchor
CF-460803,ANZ-460803,Collaborative and social computing,other,ANZSRC-recognized research subject-area retrieval anchor
CF-460804,ANZ-460804,Computing education,other,ANZSRC-recognized research subject-area retrieval anchor
CF-460805,ANZ-460805,"Fairness, accountability, transparency, trust and ethics of computer systems",other,ANZSRC-recognized research subject-area retrieval anchor
CF-460806,ANZ-460806,Human-computer interaction,other,ANZSRC-recognized research subject-area retrieval anchor
CF-460807,ANZ-460807,Information visualisation,other,ANZSRC-recognized research subject-area retrieval anchor
CF-460808,ANZ-460808,Mixed initiative and human-in-the-loop,other,ANZSRC-recognized research subject-area retrieval anchor
CF-460809,ANZ-460809,Pervasive computing,other,ANZSRC-recognized research subject-area retrieval anchor
CF-460810,ANZ-460810,Social robotics,other,ANZSRC-recognized research subject-area retrieval anchor
CF-460899,ANZ-460899,Human-centred computing not elsewhere classified,other,ANZSRC-recognized research subject-area retrieval anchor
CF-460901,ANZ-460901,Business process management,other,ANZSRC-recognized research subject-area retrieval anchor
CF-460902,ANZ-460902,Decision support and group support systems,other,ANZSRC-recognized research subject-area retrieval anchor
CF-460903,ANZ-460903,"Information modelling, management and ontologies",other,ANZSRC-recognized research subject-area retrieval anchor
CF-460904,ANZ-460904,Information security management,other,ANZSRC-recognized research subject-area retrieval anchor
CF-460905,ANZ-460905,Information systems development methodologies and practice,other,ANZSRC-recognized research subject-area retrieval anchor
CF-460906,ANZ-460906,Information systems education,other,ANZSRC-recognized research subject-area retrieval anchor
CF-460907,ANZ-460907,Information systems for sustainable development and the public good,other,ANZSRC-recognized research subject-area retrieval anchor
CF-460908,ANZ-460908,Information systems organisation and management,other,ANZSRC-recognized research subject-area retrieval anchor
CF-460909,ANZ-460909,"Information systems philosophy, research methods and theory",other,ANZSRC-recognized research subject-area retrieval anchor
CF-460910,ANZ-460910,Information systems user experience design and development,other,ANZSRC-recognized research subject-area retrieval anchor
CF-460911,ANZ-460911,"Inter-organisational, extra-organisational and global information systems",other,ANZSRC-recognized research subject-area retrieval anchor
CF-460912,ANZ-460912,Knowledge and information management,other,ANZSRC-recognized research subject-area retrieval anchor
CF-460999,ANZ-460999,Information systems not elsewhere classified,other,ANZSRC-recognized research subject-area retrieval anchor
CF-461001,ANZ-461001,Digital curation and preservation,other,ANZSRC-recognized research subject-area retrieval anchor
CF-461002,ANZ-461002,Human information behaviour,other,ANZSRC-recognized research subject-area retrieval anchor
CF-461003,ANZ-461003,Human information interaction and retrieval,other,ANZSRC-recognized research subject-area retrieval anchor
CF-461004,ANZ-461004,"Information governance, policy and ethics",other,ANZSRC-recognized research subject-area retrieval anchor
CF-461005,ANZ-461005,Informetrics,other,ANZSRC-recognized research subject-area retrieval anchor
CF-461006,ANZ-461006,Library studies,other,ANZSRC-recognized research subject-area retrieval anchor
CF-461007,ANZ-461007,Open access,other,ANZSRC-recognized research subject-area retrieval anchor
CF-461008,ANZ-461008,Organisation of information and knowledge resources,other,ANZSRC-recognized research subject-area retrieval anchor
CF-461009,ANZ-461009,Recordkeeping informatics,other,ANZSRC-recognized research subject-area retrieval anchor
CF-461010,ANZ-461010,Social and community informatics,other,ANZSRC-recognized research subject-area retrieval anchor
CF-461099,ANZ-461099,Library and information studies not elsewhere classified,other,ANZSRC-recognized research subject-area retrieval anchor
CF-461101,ANZ-461101,Adversarial machine learning,other,ANZSRC-recognized research subject-area retrieval anchor
CF-461102,ANZ-461102,Context learning,other,ANZSRC-recognized research subject-area retrieval anchor
CF-461103,ANZ-461103,Deep learning,other,ANZSRC-recognized research subject-area retrieval anchor
CF-461104,ANZ-461104,Neural networks,other,ANZSRC-recognized research subject-area retrieval anchor
CF-461105,ANZ-461105,Reinforcement learning,other,ANZSRC-recognized research subject-area retrieval anchor
CF-461106,ANZ-461106,Semi- and unsupervised learning,other,ANZSRC-recognized research subject-area retrieval anchor
CF-461199,ANZ-461199,Machine learning not elsewhere classified,other,ANZSRC-recognized research subject-area retrieval anchor
CF-461201,ANZ-461201,Automated software engineering,other,ANZSRC-recognized research subject-area retrieval anchor
CF-461202,ANZ-461202,Empirical software engineering,other,ANZSRC-recognized research subject-area retrieval anchor
CF-461203,ANZ-461203,Formal methods for software,other,ANZSRC-recognized research subject-area retrieval anchor
CF-461204,ANZ-461204,Programming languages,other,ANZSRC-recognized research subject-area retrieval anchor
CF-461205,ANZ-461205,Requirements engineering,other,ANZSRC-recognized research subject-area retrieval anchor
CF-461206,ANZ-461206,Software architecture,other,ANZSRC-recognized research subject-area retrieval anchor
CF-461207,ANZ-461207,"Software quality, processes and metrics",other,ANZSRC-recognized research subject-area retrieval anchor
CF-461208,ANZ-461208,"Software testing, verification and validation",other,ANZSRC-recognized research subject-area retrieval anchor
CF-461299,ANZ-461299,Software engineering not elsewhere classified,other,ANZSRC-recognized research subject-area retrieval anchor
CF-461301,ANZ-461301,"Coding, information theory and compression",other,ANZSRC-recognized research subject-area retrieval anchor
CF-461302,ANZ-461302,Computational complexity and computability,other,ANZSRC-recognized research subject-area retrieval anchor
CF-461303,ANZ-461303,Computational logic and formal languages,other,ANZSRC-recognized research subject-area retrieval anchor
CF-461304,ANZ-461304,Concurrency theory,other,ANZSRC-recognized research subject-area retrieval anchor
CF-461305,ANZ-461305,Data structures and algorithms,other,ANZSRC-recognized research subject-area retrieval anchor
CF-461306,ANZ-461306,Numerical computation and mathematical software,other,ANZSRC-recognized research subject-area retrieval anchor
CF-461307,ANZ-461307,Quantum computation,other,ANZSRC-recognized research subject-area retrieval anchor
CF-461399,ANZ-461399,Theory of computation not elsewhere classified,other,ANZSRC-recognized research subject-area retrieval anchor
CF-469999,ANZ-469999,Other information and computing sciences not elsewhere classified,other,ANZSRC-recognized research subject-area retrieval anchor
CF-470101,ANZ-470101,Communication studies,other,ANZSRC-recognized research subject-area retrieval anchor
CF-470102,ANZ-470102,Communication technology and digital media studies,other,ANZSRC-recognized research subject-area retrieval anchor
CF-470103,ANZ-470103,Environmental communication,other,ANZSRC-recognized research subject-area retrieval anchor
CF-470104,ANZ-470104,International and development communication,other,ANZSRC-recognized research subject-area retrieval anchor
CF-470105,ANZ-470105,Journalism studies,other,ANZSRC-recognized research subject-area retrieval anchor
CF-470106,ANZ-470106,Media industry studies,other,ANZSRC-recognized research subject-area retrieval anchor
CF-470107,ANZ-470107,Media studies,other,ANZSRC-recognized research subject-area retrieval anchor
CF-470108,ANZ-470108,"Organisational, interpersonal and intercultural communication",other,ANZSRC-recognized research subject-area retrieval anchor
CF-470199,ANZ-470199,Communication and media studies not elsewhere classified,other,ANZSRC-recognized research subject-area retrieval anchor
CF-470201,ANZ-470201,Arts and cultural policy,other,ANZSRC-recognized research subject-area retrieval anchor
CF-470202,ANZ-470202,Asian cultural studies,other,ANZSRC-recognized research subject-area retrieval anchor
CF-470203,ANZ-470203,Consumption and everyday life,other,ANZSRC-recognized research subject-area retrieval anchor
CF-470204,ANZ-470204,Cultural and creative industries,other,ANZSRC-recognized research subject-area retrieval anchor
CF-470205,ANZ-470205,"Cultural studies of agriculture, food and wine",other,ANZSRC-recognized research subject-area retrieval anchor
CF-470206,ANZ-470206,Cultural studies of nation and region,other,ANZSRC-recognized research subject-area retrieval anchor
CF-470207,ANZ-470207,Cultural theory,other,ANZSRC-recognized research subject-area retrieval anchor
CF-470208,ANZ-470208,"Culture, representation and identity",other,ANZSRC-recognized research subject-area retrieval anchor
CF-470209,ANZ-470209,Environment and culture,other,ANZSRC-recognized research subject-area retrieval anchor
CF-470210,ANZ-470210,Globalisation and culture,other,ANZSRC-recognized research subject-area retrieval anchor
CF-470211,ANZ-470211,Migrant cultural studies,other,ANZSRC-recognized research subject-area retrieval anchor
CF-470212,ANZ-470212,"Multicultural, intercultural and cross-cultural studies",other,ANZSRC-recognized research subject-area retrieval anchor
CF-470213,ANZ-470213,Postcolonial studies,other,ANZSRC-recognized research subject-area retrieval anchor
CF-470214,ANZ-470214,Screen and media culture,other,ANZSRC-recognized research subject-area retrieval anchor
CF-470299,ANZ-470299,Cultural studies not elsewhere classified,other,ANZSRC-recognized research subject-area retrieval anchor
CF-470301,ANZ-470301,African languages,other,ANZSRC-recognized research subject-area retrieval anchor
CF-470302,ANZ-470302,Central and Eastern European languages (incl. Russian),other,ANZSRC-recognized research subject-area retrieval anchor
CF-470303,ANZ-470303,Chinese languages,other,ANZSRC-recognized research subject-area retrieval anchor
CF-470304,ANZ-470304,Comparative language studies,other,ANZSRC-recognized research subject-area retrieval anchor
CF-470305,ANZ-470305,Early English languages,other,ANZSRC-recognized research subject-area retrieval anchor
CF-470306,ANZ-470306,English as a second language,other,ANZSRC-recognized research subject-area retrieval anchor
CF-470307,ANZ-470307,English language,other,ANZSRC-recognized research subject-area retrieval anchor
CF-470308,ANZ-470308,French language,other,ANZSRC-recognized research subject-area retrieval anchor
CF-470309,ANZ-470309,German language,other,ANZSRC-recognized research subject-area retrieval anchor
CF-470310,ANZ-470310,Iberian languages,other,ANZSRC-recognized research subject-area retrieval anchor
CF-470311,ANZ-470311,Indian languages,other,ANZSRC-recognized research subject-area retrieval anchor
CF-470312,ANZ-470312,Indonesian languages,other,ANZSRC-recognized research subject-area retrieval anchor
CF-470313,ANZ-470313,Italian language,other,ANZSRC-recognized research subject-area retrieval anchor
CF-470314,ANZ-470314,Japanese language,other,ANZSRC-recognized research subject-area retrieval anchor
CF-470315,ANZ-470315,Korean language,other,ANZSRC-recognized research subject-area retrieval anchor
CF-470316,ANZ-470316,Latin and classical Greek languages,other,ANZSRC-recognized research subject-area retrieval anchor
CF-470317,ANZ-470317,Middle Eastern languages,other,ANZSRC-recognized research subject-area retrieval anchor
CF-470318,ANZ-470318,Other Asian languages (excl. South-East Asian),other,ANZSRC-recognized research subject-area retrieval anchor
CF-470319,ANZ-470319,Other European languages,other,ANZSRC-recognized research subject-area retrieval anchor
CF-470320,ANZ-470320,South-East Asian languages (excl. Indonesian),other,ANZSRC-recognized research subject-area retrieval anchor
CF-470321,ANZ-470321,Translation and interpretation studies,other,ANZSRC-recognized research subject-area retrieval anchor
CF-470399,ANZ-470399,Language studies not elsewhere classified,other,ANZSRC-recognized research subject-area retrieval anchor
CF-470401,ANZ-470401,Applied linguistics and educational linguistics,other,ANZSRC-recognized research subject-area retrieval anchor
CF-470402,ANZ-470402,Child language acquisition,other,ANZSRC-recognized research subject-area retrieval anchor
CF-470403,ANZ-470403,Computational linguistics,other,ANZSRC-recognized research subject-area retrieval anchor
CF-470404,ANZ-470404,Corpus linguistics,other,ANZSRC-recognized research subject-area retrieval anchor
CF-470405,ANZ-470405,Discourse and pragmatics,other,ANZSRC-recognized research subject-area retrieval anchor
CF-470406,ANZ-470406,"Historical, comparative and typological linguistics",other,ANZSRC-recognized research subject-area retrieval anchor
CF-470407,ANZ-470407,Language documentation and description,other,ANZSRC-recognized research subject-area retrieval anchor
CF-470408,ANZ-470408,Lexicography and semantics,other,ANZSRC-recognized research subject-area retrieval anchor
CF-470409,ANZ-470409,"Linguistic structures (incl. phonology, morphology and syntax)",other,ANZSRC-recognized research subject-area retrieval anchor
CF-470410,ANZ-470410,Phonetics and speech science,other,ANZSRC-recognized research subject-area retrieval anchor
CF-470411,ANZ-470411,Sociolinguistics,other,ANZSRC-recognized research subject-area retrieval anchor
CF-470499,ANZ-470499,Linguistics not elsewhere classified,other,ANZSRC-recognized research subject-area retrieval anchor
CF-470501,ANZ-470501,African literature,other,ANZSRC-recognized research subject-area retrieval anchor
CF-470502,ANZ-470502,Australian literature (excl. Aboriginal and Torres Strait Islander literature),other,ANZSRC-recognized research subject-area retrieval anchor
CF-470503,ANZ-470503,Book history,other,ANZSRC-recognized research subject-area retrieval anchor
CF-470504,ANZ-470504,British and Irish literature,other,ANZSRC-recognized research subject-area retrieval anchor
CF-470505,ANZ-470505,Central and Eastern European literature (incl. Russian),other,ANZSRC-recognized research subject-area retrieval anchor
CF-470506,ANZ-470506,Children's literature,other,ANZSRC-recognized research subject-area retrieval anchor
CF-470507,ANZ-470507,Comparative and transnational literature,other,ANZSRC-recognized research subject-area retrieval anchor
CF-470508,ANZ-470508,Digital literature,other,ANZSRC-recognized research subject-area retrieval anchor
CF-470509,ANZ-470509,Ecocriticism,other,ANZSRC-recognized research subject-area retrieval anchor
CF-470510,ANZ-470510,Indian literature,other,ANZSRC-recognized research subject-area retrieval anchor
CF-470511,ANZ-470511,Indonesian literature,other,ANZSRC-recognized research subject-area retrieval anchor
CF-470512,ANZ-470512,Korean literature,other,ANZSRC-recognized research subject-area retrieval anchor
CF-470513,ANZ-470513,Latin and classical Greek literature,other,ANZSRC-recognized research subject-area retrieval anchor
CF-470514,ANZ-470514,Literary theory,other,ANZSRC-recognized research subject-area retrieval anchor
CF-470515,ANZ-470515,Literature in Chinese,other,ANZSRC-recognized research subject-area retrieval anchor
CF-470516,ANZ-470516,Literature in French,other,ANZSRC-recognized research subject-area retrieval anchor
CF-470517,ANZ-470517,Literature in German,other,ANZSRC-recognized research subject-area retrieval anchor
CF-470518,ANZ-470518,Literature in Italian,other,ANZSRC-recognized research subject-area retrieval anchor
CF-470519,ANZ-470519,Literature in Japanese,other,ANZSRC-recognized research subject-area retrieval anchor
CF-470520,ANZ-470520,Literature in Spanish and Portuguese,other,ANZSRC-recognized research subject-area retrieval anchor
CF-470521,ANZ-470521,Middle Eastern literature,other,ANZSRC-recognized research subject-area retrieval anchor
CF-470522,ANZ-470522,New Zealand literature (excl. Māori literature),other,ANZSRC-recognized research subject-area retrieval anchor
CF-470523,ANZ-470523,North American literature,other,ANZSRC-recognized research subject-area retrieval anchor
CF-470524,ANZ-470524,Other Asian literature (excl. South-East Asian),other,ANZSRC-recognized research subject-area retrieval anchor
CF-470525,ANZ-470525,Other European literature,other,ANZSRC-recognized research subject-area retrieval anchor
CF-470526,ANZ-470526,Other literatures in English,other,ANZSRC-recognized research subject-area retrieval anchor
CF-470527,ANZ-470527,Popular and genre literature,other,ANZSRC-recognized research subject-area retrieval anchor
CF-470528,ANZ-470528,Print culture,other,ANZSRC-recognized research subject-area retrieval anchor
CF-470529,ANZ-470529,South-East Asian literature (excl. Indonesian),other,ANZSRC-recognized research subject-area retrieval anchor
CF-470530,ANZ-470530,Stylistics and textual analysis,other,ANZSRC-recognized research subject-area retrieval anchor
CF-470531,ANZ-470531,Young adult literature,other,ANZSRC-recognized research subject-area retrieval anchor
CF-470599,ANZ-470599,Literary studies not elsewhere classified,other,ANZSRC-recognized research subject-area retrieval anchor
CF-479999,ANZ-479999,"Other language, communication and culture not elsewhere classified",other,ANZSRC-recognized research subject-area retrieval anchor
CF-480101,ANZ-480101,"Banking, finance and securities law",other,ANZSRC-recognized research subject-area retrieval anchor
CF-480102,ANZ-480102,Commercial law,other,ANZSRC-recognized research subject-area retrieval anchor
CF-480103,ANZ-480103,Corporations and associations law,other,ANZSRC-recognized research subject-area retrieval anchor
CF-480104,ANZ-480104,Labour law,other,ANZSRC-recognized research subject-area retrieval anchor
CF-480105,ANZ-480105,Not-for-profit law,other,ANZSRC-recognized research subject-area retrieval anchor
CF-480106,ANZ-480106,Taxation law,other,ANZSRC-recognized research subject-area retrieval anchor
CF-480199,ANZ-480199,Commercial law not elsewhere classified,other,ANZSRC-recognized research subject-area retrieval anchor
CF-480201,ANZ-480201,Animal law,other,ANZSRC-recognized research subject-area retrieval anchor
CF-480202,ANZ-480202,Climate change law,other,ANZSRC-recognized research subject-area retrieval anchor
CF-480203,ANZ-480203,Environmental law,other,ANZSRC-recognized research subject-area retrieval anchor
CF-480204,ANZ-480204,"Mining, energy and natural resources law",other,ANZSRC-recognized research subject-area retrieval anchor
CF-480299,ANZ-480299,Environmental and resources law not elsewhere classified,other,ANZSRC-recognized research subject-area retrieval anchor
CF-480301,ANZ-480301,Asian and Pacific law,other,ANZSRC-recognized research subject-area retrieval anchor
CF-480302,ANZ-480302,Comparative law,other,ANZSRC-recognized research subject-area retrieval anchor
CF-480303,ANZ-480303,Conflict of laws (incl. private international law),other,ANZSRC-recognized research subject-area retrieval anchor
CF-480304,ANZ-480304,European Union law,other,ANZSRC-recognized research subject-area retrieval anchor
CF-480305,ANZ-480305,International arbitration,other,ANZSRC-recognized research subject-area retrieval anchor
CF-480306,ANZ-480306,International criminal law,other,ANZSRC-recognized research subject-area retrieval anchor
CF-480307,ANZ-480307,International humanitarian and human rights law,other,ANZSRC-recognized research subject-area retrieval anchor
CF-480308,ANZ-480308,International trade and investment law,other,ANZSRC-recognized research subject-area retrieval anchor
CF-480309,ANZ-480309,Ocean law and governance,other,ANZSRC-recognized research subject-area retrieval anchor
CF-480310,ANZ-480310,Public international law,other,ANZSRC-recognized research subject-area retrieval anchor
CF-480311,ANZ-480311,"Space, maritime and aviation law",other,ANZSRC-recognized research subject-area retrieval anchor
CF-480399,ANZ-480399,International and comparative law not elsewhere classified,other,ANZSRC-recognized research subject-area retrieval anchor
CF-480401,ANZ-480401,Criminal law,other,ANZSRC-recognized research subject-area retrieval anchor
CF-480402,ANZ-480402,Family law,other,ANZSRC-recognized research subject-area retrieval anchor
CF-480403,ANZ-480403,Law and humanities,other,ANZSRC-recognized research subject-area retrieval anchor
CF-480404,ANZ-480404,Law and religion,other,ANZSRC-recognized research subject-area retrieval anchor
CF-480405,ANZ-480405,Law and society and socio-legal research,other,ANZSRC-recognized research subject-area retrieval anchor
CF-480406,ANZ-480406,Law reform,other,ANZSRC-recognized research subject-area retrieval anchor
CF-480407,ANZ-480407,"Law, gender and sexuality (incl. feminist legal scholarship)",other,ANZSRC-recognized research subject-area retrieval anchor
CF-480408,ANZ-480408,"Law, science and technology",other,ANZSRC-recognized research subject-area retrieval anchor
CF-480409,ANZ-480409,Legal education,other,ANZSRC-recognized research subject-area retrieval anchor
CF-480410,ANZ-480410,"Legal theory, jurisprudence and legal interpretation",other,ANZSRC-recognized research subject-area retrieval anchor
CF-480411,ANZ-480411,Media and communication law,other,ANZSRC-recognized research subject-area retrieval anchor
CF-480412,ANZ-480412,Medical and health law,other,ANZSRC-recognized research subject-area retrieval anchor
CF-480413,ANZ-480413,"Race, ethnicity and law",other,ANZSRC-recognized research subject-area retrieval anchor
CF-480414,ANZ-480414,Sports law,other,ANZSRC-recognized research subject-area retrieval anchor
CF-480499,ANZ-480499,Law in context not elsewhere classified,other,ANZSRC-recognized research subject-area retrieval anchor
CF-480501,ANZ-480501,Access to justice,other,ANZSRC-recognized research subject-area retrieval anchor
CF-480502,ANZ-480502,Civil procedure,other,ANZSRC-recognized research subject-area retrieval anchor
CF-480503,ANZ-480503,Criminal procedure,other,ANZSRC-recognized research subject-area retrieval anchor
CF-480504,ANZ-480504,Legal institutions (incl. courts and justice systems),other,ANZSRC-recognized research subject-area retrieval anchor
CF-480505,ANZ-480505,"Legal practice, lawyering and the legal profession",other,ANZSRC-recognized research subject-area retrieval anchor
CF-480506,ANZ-480506,"Litigation, adjudication and dispute resolution",other,ANZSRC-recognized research subject-area retrieval anchor
CF-480507,ANZ-480507,Youth justice,other,ANZSRC-recognized research subject-area retrieval anchor
CF-480599,ANZ-480599,Legal systems not elsewhere classified,other,ANZSRC-recognized research subject-area retrieval anchor
CF-480601,ANZ-480601,Contract law,other,ANZSRC-recognized research subject-area retrieval anchor
CF-480602,ANZ-480602,Equity and trusts law,other,ANZSRC-recognized research subject-area retrieval anchor
CF-480603,ANZ-480603,Intellectual property law,other,ANZSRC-recognized research subject-area retrieval anchor
CF-480604,ANZ-480604,Property law (excl. intellectual property law),other,ANZSRC-recognized research subject-area retrieval anchor
CF-480605,ANZ-480605,Tort law,other,ANZSRC-recognized research subject-area retrieval anchor
CF-480699,ANZ-480699,Private law and civil obligations not elsewhere classified,other,ANZSRC-recognized research subject-area retrieval anchor
CF-480701,ANZ-480701,Administrative law,other,ANZSRC-recognized research subject-area retrieval anchor
CF-480702,ANZ-480702,Constitutional law,other,ANZSRC-recognized research subject-area retrieval anchor
CF-480703,ANZ-480703,Domestic human rights law,other,ANZSRC-recognized research subject-area retrieval anchor
CF-480704,ANZ-480704,"Migration, asylum and refugee law",other,ANZSRC-recognized research subject-area retrieval anchor
CF-480705,ANZ-480705,Military law and justice,other,ANZSRC-recognized research subject-area retrieval anchor
CF-480706,ANZ-480706,Privacy and data rights,other,ANZSRC-recognized research subject-area retrieval anchor
CF-480707,ANZ-480707,"Welfare, insurance, disability and social security law",other,ANZSRC-recognized research subject-area retrieval anchor
CF-480799,ANZ-480799,Public law not elsewhere classified,other,ANZSRC-recognized research subject-area retrieval anchor
CF-489999,ANZ-489999,Other law and legal studies not elsewhere classified,other,ANZSRC-recognized research subject-area retrieval anchor
CF-490101,ANZ-490101,Approximation theory and asymptotic methods,other,ANZSRC-recognized research subject-area retrieval anchor
CF-490102,ANZ-490102,Biological mathematics,other,ANZSRC-recognized research subject-area retrieval anchor
CF-490103,ANZ-490103,"Calculus of variations, mathematical aspects of systems theory and control theory",other,ANZSRC-recognized research subject-area retrieval anchor
CF-490104,ANZ-490104,Complex systems,other,ANZSRC-recognized research subject-area retrieval anchor
CF-490105,ANZ-490105,Dynamical systems in applications,other,ANZSRC-recognized research subject-area retrieval anchor
CF-490106,ANZ-490106,Financial mathematics,other,ANZSRC-recognized research subject-area retrieval anchor
CF-490107,ANZ-490107,Mathematical methods and special functions,other,ANZSRC-recognized research subject-area retrieval anchor
CF-490108,ANZ-490108,Operations research,other,ANZSRC-recognized research subject-area retrieval anchor
CF-490109,ANZ-490109,Theoretical and applied mechanics,other,ANZSRC-recognized research subject-area retrieval anchor
CF-490199,ANZ-490199,Applied mathematics not elsewhere classified,other,ANZSRC-recognized research subject-area retrieval anchor
CF-490201,ANZ-490201,Algebraic structures in mathematical physics,other,ANZSRC-recognized research subject-area retrieval anchor
CF-490202,ANZ-490202,Integrable systems (classical and quantum),other,ANZSRC-recognized research subject-area retrieval anchor
CF-490203,ANZ-490203,"Mathematical aspects of classical mechanics, quantum mechanics and quantum information theory",other,ANZSRC-recognized research subject-area retrieval anchor
CF-490204,ANZ-490204,Mathematical aspects of general relativity,other,ANZSRC-recognized research subject-area retrieval anchor
CF-490205,ANZ-490205,"Mathematical aspects of quantum and conformal field theory, quantum gravity and string theory",other,ANZSRC-recognized research subject-area retrieval anchor
CF-490206,ANZ-490206,"Statistical mechanics, physical combinatorics and mathematical aspects of condensed matter",other,ANZSRC-recognized research subject-area retrieval anchor
CF-490299,ANZ-490299,Mathematical physics not elsewhere classified,other,ANZSRC-recognized research subject-area retrieval anchor
CF-490301,ANZ-490301,Experimental mathematics,other,ANZSRC-recognized research subject-area retrieval anchor
CF-490302,ANZ-490302,Numerical analysis,other,ANZSRC-recognized research subject-area retrieval anchor
CF-490303,ANZ-490303,Numerical solution of differential and integral equations,other,ANZSRC-recognized research subject-area retrieval anchor
CF-490304,ANZ-490304,Optimisation,other,ANZSRC-recognized research subject-area retrieval anchor
CF-490399,ANZ-490399,Numerical and computational mathematics not elsewhere classified,other,ANZSRC-recognized research subject-area retrieval anchor
CF-490401,ANZ-490401,Algebra and number theory,other,ANZSRC-recognized research subject-area retrieval anchor
CF-490402,ANZ-490402,Algebraic and differential geometry,other,ANZSRC-recognized research subject-area retrieval anchor
CF-490403,ANZ-490403,"Category theory, k theory, homological algebra",other,ANZSRC-recognized research subject-area retrieval anchor
CF-490404,ANZ-490404,Combinatorics and discrete mathematics (excl. physical combinatorics),other,ANZSRC-recognized research subject-area retrieval anchor
CF-490405,ANZ-490405,Group theory and generalisations,other,ANZSRC-recognized research subject-area retrieval anchor
CF-490406,ANZ-490406,"Lie groups, harmonic and Fourier analysis",other,ANZSRC-recognized research subject-area retrieval anchor
CF-490407,ANZ-490407,"Mathematical logic, set theory, lattices and universal algebra",other,ANZSRC-recognized research subject-area retrieval anchor
CF-490408,ANZ-490408,Operator algebras and functional analysis,other,ANZSRC-recognized research subject-area retrieval anchor
CF-490409,ANZ-490409,"Ordinary differential equations, difference equations and dynamical systems",other,ANZSRC-recognized research subject-area retrieval anchor
CF-490410,ANZ-490410,Partial differential equations,other,ANZSRC-recognized research subject-area retrieval anchor
CF-490411,ANZ-490411,Real and complex functions (incl. several variables),other,ANZSRC-recognized research subject-area retrieval anchor
CF-490412,ANZ-490412,Topology,other,ANZSRC-recognized research subject-area retrieval anchor
CF-490499,ANZ-490499,Pure mathematics not elsewhere classified,other,ANZSRC-recognized research subject-area retrieval anchor
CF-490501,ANZ-490501,Applied statistics,other,ANZSRC-recognized research subject-area retrieval anchor
CF-490502,ANZ-490502,Biostatistics,other,ANZSRC-recognized research subject-area retrieval anchor
CF-490503,ANZ-490503,Computational statistics,other,ANZSRC-recognized research subject-area retrieval anchor
CF-490504,ANZ-490504,"Forensic evaluation, inference and statistics",other,ANZSRC-recognized research subject-area retrieval anchor
CF-490505,ANZ-490505,Large and complex data theory,other,ANZSRC-recognized research subject-area retrieval anchor
CF-490506,ANZ-490506,Probability theory,other,ANZSRC-recognized research subject-area retrieval anchor
CF-490507,ANZ-490507,Spatial statistics,other,ANZSRC-recognized research subject-area retrieval anchor
CF-490508,ANZ-490508,Statistical data science,other,ANZSRC-recognized research subject-area retrieval anchor
CF-490509,ANZ-490509,Statistical theory,other,ANZSRC-recognized research subject-area retrieval anchor
CF-490510,ANZ-490510,Stochastic analysis and modelling,other,ANZSRC-recognized research subject-area retrieval anchor
CF-490511,ANZ-490511,Time series and spatial modelling,other,ANZSRC-recognized research subject-area retrieval anchor
CF-490599,ANZ-490599,Statistics not elsewhere classified,other,ANZSRC-recognized research subject-area retrieval anchor
CF-499999,ANZ-499999,Other mathematical sciences not elsewhere classified,other,ANZSRC-recognized research subject-area retrieval anchor
CF-500101,ANZ-500101,Bioethics,other,ANZSRC-recognized research subject-area retrieval anchor
CF-500102,ANZ-500102,Business ethics,other,ANZSRC-recognized research subject-area retrieval anchor
CF-500103,ANZ-500103,Ethical use of new technology,other,ANZSRC-recognized research subject-area retrieval anchor
CF-500104,ANZ-500104,Human rights and justice issues (excl. law),other,ANZSRC-recognized research subject-area retrieval anchor
CF-500105,ANZ-500105,Legal ethics,other,ANZSRC-recognized research subject-area retrieval anchor
CF-500106,ANZ-500106,Medical ethics,other,ANZSRC-recognized research subject-area retrieval anchor
CF-500107,ANZ-500107,Professional ethics,other,ANZSRC-recognized research subject-area retrieval anchor
CF-500199,ANZ-500199,Applied ethics not elsewhere classified,other,ANZSRC-recognized research subject-area retrieval anchor
CF-500201,ANZ-500201,History and philosophy of engineering and technology,other,ANZSRC-recognized research subject-area retrieval anchor
CF-500202,ANZ-500202,History and philosophy of law and justice,other,ANZSRC-recognized research subject-area retrieval anchor
CF-500203,ANZ-500203,History and philosophy of medicine,other,ANZSRC-recognized research subject-area retrieval anchor
CF-500204,ANZ-500204,History and philosophy of science,other,ANZSRC-recognized research subject-area retrieval anchor
CF-500205,ANZ-500205,History and philosophy of the humanities,other,ANZSRC-recognized research subject-area retrieval anchor
CF-500206,ANZ-500206,History and philosophy of the social sciences,other,ANZSRC-recognized research subject-area retrieval anchor
CF-500207,ANZ-500207,History of ideas,other,ANZSRC-recognized research subject-area retrieval anchor
CF-500208,ANZ-500208,History of philosophy,other,ANZSRC-recognized research subject-area retrieval anchor
CF-500299,ANZ-500299,History and philosophy of specific fields not elsewhere classified,other,ANZSRC-recognized research subject-area retrieval anchor
CF-500301,ANZ-500301,Aesthetics,other,ANZSRC-recognized research subject-area retrieval anchor
CF-500302,ANZ-500302,Critical theory,other,ANZSRC-recognized research subject-area retrieval anchor
CF-500303,ANZ-500303,Decision theory,other,ANZSRC-recognized research subject-area retrieval anchor
CF-500304,ANZ-500304,Environmental philosophy,other,ANZSRC-recognized research subject-area retrieval anchor
CF-500305,ANZ-500305,Epistemology,other,ANZSRC-recognized research subject-area retrieval anchor
CF-500306,ANZ-500306,Ethical theory,other,ANZSRC-recognized research subject-area retrieval anchor
CF-500307,ANZ-500307,Hermeneutics,other,ANZSRC-recognized research subject-area retrieval anchor
CF-500308,ANZ-500308,Logic,other,ANZSRC-recognized research subject-area retrieval anchor
CF-500309,ANZ-500309,Metaphysics,other,ANZSRC-recognized research subject-area retrieval anchor
CF-500310,ANZ-500310,Phenomenology,other,ANZSRC-recognized research subject-area retrieval anchor
CF-500311,ANZ-500311,Philosophical psychology (incl. moral psychology and philosophy of action),other,ANZSRC-recognized research subject-area retrieval anchor
CF-500312,ANZ-500312,Philosophy of cognition,other,ANZSRC-recognized research subject-area retrieval anchor
CF-500313,ANZ-500313,Philosophy of gender,other,ANZSRC-recognized research subject-area retrieval anchor
CF-500314,ANZ-500314,Philosophy of language,other,ANZSRC-recognized research subject-area retrieval anchor
CF-500315,ANZ-500315,Philosophy of mind (excl. cognition),other,ANZSRC-recognized research subject-area retrieval anchor
CF-500316,ANZ-500316,Philosophy of religion,other,ANZSRC-recognized research subject-area retrieval anchor
CF-500317,ANZ-500317,Philosophy of science (excl. history and philosophy of specific fields),other,ANZSRC-recognized research subject-area retrieval anchor
CF-500318,ANZ-500318,Philosophy of specific cultures (incl. comparative philosophy),other,ANZSRC-recognized research subject-area retrieval anchor
CF-500319,ANZ-500319,Poststructuralism,other,ANZSRC-recognized research subject-area retrieval anchor
CF-500320,ANZ-500320,Psychoanalytic philosophy,other,ANZSRC-recognized research subject-area retrieval anchor
CF-500321,ANZ-500321,Social and political philosophy,other,ANZSRC-recognized research subject-area retrieval anchor
CF-500399,ANZ-500399,Philosophy not elsewhere classified,other,ANZSRC-recognized research subject-area retrieval anchor
CF-500401,ANZ-500401,Christian studies,other,ANZSRC-recognized research subject-area retrieval anchor
CF-500402,ANZ-500402,Comparative religious studies,other,ANZSRC-recognized research subject-area retrieval anchor
CF-500403,ANZ-500403,Islamic studies,other,ANZSRC-recognized research subject-area retrieval anchor
CF-500404,ANZ-500404,Jewish studies,other,ANZSRC-recognized research subject-area retrieval anchor
CF-500405,ANZ-500405,"Religion, society and culture",other,ANZSRC-recognized research subject-area retrieval anchor
CF-500406,ANZ-500406,Studies in eastern religious traditions,other,ANZSRC-recognized research subject-area retrieval anchor
CF-500407,ANZ-500407,"Studies in religious traditions (excl. Eastern, Jewish, Christian and Islamic traditions)",other,ANZSRC-recognized research subject-area retrieval anchor
CF-500499,ANZ-500499,Religious studies not elsewhere classified,other,ANZSRC-recognized research subject-area retrieval anchor
CF-500501,ANZ-500501,Theology,other,ANZSRC-recognized research subject-area retrieval anchor
CF-500599,ANZ-500599,Theology not elsewhere classified,other,ANZSRC-recognized research subject-area retrieval anchor
CF-509999,ANZ-509999,Other philosophy and religious studies not elsewhere classified,other,ANZSRC-recognized research subject-area retrieval anchor
CF-510101,ANZ-510101,Astrobiology,other,ANZSRC-recognized research subject-area retrieval anchor
CF-510102,ANZ-510102,Astronomical instrumentation,other,ANZSRC-recognized research subject-area retrieval anchor
CF-510103,ANZ-510103,Cosmology and extragalactic astronomy,other,ANZSRC-recognized research subject-area retrieval anchor
CF-510104,ANZ-510104,Galactic astronomy,other,ANZSRC-recognized research subject-area retrieval anchor
CF-510105,ANZ-510105,General relativity and gravitational waves,other,ANZSRC-recognized research subject-area retrieval anchor
CF-510106,ANZ-510106,High energy astrophysics and galactic cosmic rays,other,ANZSRC-recognized research subject-area retrieval anchor
CF-510107,ANZ-510107,Planetary science (excl. solar system and planetary geology),other,ANZSRC-recognized research subject-area retrieval anchor
CF-510108,ANZ-510108,Solar physics,other,ANZSRC-recognized research subject-area retrieval anchor
CF-510109,ANZ-510109,Stellar astronomy and planetary systems,other,ANZSRC-recognized research subject-area retrieval anchor
CF-510199,ANZ-510199,Astronomical sciences not elsewhere classified,other,ANZSRC-recognized research subject-area retrieval anchor
CF-510201,ANZ-510201,Atomic and molecular physics,other,ANZSRC-recognized research subject-area retrieval anchor
CF-510202,ANZ-510202,Lasers and quantum electronics,other,ANZSRC-recognized research subject-area retrieval anchor
CF-510203,ANZ-510203,Nonlinear optics and spectroscopy,other,ANZSRC-recognized research subject-area retrieval anchor
CF-510204,ANZ-510204,"Photonics, optoelectronics and optical communications",other,ANZSRC-recognized research subject-area retrieval anchor
CF-510205,ANZ-510205,Terahertz physics,other,ANZSRC-recognized research subject-area retrieval anchor
CF-510299,ANZ-510299,"Atomic, molecular and optical physics not elsewhere classified",other,ANZSRC-recognized research subject-area retrieval anchor
CF-510301,ANZ-510301,Acoustics and acoustical devices; waves,other,ANZSRC-recognized research subject-area retrieval anchor
CF-510302,ANZ-510302,Classical and physical optics,other,ANZSRC-recognized research subject-area retrieval anchor
CF-510303,ANZ-510303,Electrostatics and electrodynamics,other,ANZSRC-recognized research subject-area retrieval anchor
CF-510304,ANZ-510304,Thermodynamics and statistical physics,other,ANZSRC-recognized research subject-area retrieval anchor
CF-510399,ANZ-510399,Classical physics not elsewhere classified,other,ANZSRC-recognized research subject-area retrieval anchor
CF-510401,ANZ-510401,Condensed matter characterisation technique development,other,ANZSRC-recognized research subject-area retrieval anchor
CF-510402,ANZ-510402,Condensed matter imaging,other,ANZSRC-recognized research subject-area retrieval anchor
CF-510403,ANZ-510403,Condensed matter modelling and density functional theory,other,ANZSRC-recognized research subject-area retrieval anchor
CF-510404,ANZ-510404,Electronic and magnetic properties of condensed matter; superconductivity,other,ANZSRC-recognized research subject-area retrieval anchor
CF-510405,ANZ-510405,Soft condensed matter,other,ANZSRC-recognized research subject-area retrieval anchor
CF-510406,ANZ-510406,Structural properties of condensed matter,other,ANZSRC-recognized research subject-area retrieval anchor
CF-510407,ANZ-510407,Surface properties of condensed matter,other,ANZSRC-recognized research subject-area retrieval anchor
CF-510499,ANZ-510499,Condensed matter physics not elsewhere classified,other,ANZSRC-recognized research subject-area retrieval anchor
CF-510501,ANZ-510501,Biological physics,other,ANZSRC-recognized research subject-area retrieval anchor
CF-510502,ANZ-510502,Medical physics,other,ANZSRC-recognized research subject-area retrieval anchor
CF-510599,ANZ-510599,Medical and biological physics not elsewhere classified,other,ANZSRC-recognized research subject-area retrieval anchor
CF-510601,ANZ-510601,Nuclear physics,other,ANZSRC-recognized research subject-area retrieval anchor
CF-510602,ANZ-510602,Plasma physics; fusion plasmas; electrical discharges,other,ANZSRC-recognized research subject-area retrieval anchor
CF-510699,ANZ-510699,Nuclear and plasma physics not elsewhere classified,other,ANZSRC-recognized research subject-area retrieval anchor
CF-510701,ANZ-510701,Astroparticle physics and particle cosmology,other,ANZSRC-recognized research subject-area retrieval anchor
CF-510702,ANZ-510702,Field theory and string theory,other,ANZSRC-recognized research subject-area retrieval anchor
CF-510703,ANZ-510703,Particle physics,other,ANZSRC-recognized research subject-area retrieval anchor
CF-510799,ANZ-510799,Particle and high energy physics not elsewhere classified,other,ANZSRC-recognized research subject-area retrieval anchor
CF-510801,ANZ-510801,Degenerate quantum gases and atom optics,other,ANZSRC-recognized research subject-area retrieval anchor
CF-510802,ANZ-510802,Foundations of quantum mechanics,other,ANZSRC-recognized research subject-area retrieval anchor
CF-510803,ANZ-510803,"Quantum information, computation and communication",other,ANZSRC-recognized research subject-area retrieval anchor
CF-510804,ANZ-510804,Quantum optics and quantum optomechanics,other,ANZSRC-recognized research subject-area retrieval anchor
CF-510805,ANZ-510805,Quantum technologies,other,ANZSRC-recognized research subject-area retrieval anchor
CF-510899,ANZ-510899,Quantum physics not elsewhere classified,other,ANZSRC-recognized research subject-area retrieval anchor
CF-510901,ANZ-510901,Astrodynamics and space situational awareness,other,ANZSRC-recognized research subject-area retrieval anchor
CF-510902,ANZ-510902,Heliophysics and space weather,other,ANZSRC-recognized research subject-area retrieval anchor
CF-510903,ANZ-510903,"Mesospheric, thermospheric, ionospheric and magnetospheric physics",other,ANZSRC-recognized research subject-area retrieval anchor
CF-510904,ANZ-510904,Solar system energetic particles,other,ANZSRC-recognized research subject-area retrieval anchor
CF-510905,ANZ-510905,Solar system planetary science (excl. planetary geology),other,ANZSRC-recognized research subject-area retrieval anchor
CF-510906,ANZ-510906,Space instrumentation,other,ANZSRC-recognized research subject-area retrieval anchor
CF-510999,ANZ-510999,Space sciences not elsewhere classified,other,ANZSRC-recognized research subject-area retrieval anchor
CF-511001,ANZ-511001,Accelerators,other,ANZSRC-recognized research subject-area retrieval anchor
CF-511002,ANZ-511002,Instruments and techniques,other,ANZSRC-recognized research subject-area retrieval anchor
CF-511003,ANZ-511003,Synchrotrons,other,ANZSRC-recognized research subject-area retrieval anchor
CF-511099,ANZ-511099,Synchrotrons and accelerators not elsewhere classified,other,ANZSRC-recognized research subject-area retrieval anchor
CF-519901,ANZ-519901,Complex physical systems,other,ANZSRC-recognized research subject-area retrieval anchor
CF-519999,ANZ-519999,Other physical sciences not elsewhere classified,other,ANZSRC-recognized research subject-area retrieval anchor
CF-520101,ANZ-520101,Child and adolescent development,other,ANZSRC-recognized research subject-area retrieval anchor
CF-520102,ANZ-520102,Educational psychology,other,ANZSRC-recognized research subject-area retrieval anchor
CF-520103,ANZ-520103,Forensic psychology,other,ANZSRC-recognized research subject-area retrieval anchor
CF-520104,ANZ-520104,Industrial and organisational psychology (incl. human factors),other,ANZSRC-recognized research subject-area retrieval anchor
CF-520105,ANZ-520105,"Psychological methodology, design and analysis",other,ANZSRC-recognized research subject-area retrieval anchor
CF-520106,ANZ-520106,Psychology of ageing,other,ANZSRC-recognized research subject-area retrieval anchor
CF-520107,ANZ-520107,Sport and exercise psychology,other,ANZSRC-recognized research subject-area retrieval anchor
CF-520108,ANZ-520108,"Testing, assessment and psychometrics",other,ANZSRC-recognized research subject-area retrieval anchor
CF-520199,ANZ-520199,Applied and developmental psychology not elsewhere classified,other,ANZSRC-recognized research subject-area retrieval anchor
CF-520201,ANZ-520201,Behavioural genetics,other,ANZSRC-recognized research subject-area retrieval anchor
CF-520202,ANZ-520202,Behavioural neuroscience,other,ANZSRC-recognized research subject-area retrieval anchor
CF-520203,ANZ-520203,Cognitive neuroscience,other,ANZSRC-recognized research subject-area retrieval anchor
CF-520204,ANZ-520204,Evolutionary psychological studies,other,ANZSRC-recognized research subject-area retrieval anchor
CF-520205,ANZ-520205,Psychopharmacology,other,ANZSRC-recognized research subject-area retrieval anchor
CF-520206,ANZ-520206,Psychophysiology,other,ANZSRC-recognized research subject-area retrieval anchor
CF-520207,ANZ-520207,Social and affective neuroscience,other,ANZSRC-recognized research subject-area retrieval anchor
CF-520299,ANZ-520299,Biological psychology not elsewhere classified,other,ANZSRC-recognized research subject-area retrieval anchor
CF-520301,ANZ-520301,Clinical neuropsychology,other,ANZSRC-recognized research subject-area retrieval anchor
CF-520302,ANZ-520302,Clinical psychology,other,ANZSRC-recognized research subject-area retrieval anchor
CF-520303,ANZ-520303,Counselling psychology,other,ANZSRC-recognized research subject-area retrieval anchor
CF-520304,ANZ-520304,Health psychology,other,ANZSRC-recognized research subject-area retrieval anchor
CF-520399,ANZ-520399,Clinical and health psychology not elsewhere classified,other,ANZSRC-recognized research subject-area retrieval anchor
CF-520401,ANZ-520401,Cognition,other,ANZSRC-recognized research subject-area retrieval anchor
CF-520402,ANZ-520402,Decision making,other,ANZSRC-recognized research subject-area retrieval anchor
CF-520403,ANZ-520403,"Learning, motivation and emotion",other,ANZSRC-recognized research subject-area retrieval anchor
CF-520404,ANZ-520404,Memory and attention,other,ANZSRC-recognized research subject-area retrieval anchor
CF-520405,ANZ-520405,Psycholinguistics (incl. speech production and comprehension),other,ANZSRC-recognized research subject-area retrieval anchor
CF-520406,ANZ-520406,"Sensory processes, perception and performance",other,ANZSRC-recognized research subject-area retrieval anchor
CF-520499,ANZ-520499,Cognitive and computational psychology not elsewhere classified,other,ANZSRC-recognized research subject-area retrieval anchor
CF-520501,ANZ-520501,Community psychology,other,ANZSRC-recognized research subject-area retrieval anchor
CF-520502,ANZ-520502,Gender psychology,other,ANZSRC-recognized research subject-area retrieval anchor
CF-520503,ANZ-520503,Personality and individual differences,other,ANZSRC-recognized research subject-area retrieval anchor
CF-520504,ANZ-520504,Psychology of religion,other,ANZSRC-recognized research subject-area retrieval anchor
CF-520505,ANZ-520505,Social psychology,other,ANZSRC-recognized research subject-area retrieval anchor
CF-520599,ANZ-520599,Social and personality psychology not elsewhere classified,other,ANZSRC-recognized research subject-area retrieval anchor
CF-529999,ANZ-529999,Other psychology not elsewhere classified,other,ANZSRC-recognized research subject-area retrieval anchor
C000001,ANZ-3001,Agricultural biotechnology,other,Field-native retrieval concept derived from the ANZSRC group scaffold: Agricultural biotechnology.
C000002,ANZ-3002,"Agriculture, land and farm management",other,"Field-native retrieval concept derived from the ANZSRC group scaffold: Agriculture, land and farm management."
C000003,ANZ-3003,Animal production,process,Field-native retrieval concept derived from the ANZSRC group scaffold: Animal production.
C000004,ANZ-3004,Crop and pasture production,process,Field-native retrieval concept derived from the ANZSRC group scaffold: Crop and pasture production.
C000005,ANZ-3005,Fisheries sciences,other,Field-native retrieval concept derived from the ANZSRC group scaffold: Fisheries sciences.
C000006,ANZ-3006,Food sciences,other,Field-native retrieval concept derived from the ANZSRC group scaffold: Food sciences.
C000007,ANZ-3007,Forestry sciences,other,Field-native retrieval concept derived from the ANZSRC group scaffold: Forestry sciences.
C000008,ANZ-3008,Horticultural production,process,Field-native retrieval concept derived from the ANZSRC group scaffold: Horticultural production.
C000009,ANZ-3009,Veterinary sciences,other,Field-native retrieval concept derived from the ANZSRC group scaffold: Veterinary sciences.
C000010,ANZ-3099,"Other agricultural, veterinary and food sciences",other,"Field-native retrieval concept derived from the ANZSRC group scaffold: Other agricultural, veterinary and food sciences."
C000011,ANZ-3101,Biochemistry and cell biology,other,Field-native retrieval concept derived from the ANZSRC group scaffold: Biochemistry and cell biology.
C000012,ANZ-3102,Bioinformatics and computational biology,other,Field-native retrieval concept derived from the ANZSRC group scaffold: Bioinformatics and computational biology.
C000013,ANZ-3103,Ecology,other,Field-native retrieval concept derived from the ANZSRC group scaffold: Ecology.
C000014,ANZ-3104,Evolutionary biology,process,Field-native retrieval concept derived from the ANZSRC group scaffold: Evolutionary biology.
C000015,ANZ-3105,Genetics,other,Field-native retrieval concept derived from the ANZSRC group scaffold: Genetics.
C000016,ANZ-3106,Industrial biotechnology,other,Field-native retrieval concept derived from the ANZSRC group scaffold: Industrial biotechnology.
C000017,ANZ-3107,Microbiology,other,Field-native retrieval concept derived from the ANZSRC group scaffold: Microbiology.
C000018,ANZ-3108,Plant biology,other,Field-native retrieval concept derived from the ANZSRC group scaffold: Plant biology.
C000019,ANZ-3109,Zoology,other,Field-native retrieval concept derived from the ANZSRC group scaffold: Zoology.
C000020,ANZ-3199,Other biological sciences,other,Field-native retrieval concept derived from the ANZSRC group scaffold: Other biological sciences.
C000021,ANZ-3201,Cardiovascular medicine and haematology,other,Field-native retrieval concept derived from the ANZSRC group scaffold: Cardiovascular medicine and haematology.
C000022,ANZ-3202,Clinical sciences,other,Field-native retrieval concept derived from the ANZSRC group scaffold: Clinical sciences.
C000023,ANZ-3203,Dentistry,other,Field-native retrieval concept derived from the ANZSRC group scaffold: Dentistry.
C000024,ANZ-3204,Immunology,other,Field-native retrieval concept derived from the ANZSRC group scaffold: Immunology.
C000025,ANZ-3205,Medical biochemistry and metabolomics,other,Field-native retrieval concept derived from the ANZSRC group scaffold: Medical biochemistry and metabolomics.
C000026,ANZ-3206,Medical biotechnology,other,Field-native retrieval concept derived from the ANZSRC group scaffold: Medical biotechnology.
C000027,ANZ-3207,Medical microbiology,other,Field-native retrieval concept derived from the ANZSRC group scaffold: Medical microbiology.
C000028,ANZ-3208,Medical physiology,other,Field-native retrieval concept derived from the ANZSRC group scaffold: Medical physiology.
C000029,ANZ-3209,Neurosciences,other,Field-native retrieval concept derived from the ANZSRC group scaffold: Neurosciences.
C000030,ANZ-3210,Nutrition and dietetics,other,Field-native retrieval concept derived from the ANZSRC group scaffold: Nutrition and dietetics.
C000031,ANZ-3211,Oncology and carcinogenesis,other,Field-native retrieval concept derived from the ANZSRC group scaffold: Oncology and carcinogenesis.
C000032,ANZ-3212,Ophthalmology and optometry,other,Field-native retrieval concept derived from the ANZSRC group scaffold: Ophthalmology and optometry.
C000033,ANZ-3213,Paediatrics,other,Field-native retrieval concept derived from the ANZSRC group scaffold: Paediatrics.
C000034,ANZ-3214,Pharmacology and pharmaceutical sciences,other,Field-native retrieval concept derived from the ANZSRC group scaffold: Pharmacology and pharmaceutical sciences.
C000035,ANZ-3215,Reproductive medicine,other,Field-native retrieval concept derived from the ANZSRC group scaffold: Reproductive medicine.
C000036,ANZ-3299,Other biomedical and clinical sciences,other,Field-native retrieval concept derived from the ANZSRC group scaffold: Other biomedical and clinical sciences.
C000037,ANZ-3301,Architecture,other,Field-native retrieval concept derived from the ANZSRC group scaffold: Architecture.
C000038,ANZ-3302,Building,other,Field-native retrieval concept derived from the ANZSRC group scaffold: Building.
C000039,ANZ-3303,Design,method,Field-native retrieval concept derived from the ANZSRC group scaffold: Design.
C000040,ANZ-3304,Urban and regional planning,other,Field-native retrieval concept derived from the ANZSRC group scaffold: Urban and regional planning.
C000041,ANZ-3399,Other built environment and design,method,Field-native retrieval concept derived from the ANZSRC group scaffold: Other built environment and design.
C000042,ANZ-3401,Analytical chemistry,other,Field-native retrieval concept derived from the ANZSRC group scaffold: Analytical chemistry.
C000043,ANZ-3402,Inorganic chemistry,other,Field-native retrieval concept derived from the ANZSRC group scaffold: Inorganic chemistry.
C000044,ANZ-3403,Macromolecular and materials chemistry,other,Field-native retrieval concept derived from the ANZSRC group scaffold: Macromolecular and materials chemistry.
C000045,ANZ-3404,Medicinal and biomolecular chemistry,other,Field-native retrieval concept derived from the ANZSRC group scaffold: Medicinal and biomolecular chemistry.
C000046,ANZ-3405,Organic chemistry,other,Field-native retrieval concept derived from the ANZSRC group scaffold: Organic chemistry.
C000047,ANZ-3406,Physical chemistry,other,Field-native retrieval concept derived from the ANZSRC group scaffold: Physical chemistry.
C000048,ANZ-3407,Theoretical and computational chemistry,other,Field-native retrieval concept derived from the ANZSRC group scaffold: Theoretical and computational chemistry.
C000049,ANZ-3499,Other chemical sciences,other,Field-native retrieval concept derived from the ANZSRC group scaffold: Other chemical sciences.
C000050,ANZ-3501,"Accounting, auditing and accountability",other,"Field-native retrieval concept derived from the ANZSRC group scaffold: Accounting, auditing and accountability."
C000051,ANZ-3502,"Banking, finance and investment",other,"Field-native retrieval concept derived from the ANZSRC group scaffold: Banking, finance and investment."
C000052,ANZ-3503,Business systems in context,other,Field-native retrieval concept derived from the ANZSRC group scaffold: Business systems in context.
C000053,ANZ-3504,Commercial services,other,Field-native retrieval concept derived from the ANZSRC group scaffold: Commercial services.
C000054,ANZ-3505,Human resources and industrial relations,other,Field-native retrieval concept derived from the ANZSRC group scaffold: Human resources and industrial relations.
C000055,ANZ-3506,Marketing,other,Field-native retrieval concept derived from the ANZSRC group scaffold: Marketing.
C000056,ANZ-3507,"Strategy, management and organisational behaviour",other,"Field-native retrieval concept derived from the ANZSRC group scaffold: Strategy, management and organisational behaviour."
C000057,ANZ-3508,Tourism,other,Field-native retrieval concept derived from the ANZSRC group scaffold: Tourism.
C000058,ANZ-3509,"Transportation, logistics and supply chains",process,"Field-native retrieval concept derived from the ANZSRC group scaffold: Transportation, logistics and supply chains."
C000059,ANZ-3599,"Other commerce, management, tourism and services",other,"Field-native retrieval concept derived from the ANZSRC group scaffold: Other commerce, management, tourism and services."
C000060,ANZ-3601,"Art history, theory and criticism",theory,"Field-native retrieval concept derived from the ANZSRC group scaffold: Art history, theory and criticism."
C000061,ANZ-3602,Creative and professional writing,other,Field-native retrieval concept derived from the ANZSRC group scaffold: Creative and professional writing.
C000062,ANZ-3603,Music,other,Field-native retrieval concept derived from the ANZSRC group scaffold: Music.
C000063,ANZ-3604,Performing arts,other,Field-native retrieval concept derived from the ANZSRC group scaffold: Performing arts.
C000064,ANZ-3605,Screen and digital media,other,Field-native retrieval concept derived from the ANZSRC group scaffold: Screen and digital media.
C000065,ANZ-3606,Visual arts,other,Field-native retrieval concept derived from the ANZSRC group scaffold: Visual arts.
C000066,ANZ-3699,Other creative arts and writing,other,Field-native retrieval concept derived from the ANZSRC group scaffold: Other creative arts and writing.
C000067,ANZ-3701,Atmospheric sciences,other,Field-native retrieval concept derived from the ANZSRC group scaffold: Atmospheric sciences.
C000068,ANZ-3702,Climate change science,other,Field-native retrieval concept derived from the ANZSRC group scaffold: Climate change science.
C000069,ANZ-3703,Geochemistry,other,Field-native retrieval concept derived from the ANZSRC group scaffold: Geochemistry.
C000070,ANZ-3704,Geoinformatics,other,Field-native retrieval concept derived from the ANZSRC group scaffold: Geoinformatics.
C000071,ANZ-3705,Geology,other,Field-native retrieval concept derived from the ANZSRC group scaffold: Geology.
C000072,ANZ-3706,Geophysics,other,Field-native retrieval concept derived from the ANZSRC group scaffold: Geophysics.
C000073,ANZ-3707,Hydrology,other,Field-native retrieval concept derived from the ANZSRC group scaffold: Hydrology.
C000074,ANZ-3708,Oceanography,other,Field-native retrieval concept derived from the ANZSRC group scaffold: Oceanography.
C000075,ANZ-3709,Physical geography and environmental geoscience,other,Field-native retrieval concept derived from the ANZSRC group scaffold: Physical geography and environmental geoscience.
C000076,ANZ-3799,Other earth sciences,other,Field-native retrieval concept derived from the ANZSRC group scaffold: Other earth sciences.
C000077,ANZ-3801,Applied economics,other,Field-native retrieval concept derived from the ANZSRC group scaffold: Applied economics.
C000078,ANZ-3802,Econometrics,other,Field-native retrieval concept derived from the ANZSRC group scaffold: Econometrics.
C000079,ANZ-3803,Economic theory,theory,Field-native retrieval concept derived from the ANZSRC group scaffold: Economic theory.
C000080,ANZ-3899,Other economics,other,Field-native retrieval concept derived from the ANZSRC group scaffold: Other economics.
C000081,ANZ-3901,Curriculum and pedagogy,other,Field-native retrieval concept derived from the ANZSRC group scaffold: Curriculum and pedagogy.
C000082,ANZ-3902,"Education policy, sociology and philosophy",other,"Field-native retrieval concept derived from the ANZSRC group scaffold: Education policy, sociology and philosophy."
C000083,ANZ-3903,Education systems,other,Field-native retrieval concept derived from the ANZSRC group scaffold: Education systems.
C000084,ANZ-3904,Specialist studies in education,other,Field-native retrieval concept derived from the ANZSRC group scaffold: Specialist studies in education.
C000085,ANZ-3999,Other Education,other,Field-native retrieval concept derived from the ANZSRC group scaffold: Other Education.
C000086,ANZ-4001,Aerospace engineering,other,Field-native retrieval concept derived from the ANZSRC group scaffold: Aerospace engineering.
C000087,ANZ-4002,Automotive engineering,other,Field-native retrieval concept derived from the ANZSRC group scaffold: Automotive engineering.
C000088,ANZ-4003,Biomedical engineering,other,Field-native retrieval concept derived from the ANZSRC group scaffold: Biomedical engineering.
C000089,ANZ-4004,Chemical engineering,other,Field-native retrieval concept derived from the ANZSRC group scaffold: Chemical engineering.
C000090,ANZ-4005,Civil engineering,other,Field-native retrieval concept derived from the ANZSRC group scaffold: Civil engineering.
C000091,ANZ-4006,Communications engineering,other,Field-native retrieval concept derived from the ANZSRC group scaffold: Communications engineering.
C000092,ANZ-4007,"Control engineering, mechatronics and robotics",other,"Field-native retrieval concept derived from the ANZSRC group scaffold: Control engineering, mechatronics and robotics."
C000093,ANZ-4008,Electrical engineering,other,Field-native retrieval concept derived from the ANZSRC group scaffold: Electrical engineering.
C000094,ANZ-4009,"Electronics, sensors and digital hardware",other,"Field-native retrieval concept derived from the ANZSRC group scaffold: Electronics, sensors and digital hardware."
C000095,ANZ-4010,Engineering practice and education,other,Field-native retrieval concept derived from the ANZSRC group scaffold: Engineering practice and education.
C000096,ANZ-4011,Environmental engineering,other,Field-native retrieval concept derived from the ANZSRC group scaffold: Environmental engineering.
C000097,ANZ-4012,Fluid mechanics and thermal engineering,other,Field-native retrieval concept derived from the ANZSRC group scaffold: Fluid mechanics and thermal engineering.
C000098,ANZ-4013,Geomatic engineering,other,Field-native retrieval concept derived from the ANZSRC group scaffold: Geomatic engineering.
C000099,ANZ-4014,Manufacturing engineering,other,Field-native retrieval concept derived from the ANZSRC group scaffold: Manufacturing engineering.
C000100,ANZ-4015,Maritime engineering,other,Field-native retrieval concept derived from the ANZSRC group scaffold: Maritime engineering.
C000101,ANZ-4016,Materials engineering,other,Field-native retrieval concept derived from the ANZSRC group scaffold: Materials engineering.
C000102,ANZ-4017,Mechanical engineering,other,Field-native retrieval concept derived from the ANZSRC group scaffold: Mechanical engineering.
C000103,ANZ-4018,Nanotechnology,other,Field-native retrieval concept derived from the ANZSRC group scaffold: Nanotechnology.
C000104,ANZ-4019,Resources engineering and extractive metallurgy,other,Field-native retrieval concept derived from the ANZSRC group scaffold: Resources engineering and extractive metallurgy.
C000105,ANZ-4099,Other engineering,other,Field-native retrieval concept derived from the ANZSRC group scaffold: Other engineering.
C000106,ANZ-4101,Climate change impacts and adaptation,other,Field-native retrieval concept derived from the ANZSRC group scaffold: Climate change impacts and adaptation.
C000107,ANZ-4102,Ecological applications,other,Field-native retrieval concept derived from the ANZSRC group scaffold: Ecological applications.
C000108,ANZ-4103,Environmental biotechnology,other,Field-native retrieval concept derived from the ANZSRC group scaffold: Environmental biotechnology.
C000109,ANZ-4104,Environmental management,other,Field-native retrieval concept derived from the ANZSRC group scaffold: Environmental management.
C000110,ANZ-4105,Pollution and contamination,other,Field-native retrieval concept derived from the ANZSRC group scaffold: Pollution and contamination.
C000111,ANZ-4106,Soil sciences,other,Field-native retrieval concept derived from the ANZSRC group scaffold: Soil sciences.
C000112,ANZ-4199,Other environmental sciences,other,Field-native retrieval concept derived from the ANZSRC group scaffold: Other environmental sciences.
C000113,ANZ-4201,Allied health and rehabilitation science,other,Field-native retrieval concept derived from the ANZSRC group scaffold: Allied health and rehabilitation science.
C000114,ANZ-4202,Epidemiology,other,Field-native retrieval concept derived from the ANZSRC group scaffold: Epidemiology.
C000115,ANZ-4203,Health services and systems,other,Field-native retrieval concept derived from the ANZSRC group scaffold: Health services and systems.
C000116,ANZ-4204,Midwifery,other,Field-native retrieval concept derived from the ANZSRC group scaffold: Midwifery.
C000117,ANZ-4205,Nursing,other,Field-native retrieval concept derived from the ANZSRC group scaffold: Nursing.
C000118,ANZ-4206,Public health,other,Field-native retrieval concept derived from the ANZSRC group scaffold: Public health.
C000119,ANZ-4207,Sports science and exercise,other,Field-native retrieval concept derived from the ANZSRC group scaffold: Sports science and exercise.
C000120,ANZ-4208,"Traditional, complementary and integrative medicine",other,"Field-native retrieval concept derived from the ANZSRC group scaffold: Traditional, complementary and integrative medicine."
C000121,ANZ-4299,Other health sciences,other,Field-native retrieval concept derived from the ANZSRC group scaffold: Other health sciences.
C000122,ANZ-4301,Archaeology,other,Field-native retrieval concept derived from the ANZSRC group scaffold: Archaeology.
C000123,ANZ-4302,"Heritage, archive and museum studies",other,"Field-native retrieval concept derived from the ANZSRC group scaffold: Heritage, archive and museum studies."
C000124,ANZ-4303,Historical studies,other,Field-native retrieval concept derived from the ANZSRC group scaffold: Historical studies.
C000125,ANZ-4399,"Other history, heritage and archaeology",other,"Field-native retrieval concept derived from the ANZSRC group scaffold: Other history, heritage and archaeology."
C000126,ANZ-4401,Anthropology,other,Field-native retrieval concept derived from the ANZSRC group scaffold: Anthropology.
C000127,ANZ-4402,Criminology,other,Field-native retrieval concept derived from the ANZSRC group scaffold: Criminology.
C000128,ANZ-4403,Demography,other,Field-native retrieval concept derived from the ANZSRC group scaffold: Demography.
C000129,ANZ-4404,Development studies,process,Field-native retrieval concept derived from the ANZSRC group scaffold: Development studies.
C000130,ANZ-4405,Gender studies,other,Field-native retrieval concept derived from the ANZSRC group scaffold: Gender studies.
C000131,ANZ-4406,Human geography,other,Field-native retrieval concept derived from the ANZSRC group scaffold: Human geography.
C000132,ANZ-4407,Policy and administration,other,Field-native retrieval concept derived from the ANZSRC group scaffold: Policy and administration.
C000133,ANZ-4408,Political science,other,Field-native retrieval concept derived from the ANZSRC group scaffold: Political science.
C000134,ANZ-4409,Social work,other,Field-native retrieval concept derived from the ANZSRC group scaffold: Social work.
C000135,ANZ-4410,Sociology,other,Field-native retrieval concept derived from the ANZSRC group scaffold: Sociology.
C000136,ANZ-4499,Other human society,other,Field-native retrieval concept derived from the ANZSRC group scaffold: Other human society.
C000137,ANZ-4501,"Aboriginal and Torres Strait Islander culture, language and history",other,"Field-native retrieval concept derived from the ANZSRC group scaffold: Aboriginal and Torres Strait Islander culture, language and history."
C000138,ANZ-4502,Aboriginal and Torres Strait Islander education,other,Field-native retrieval concept derived from the ANZSRC group scaffold: Aboriginal and Torres Strait Islander education.
C000139,ANZ-4503,Aboriginal and Torres Strait Islander environmental knowledges and management,other,Field-native retrieval concept derived from the ANZSRC group scaffold: Aboriginal and Torres Strait Islander environmental knowledges and management.
C000140,ANZ-4504,Aboriginal and Torres Strait Islander health and wellbeing,other,Field-native retrieval concept derived from the ANZSRC group scaffold: Aboriginal and Torres Strait Islander health and wellbeing.
C000141,ANZ-4505,"Aboriginal and Torres Strait Islander peoples, society and community",other,"Field-native retrieval concept derived from the ANZSRC group scaffold: Aboriginal and Torres Strait Islander peoples, society and community."
C000142,ANZ-4506,Aboriginal and Torres Strait Islander sciences,other,Field-native retrieval concept derived from the ANZSRC group scaffold: Aboriginal and Torres Strait Islander sciences.
C000143,ANZ-4507,"Te ahurea, reo me te hītori o te Māori (Māori culture, language and history)",other,"Field-native retrieval concept derived from the ANZSRC group scaffold: Te ahurea, reo me te hītori o te Māori (Māori culture, language and history)."
C000144,ANZ-4508,Mātauranga Māori (Māori education),other,Field-native retrieval concept derived from the ANZSRC group scaffold: Mātauranga Māori (Māori education).
C000145,ANZ-4509,Ngā mātauranga taiao o te Māori (Māori environmental knowledges),other,Field-native retrieval concept derived from the ANZSRC group scaffold: Ngā mātauranga taiao o te Māori (Māori environmental knowledges).
C000146,ANZ-4510,Te hauora me te oranga o te Māori (Māori health and wellbeing),other,Field-native retrieval concept derived from the ANZSRC group scaffold: Te hauora me te oranga o te Māori (Māori health and wellbeing).
C000147,ANZ-4511,"Ngā tāngata, te porihanga me ngā hapori o te Māori (Māori peoples, society and community)",other,"Field-native retrieval concept derived from the ANZSRC group scaffold: Ngā tāngata, te porihanga me ngā hapori o te Māori (Māori peoples, society and community)."
C000148,ANZ-4512,Ngā pūtaiao Māori (Māori sciences),other,Field-native retrieval concept derived from the ANZSRC group scaffold: Ngā pūtaiao Māori (Māori sciences).
C000149,ANZ-4513,"Pacific Peoples culture, language and history",other,"Field-native retrieval concept derived from the ANZSRC group scaffold: Pacific Peoples culture, language and history."
C000150,ANZ-4514,Pacific Peoples education,other,Field-native retrieval concept derived from the ANZSRC group scaffold: Pacific Peoples education.
C000151,ANZ-4515,Pacific Peoples environmental knowledges,other,Field-native retrieval concept derived from the ANZSRC group scaffold: Pacific Peoples environmental knowledges.
C000152,ANZ-4516,Pacific Peoples health and wellbeing,other,Field-native retrieval concept derived from the ANZSRC group scaffold: Pacific Peoples health and wellbeing.
C000153,ANZ-4517,Pacific Peoples sciences,other,Field-native retrieval concept derived from the ANZSRC group scaffold: Pacific Peoples sciences.
C000154,ANZ-4518,Pacific Peoples society and community,other,Field-native retrieval concept derived from the ANZSRC group scaffold: Pacific Peoples society and community.
C000155,ANZ-4519,"Other Indigenous data, methodologies and global Indigenous studies",method,"Field-native retrieval concept derived from the ANZSRC group scaffold: Other Indigenous data, methodologies and global Indigenous studies."
C000156,ANZ-4599,Other Indigenous studies,other,Field-native retrieval concept derived from the ANZSRC group scaffold: Other Indigenous studies.
C000157,ANZ-4601,Applied computing,computational_concept,Field-native retrieval concept derived from the ANZSRC group scaffold: Applied computing.
C000158,ANZ-4602,Artificial intelligence,other,Field-native retrieval concept derived from the ANZSRC group scaffold: Artificial intelligence.
C000159,ANZ-4603,Computer vision and multimedia computation,computational_concept,Field-native retrieval concept derived from the ANZSRC group scaffold: Computer vision and multimedia computation.
C000160,ANZ-4604,Cybersecurity and privacy,other,Field-native retrieval concept derived from the ANZSRC group scaffold: Cybersecurity and privacy.
C000161,ANZ-4605,Data management and data science,other,Field-native retrieval concept derived from the ANZSRC group scaffold: Data management and data science.
C000162,ANZ-4606,Distributed computing and systems software,computational_concept,Field-native retrieval concept derived from the ANZSRC group scaffold: Distributed computing and systems software.
C000163,ANZ-4607,"Graphics, augmented reality and games",other,"Field-native retrieval concept derived from the ANZSRC group scaffold: Graphics, augmented reality and games."
C000164,ANZ-4608,Human-centred computing,computational_concept,Field-native retrieval concept derived from the ANZSRC group scaffold: Human-centred computing.
C000165,ANZ-4609,Information systems,other,Field-native retrieval concept derived from the ANZSRC group scaffold: Information systems.
C000166,ANZ-4610,Library and information studies,other,Field-native retrieval concept derived from the ANZSRC group scaffold: Library and information studies.
C000167,ANZ-4611,Machine learning,other,Field-native retrieval concept derived from the ANZSRC group scaffold: Machine learning.
C000168,ANZ-4612,Software engineering,computational_concept,Field-native retrieval concept derived from the ANZSRC group scaffold: Software engineering.
C000169,ANZ-4613,Theory of computation,theory,Field-native retrieval concept derived from the ANZSRC group scaffold: Theory of computation.
C000170,ANZ-4699,Other information and computing sciences,computational_concept,Field-native retrieval concept derived from the ANZSRC group scaffold: Other information and computing sciences.
C000171,ANZ-4701,Communication and media studies,other,Field-native retrieval concept derived from the ANZSRC group scaffold: Communication and media studies.
C000172,ANZ-4702,Cultural studies,other,Field-native retrieval concept derived from the ANZSRC group scaffold: Cultural studies.
C000173,ANZ-4703,Language studies,other,Field-native retrieval concept derived from the ANZSRC group scaffold: Language studies.
C000174,ANZ-4704,Linguistics,other,Field-native retrieval concept derived from the ANZSRC group scaffold: Linguistics.
C000175,ANZ-4705,Literary studies,other,Field-native retrieval concept derived from the ANZSRC group scaffold: Literary studies.
C000176,ANZ-4799,"Other language, communication and culture",other,"Field-native retrieval concept derived from the ANZSRC group scaffold: Other language, communication and culture."
C000177,ANZ-4801,Commercial law,other,Field-native retrieval concept derived from the ANZSRC group scaffold: Commercial law.
C000178,ANZ-4802,Environmental and resources law,other,Field-native retrieval concept derived from the ANZSRC group scaffold: Environmental and resources law.
C000179,ANZ-4803,International and comparative law,other,Field-native retrieval concept derived from the ANZSRC group scaffold: International and comparative law.
C000180,ANZ-4804,Law in context,other,Field-native retrieval concept derived from the ANZSRC group scaffold: Law in context.
C000181,ANZ-4805,Legal systems,other,Field-native retrieval concept derived from the ANZSRC group scaffold: Legal systems.
C000182,ANZ-4806,Private law and civil obligations,other,Field-native retrieval concept derived from the ANZSRC group scaffold: Private law and civil obligations.
C000183,ANZ-4807,Public law,other,Field-native retrieval concept derived from the ANZSRC group scaffold: Public law.
C000184,ANZ-4899,Other law and legal studies,other,Field-native retrieval concept derived from the ANZSRC group scaffold: Other law and legal studies.
C000185,ANZ-4901,Applied mathematics,other,Field-native retrieval concept derived from the ANZSRC group scaffold: Applied mathematics.
C000186,ANZ-4902,Mathematical physics,other,Field-native retrieval concept derived from the ANZSRC group scaffold: Mathematical physics.
C000187,ANZ-4903,Numerical and computational mathematics,other,Field-native retrieval concept derived from the ANZSRC group scaffold: Numerical and computational mathematics.
C000188,ANZ-4904,Pure mathematics,other,Field-native retrieval concept derived from the ANZSRC group scaffold: Pure mathematics.
C000189,ANZ-4905,Statistics,other,Field-native retrieval concept derived from the ANZSRC group scaffold: Statistics.
C000190,ANZ-4999,Other mathematical sciences,other,Field-native retrieval concept derived from the ANZSRC group scaffold: Other mathematical sciences.
C000191,ANZ-5001,Applied ethics,other,Field-native retrieval concept derived from the ANZSRC group scaffold: Applied ethics.
C000192,ANZ-5002,History and philosophy of specific fields,other,Field-native retrieval concept derived from the ANZSRC group scaffold: History and philosophy of specific fields.
C000193,ANZ-5003,Philosophy,other,Field-native retrieval concept derived from the ANZSRC group scaffold: Philosophy.
C000194,ANZ-5004,Religious studies,other,Field-native retrieval concept derived from the ANZSRC group scaffold: Religious studies.
C000195,ANZ-5005,Theology,other,Field-native retrieval concept derived from the ANZSRC group scaffold: Theology.
C000196,ANZ-5099,Other philosophy and religious studies,other,Field-native retrieval concept derived from the ANZSRC group scaffold: Other philosophy and religious studies.
C000197,ANZ-5101,Astronomical sciences,other,Field-native retrieval concept derived from the ANZSRC group scaffold: Astronomical sciences.
C000198,ANZ-5102,"Atomic, molecular and optical physics",other,"Field-native retrieval concept derived from the ANZSRC group scaffold: Atomic, molecular and optical physics."
C000199,ANZ-5103,Classical physics,other,Field-native retrieval concept derived from the ANZSRC group scaffold: Classical physics.
C000200,ANZ-5104,Condensed matter physics,other,Field-native retrieval concept derived from the ANZSRC group scaffold: Condensed matter physics.
C000201,ANZ-5105,Medical and biological physics,other,Field-native retrieval concept derived from the ANZSRC group scaffold: Medical and biological physics.
C000202,ANZ-5106,Nuclear and plasma physics,other,Field-native retrieval concept derived from the ANZSRC group scaffold: Nuclear and plasma physics.
C000203,ANZ-5107,Particle and high energy physics,other,Field-native retrieval concept derived from the ANZSRC group scaffold: Particle and high energy physics.
C000204,ANZ-5108,Quantum physics,other,Field-native retrieval concept derived from the ANZSRC group scaffold: Quantum physics.
C000205,ANZ-5109,Space sciences,other,Field-native retrieval concept derived from the ANZSRC group scaffold: Space sciences.
C000206,ANZ-5110,Synchrotrons and accelerators,other,Field-native retrieval concept derived from the ANZSRC group scaffold: Synchrotrons and accelerators.
C000207,ANZ-5199,Other physical sciences,other,Field-native retrieval concept derived from the ANZSRC group scaffold: Other physical sciences.
C000208,ANZ-5201,Applied and developmental psychology,process,Field-native retrieval concept derived from the ANZSRC group scaffold: Applied and developmental psychology.
C000209,ANZ-5202,Biological psychology,other,Field-native retrieval concept derived from the ANZSRC group scaffold: Biological psychology.
C000210,ANZ-5203,Clinical and health psychology,other,Field-native retrieval concept derived from the ANZSRC group scaffold: Clinical and health psychology.
C000211,ANZ-5204,Cognitive and computational psychology,other,Field-native retrieval concept derived from the ANZSRC group scaffold: Cognitive and computational psychology.
C000212,ANZ-5205,Social and personality psychology,other,Field-native retrieval concept derived from the ANZSRC group scaffold: Social and personality psychology.
C000213,ANZ-5299,Other psychology,other,Field-native retrieval concept derived from the ANZSRC group scaffold: Other psychology.
C000214,ANZ-300101,Agricultural biotechnology diagnostics (incl. biosensors),method,Field-native retrieval concept anchored to the ANZSRC field 300101: Agricultural biotechnology diagnostics (incl. biosensors).
C000215,ANZ-310101,Analytical biochemistry,other,Field-native retrieval concept anchored to the ANZSRC field 310101: Analytical biochemistry.
C000216,ANZ-320101,Cardiology (incl. cardiovascular diseases),other,Field-native retrieval concept anchored to the ANZSRC field 320101: Cardiology (incl. cardiovascular diseases).
C000217,ANZ-330101,Architectural computing and visualisation methods,method,Field-native retrieval concept anchored to the ANZSRC field 330101: Architectural computing and visualisation methods.
C000218,ANZ-340101,Analytical spectrometry,other,Field-native retrieval concept anchored to the ANZSRC field 340101: Analytical spectrometry.
C000219,ANZ-350101,Accounting theory and standards,theory,Field-native retrieval concept anchored to the ANZSRC field 350101: Accounting theory and standards.
C000220,ANZ-360101,Art criticism,other,Field-native retrieval concept anchored to the ANZSRC field 360101: Art criticism.
C000221,ANZ-370101,Adverse weather events,other,Field-native retrieval concept anchored to the ANZSRC field 370101: Adverse weather events.
C000222,ANZ-380101,Agricultural economics,other,Field-native retrieval concept anchored to the ANZSRC field 380101: Agricultural economics.
C000223,ANZ-390101,"Creative arts, media and communication curriculum and pedagogy",other,"Field-native retrieval concept anchored to the ANZSRC field 390101: Creative arts, media and communication curriculum and pedagogy."
C000224,ANZ-400101,Aerospace materials,other,Field-native retrieval concept anchored to the ANZSRC field 400101: Aerospace materials.
C000225,ANZ-410101,Carbon sequestration science,other,Field-native retrieval concept anchored to the ANZSRC field 410101: Carbon sequestration science.
C000226,ANZ-420101,Arts therapy,other,Field-native retrieval concept anchored to the ANZSRC field 420101: Arts therapy.
C000227,ANZ-430101,Archaeological science,other,Field-native retrieval concept anchored to the ANZSRC field 430101: Archaeological science.
C000228,ANZ-440101,Anthropology of development,process,Field-native retrieval concept anchored to the ANZSRC field 440101: Anthropology of development.
C000229,ANZ-450101,Aboriginal and Torres Strait Islander archaeology,other,Field-native retrieval concept anchored to the ANZSRC field 450101: Aboriginal and Torres Strait Islander archaeology.
C000230,ANZ-460101,Applications in arts and humanities,other,Field-native retrieval concept anchored to the ANZSRC field 460101: Applications in arts and humanities.
C000231,ANZ-470101,Communication studies,other,Field-native retrieval concept anchored to the ANZSRC field 470101: Communication studies.
C000232,ANZ-480101,"Banking, finance and securities law",other,"Field-native retrieval concept anchored to the ANZSRC field 480101: Banking, finance and securities law."
C000233,ANZ-490101,Approximation theory and asymptotic methods,theory,Field-native retrieval concept anchored to the ANZSRC field 490101: Approximation theory and asymptotic methods.
C000234,ANZ-500101,Bioethics,other,Field-native retrieval concept anchored to the ANZSRC field 500101: Bioethics.
C000235,ANZ-510101,Astrobiology,other,Field-native retrieval concept anchored to the ANZSRC field 510101: Astrobiology.
C000236,ANZ-520101,Child and adolescent development,process,Field-native retrieval concept anchored to the ANZSRC field 520101: Child and adolescent development.
C000237,ANZ-300102,Agricultural marine biotechnology,other,Field-native retrieval concept anchored to the ANZSRC field 300102: Agricultural marine biotechnology.
C000238,ANZ-310102,"Cell development, proliferation and death",process,"Field-native retrieval concept anchored to the ANZSRC field 310102: Cell development, proliferation and death."
C000239,ANZ-320102,Haematology,other,Field-native retrieval concept anchored to the ANZSRC field 320102: Haematology.
C000240,ANZ-330102,Architectural design,method,Field-native retrieval concept anchored to the ANZSRC field 330102: Architectural design.
C000241,ANZ-340102,Bioassays,other,Field-native retrieval concept anchored to the ANZSRC field 340102: Bioassays.
C000242,ANZ-350102,Auditing and accountability,other,Field-native retrieval concept anchored to the ANZSRC field 350102: Auditing and accountability.
C000243,ANZ-360102,Art history,other,Field-native retrieval concept anchored to the ANZSRC field 360102: Art history.
C000244,ANZ-370102,Air pollution processes and air quality measurement,method,Field-native retrieval concept anchored to the ANZSRC field 370102: Air pollution processes and air quality measurement.
C000245,ANZ-380102,Behavioural economics,other,Field-native retrieval concept anchored to the ANZSRC field 380102: Behavioural economics.
C000246,ANZ-390102,Curriculum and pedagogy theory and development,theory,Field-native retrieval concept anchored to the ANZSRC field 390102: Curriculum and pedagogy theory and development.
C000247,ANZ-400102,Aerospace structures,other,Field-native retrieval concept anchored to the ANZSRC field 400102: Aerospace structures.
C000248,ANZ-410102,Ecological impacts of climate change and ecological adaptation,other,Field-native retrieval concept anchored to the ANZSRC field 410102: Ecological impacts of climate change and ecological adaptation.
C000249,ANZ-420102,Audiology,other,Field-native retrieval concept anchored to the ANZSRC field 420102: Audiology.
C000250,ANZ-430102,"Archaeology of Asia, Africa and the Americas",other,"Field-native retrieval concept anchored to the ANZSRC field 430102: Archaeology of Asia, Africa and the Americas."
C000251,ANZ-440102,Anthropology of gender and sexuality,other,Field-native retrieval concept anchored to the ANZSRC field 440102: Anthropology of gender and sexuality.
C000252,ANZ-450102,Aboriginal and Torres Strait Islander artefacts,other,Field-native retrieval concept anchored to the ANZSRC field 450102: Aboriginal and Torres Strait Islander artefacts.
C000253,ANZ-460102,Applications in health,other,Field-native retrieval concept anchored to the ANZSRC field 460102: Applications in health.
C000254,ANZ-470102,Communication technology and digital media studies,other,Field-native retrieval concept anchored to the ANZSRC field 470102: Communication technology and digital media studies.
C000255,ANZ-480102,Commercial law,other,Field-native retrieval concept anchored to the ANZSRC field 480102: Commercial law.
C000256,ANZ-490102,Biological mathematics,mathematical_structure,Field-native retrieval concept anchored to the ANZSRC field 490102: Biological mathematics.
C000257,ANZ-500102,Business ethics,other,Field-native retrieval concept anchored to the ANZSRC field 500102: Business ethics.
C000258,ANZ-510102,Astronomical instrumentation,other,Field-native retrieval concept anchored to the ANZSRC field 510102: Astronomical instrumentation.
C000259,ANZ-520102,Educational psychology,other,Field-native retrieval concept anchored to the ANZSRC field 520102: Educational psychology.
C000260,ANZ-300103,Agricultural molecular engineering of nucleic acids and proteins,other,Field-native retrieval concept anchored to the ANZSRC field 300103: Agricultural molecular engineering of nucleic acids and proteins.
C000261,ANZ-310103,Cell metabolism,process,Field-native retrieval concept anchored to the ANZSRC field 310103: Cell metabolism.
C000262,ANZ-320103,Respiratory diseases,other,Field-native retrieval concept anchored to the ANZSRC field 320103: Respiratory diseases.
C000263,ANZ-330103,Architectural heritage and conservation,other,Field-native retrieval concept anchored to the ANZSRC field 330103: Architectural heritage and conservation.
C000264,ANZ-340103,Electroanalytical chemistry,other,Field-native retrieval concept anchored to the ANZSRC field 340103: Electroanalytical chemistry.
C000265,ANZ-350103,Financial accounting,other,Field-native retrieval concept anchored to the ANZSRC field 350103: Financial accounting.
C000266,ANZ-360103,Art theory,theory,Field-native retrieval concept anchored to the ANZSRC field 360103: Art theory.
C000267,ANZ-370103,Atmospheric aerosols,other,Field-native retrieval concept anchored to the ANZSRC field 370103: Atmospheric aerosols.
C000268,ANZ-380103,Economic history,other,Field-native retrieval concept anchored to the ANZSRC field 380103: Economic history.
C000269,ANZ-390103,"Economics, business and management curriculum and pedagogy",other,"Field-native retrieval concept anchored to the ANZSRC field 390103: Economics, business and management curriculum and pedagogy."
C000270,ANZ-400103,Aircraft performance and flight control systems,other,Field-native retrieval concept anchored to the ANZSRC field 400103: Aircraft performance and flight control systems.
C000271,ANZ-410103,Human impacts of climate change and human adaptation,other,Field-native retrieval concept anchored to the ANZSRC field 410103: Human impacts of climate change and human adaptation.
C000272,ANZ-420103,Music therapy,other,Field-native retrieval concept anchored to the ANZSRC field 420103: Music therapy.
C000273,ANZ-430103,Archaeology of Australia (excl. Aboriginal and Torres Strait Islander),other,Field-native retrieval concept anchored to the ANZSRC field 430103: Archaeology of Australia (excl. Aboriginal and Torres Strait Islander).
C000274,ANZ-440103,Biological (physical) anthropology,other,Field-native retrieval concept anchored to the ANZSRC field 440103: Biological (physical) anthropology.
C000275,ANZ-450103,Aboriginal and Torres Strait Islander cultural history,other,Field-native retrieval concept anchored to the ANZSRC field 450103: Aboriginal and Torres Strait Islander cultural history.
C000276,ANZ-460103,Applications in life sciences,other,Field-native retrieval concept anchored to the ANZSRC field 460103: Applications in life sciences.
C000277,ANZ-470103,Environmental communication,other,Field-native retrieval concept anchored to the ANZSRC field 470103: Environmental communication.
C000278,ANZ-480103,Corporations and associations law,other,Field-native retrieval concept anchored to the ANZSRC field 480103: Corporations and associations law.
C000279,ANZ-490103,"Calculus of variations, mathematical aspects of systems theory and control theory",theory,"Field-native retrieval concept anchored to the ANZSRC field 490103: Calculus of variations, mathematical aspects of systems theory and control theory."
C000280,ANZ-500103,Ethical use of new technology,other,Field-native retrieval concept anchored to the ANZSRC field 500103: Ethical use of new technology.
C000281,ANZ-510103,Cosmology and extragalactic astronomy,other,Field-native retrieval concept anchored to the ANZSRC field 510103: Cosmology and extragalactic astronomy.
C000282,ANZ-520103,Forensic psychology,other,Field-native retrieval concept anchored to the ANZSRC field 520103: Forensic psychology.
C000283,ANZ-300104,Genetically modified animals,other,Field-native retrieval concept anchored to the ANZSRC field 300104: Genetically modified animals.
C000284,ANZ-310104,Cell neurochemistry,other,Field-native retrieval concept anchored to the ANZSRC field 310104: Cell neurochemistry.
C000285,ANZ-320201,Anaesthesiology,other,Field-native retrieval concept anchored to the ANZSRC field 320201: Anaesthesiology.
C000286,ANZ-330104,"Architectural history, theory and criticism",theory,"Field-native retrieval concept anchored to the ANZSRC field 330104: Architectural history, theory and criticism."
C000287,ANZ-340104,Flow analysis,method,Field-native retrieval concept anchored to the ANZSRC field 340104: Flow analysis.
C000288,ANZ-350104,International accounting,other,Field-native retrieval concept anchored to the ANZSRC field 350104: International accounting.
C000289,ANZ-360104,Visual cultures,other,Field-native retrieval concept anchored to the ANZSRC field 360104: Visual cultures.
C000290,ANZ-370104,"Atmospheric composition, chemistry and processes",process,"Field-native retrieval concept anchored to the ANZSRC field 370104: Atmospheric composition, chemistry and processes."
C000291,ANZ-380104,Economics of education,other,Field-native retrieval concept anchored to the ANZSRC field 380104: Economics of education.
C000292,ANZ-390104,"English and literacy curriculum and pedagogy (excl. LOTE, ESL and TESOL)",other,"Field-native retrieval concept anchored to the ANZSRC field 390104: English and literacy curriculum and pedagogy (excl. LOTE, ESL and TESOL)."
C000293,ANZ-400104,Avionics,other,Field-native retrieval concept anchored to the ANZSRC field 400104: Avionics.
C000294,ANZ-410201,Bioavailability and ecotoxicology,other,Field-native retrieval concept anchored to the ANZSRC field 410201: Bioavailability and ecotoxicology.
C000295,ANZ-420104,Occupational therapy,other,Field-native retrieval concept anchored to the ANZSRC field 420104: Occupational therapy.
C000296,ANZ-430104,"Archaeology of Europe, the Mediterranean and the Levant",other,"Field-native retrieval concept anchored to the ANZSRC field 430104: Archaeology of Europe, the Mediterranean and the Levant."
C000297,ANZ-440104,Environmental anthropology,other,Field-native retrieval concept anchored to the ANZSRC field 440104: Environmental anthropology.
C000298,ANZ-450104,Aboriginal and Torres Strait Islander culture,other,Field-native retrieval concept anchored to the ANZSRC field 450104: Aboriginal and Torres Strait Islander culture.
C000299,ANZ-460104,Applications in physical sciences,other,Field-native retrieval concept anchored to the ANZSRC field 460104: Applications in physical sciences.
C000300,ANZ-470104,International and development communication,process,Field-native retrieval concept anchored to the ANZSRC field 470104: International and development communication.
C000301,ANZ-480104,Labour law,other,Field-native retrieval concept anchored to the ANZSRC field 480104: Labour law.
C000302,ANZ-490104,Complex systems,other,Field-native retrieval concept anchored to the ANZSRC field 490104: Complex systems.
C000303,ANZ-500104,Human rights and justice issues (excl. law),other,Field-native retrieval concept anchored to the ANZSRC field 500104: Human rights and justice issues (excl. law).
C000304,ANZ-510104,Galactic astronomy,other,Field-native retrieval concept anchored to the ANZSRC field 510104: Galactic astronomy.
C000305,ANZ-520104,Industrial and organisational psychology (incl. human factors),other,Field-native retrieval concept anchored to the ANZSRC field 520104: Industrial and organisational psychology (incl. human factors).
C000306,ANZ-300105,Genetically modified field crops and pasture,other,Field-native retrieval concept anchored to the ANZSRC field 300105: Genetically modified field crops and pasture.
C000307,ANZ-310105,"Cellular interactions (incl. adhesion, matrix, cell wall)",other,"Field-native retrieval concept anchored to the ANZSRC field 310105: Cellular interactions (incl. adhesion, matrix, cell wall)."
C000308,ANZ-320202,Clinical chemistry (incl. diagnostics),method,Field-native retrieval concept anchored to the ANZSRC field 320202: Clinical chemistry (incl. diagnostics).
C000309,ANZ-330105,Architectural science and technology,other,Field-native retrieval concept anchored to the ANZSRC field 330105: Architectural science and technology.
C000310,ANZ-340105,Instrumental methods (excl. immunological and bioassay methods),method,Field-native retrieval concept anchored to the ANZSRC field 340105: Instrumental methods (excl. immunological and bioassay methods).
C000311,ANZ-350105,Management accounting,other,Field-native retrieval concept anchored to the ANZSRC field 350105: Management accounting.
C000312,ANZ-360201,Creative writing (incl. scriptwriting),other,Field-native retrieval concept anchored to the ANZSRC field 360201: Creative writing (incl. scriptwriting).
C000313,ANZ-370105,Atmospheric dynamics,other,Field-native retrieval concept anchored to the ANZSRC field 370105: Atmospheric dynamics.
C000314,ANZ-380105,Environment and resource economics,other,Field-native retrieval concept anchored to the ANZSRC field 380105: Environment and resource economics.
C000315,ANZ-390105,Environmental education curriculum and pedagogy,other,Field-native retrieval concept anchored to the ANZSRC field 390105: Environmental education curriculum and pedagogy.
C000316,ANZ-400105,Flight dynamics,other,Field-native retrieval concept anchored to the ANZSRC field 400105: Flight dynamics.
C000317,ANZ-410202,Biosecurity science and invasive species ecology,other,Field-native retrieval concept anchored to the ANZSRC field 410202: Biosecurity science and invasive species ecology.
C000318,ANZ-420105,Orthoptics,other,Field-native retrieval concept anchored to the ANZSRC field 420105: Orthoptics.
C000319,ANZ-430105,Archaeology of New Zealand (excl. Māori),other,Field-native retrieval concept anchored to the ANZSRC field 430105: Archaeology of New Zealand (excl. Māori).
C000320,ANZ-440105,Linguistic anthropology,other,Field-native retrieval concept anchored to the ANZSRC field 440105: Linguistic anthropology.
C000321,ANZ-450105,"Aboriginal and Torres Strait Islander curatorial, archives and museum studies",other,"Field-native retrieval concept anchored to the ANZSRC field 450105: Aboriginal and Torres Strait Islander curatorial, archives and museum studies."
C000322,ANZ-460105,Applications in social sciences and education,other,Field-native retrieval concept anchored to the ANZSRC field 460105: Applications in social sciences and education.
C000323,ANZ-470105,Journalism studies,other,Field-native retrieval concept anchored to the ANZSRC field 470105: Journalism studies.
C000324,ANZ-480105,Not-for-profit law,other,Field-native retrieval concept anchored to the ANZSRC field 480105: Not-for-profit law.
C000325,ANZ-490105,Dynamical systems in applications,other,Field-native retrieval concept anchored to the ANZSRC field 490105: Dynamical systems in applications.
C000326,ANZ-500105,Legal ethics,other,Field-native retrieval concept anchored to the ANZSRC field 500105: Legal ethics.
C000327,ANZ-510105,General relativity and gravitational waves,other,Field-native retrieval concept anchored to the ANZSRC field 510105: General relativity and gravitational waves.
C000328,ANZ-520105,"Psychological methodology, design and analysis",method,"Field-native retrieval concept anchored to the ANZSRC field 520105: Psychological methodology, design and analysis."
C000329,ANZ-300106,Genetically modified horticulture plants,other,Field-native retrieval concept anchored to the ANZSRC field 300106: Genetically modified horticulture plants.
C000330,ANZ-310106,Enzymes,other,Field-native retrieval concept anchored to the ANZSRC field 310106: Enzymes.
C000331,ANZ-320203,Clinical microbiology,other,Field-native retrieval concept anchored to the ANZSRC field 320203: Clinical microbiology.
C000332,ANZ-330106,Architecture for disaster relief,other,Field-native retrieval concept anchored to the ANZSRC field 330106: Architecture for disaster relief.
C000333,ANZ-340106,Metabolomic chemistry,other,Field-native retrieval concept anchored to the ANZSRC field 340106: Metabolomic chemistry.
C000334,ANZ-350106,Not-for-profit accounting and accountability,other,Field-native retrieval concept anchored to the ANZSRC field 350106: Not-for-profit accounting and accountability.
C000335,ANZ-360202,Digital writing,other,Field-native retrieval concept anchored to the ANZSRC field 360202: Digital writing.
C000336,ANZ-370106,Atmospheric radiation,other,Field-native retrieval concept anchored to the ANZSRC field 370106: Atmospheric radiation.
C000337,ANZ-380106,Experimental economics,other,Field-native retrieval concept anchored to the ANZSRC field 380106: Experimental economics.
C000338,ANZ-390106,Geography education curriculum and pedagogy,other,Field-native retrieval concept anchored to the ANZSRC field 390106: Geography education curriculum and pedagogy.
C000339,ANZ-400106,Hypersonic propulsion and hypersonic aerothermodynamics,other,Field-native retrieval concept anchored to the ANZSRC field 400106: Hypersonic propulsion and hypersonic aerothermodynamics.
C000340,ANZ-410203,Ecosystem function,other,Field-native retrieval concept anchored to the ANZSRC field 410203: Ecosystem function.
C000341,ANZ-420106,Physiotherapy,other,Field-native retrieval concept anchored to the ANZSRC field 420106: Physiotherapy.
C000342,ANZ-430106,Digital archaeology,other,Field-native retrieval concept anchored to the ANZSRC field 430106: Digital archaeology.
C000343,ANZ-440106,Medical anthropology,other,Field-native retrieval concept anchored to the ANZSRC field 440106: Medical anthropology.
C000344,ANZ-450106,Aboriginal and Torres Strait Islander ethics,other,Field-native retrieval concept anchored to the ANZSRC field 450106: Aboriginal and Torres Strait Islander ethics.
C000345,ANZ-460106,Spatial data and applications,other,Field-native retrieval concept anchored to the ANZSRC field 460106: Spatial data and applications.
C000346,ANZ-470106,Media industry studies,other,Field-native retrieval concept anchored to the ANZSRC field 470106: Media industry studies.
C000347,ANZ-480106,Taxation law,other,Field-native retrieval concept anchored to the ANZSRC field 480106: Taxation law.
C000348,ANZ-490106,Financial mathematics,other,Field-native retrieval concept anchored to the ANZSRC field 490106: Financial mathematics.
C000349,ANZ-500106,Medical ethics,other,Field-native retrieval concept anchored to the ANZSRC field 500106: Medical ethics.
C000350,ANZ-510106,High energy astrophysics and galactic cosmic rays,other,Field-native retrieval concept anchored to the ANZSRC field 510106: High energy astrophysics and galactic cosmic rays.
C000351,ANZ-520106,Psychology of ageing,other,Field-native retrieval concept anchored to the ANZSRC field 520106: Psychology of ageing.
C000352,ANZ-300107,Genetically modified trees,other,Field-native retrieval concept anchored to the ANZSRC field 300107: Genetically modified trees.
C000353,ANZ-310107,Glycobiology,other,Field-native retrieval concept anchored to the ANZSRC field 310107: Glycobiology.
C000354,ANZ-320204,Clinimetrics,other,Field-native retrieval concept anchored to the ANZSRC field 320204: Clinimetrics.
C000355,ANZ-330107,Architecture management,other,Field-native retrieval concept anchored to the ANZSRC field 330107: Architecture management.
C000356,ANZ-340107,"Quality assurance, chemometrics, traceability and metrological chemistry",other,"Field-native retrieval concept anchored to the ANZSRC field 340107: Quality assurance, chemometrics, traceability and metrological chemistry."
C000357,ANZ-350107,Sustainability accounting and reporting,other,Field-native retrieval concept anchored to the ANZSRC field 350107: Sustainability accounting and reporting.
C000358,ANZ-360203,Professional writing and journalism practice,other,Field-native retrieval concept anchored to the ANZSRC field 360203: Professional writing and journalism practice.
C000359,ANZ-370107,Cloud physics,other,Field-native retrieval concept anchored to the ANZSRC field 370107: Cloud physics.
C000360,ANZ-380107,Financial economics,other,Field-native retrieval concept anchored to the ANZSRC field 380107: Financial economics.
C000361,ANZ-390107,"Humanities and social sciences curriculum and pedagogy (excl. economics, business and management)",other,"Field-native retrieval concept anchored to the ANZSRC field 390107: Humanities and social sciences curriculum and pedagogy (excl. economics, business and management)."
C000362,ANZ-400107,"Satellite, space vehicle and missile design and testing",method,"Field-native retrieval concept anchored to the ANZSRC field 400107: Satellite, space vehicle and missile design and testing."
C000363,ANZ-410204,Ecosystem services (incl. pollination),other,Field-native retrieval concept anchored to the ANZSRC field 410204: Ecosystem services (incl. pollination).
C000364,ANZ-420107,Podiatry,other,Field-native retrieval concept anchored to the ANZSRC field 420107: Podiatry.
C000365,ANZ-430107,Historical archaeology (incl. industrial archaeology),other,Field-native retrieval concept anchored to the ANZSRC field 430107: Historical archaeology (incl. industrial archaeology).
C000366,ANZ-440107,Social and cultural anthropology,other,Field-native retrieval concept anchored to the ANZSRC field 440107: Social and cultural anthropology.
C000367,ANZ-450107,Aboriginal and Torres Strait Islander history,other,Field-native retrieval concept anchored to the ANZSRC field 450107: Aboriginal and Torres Strait Islander history.
C000368,ANZ-460201,Artificial life and complex adaptive systems,other,Field-native retrieval concept anchored to the ANZSRC field 460201: Artificial life and complex adaptive systems.
C000369,ANZ-470107,Media studies,other,Field-native retrieval concept anchored to the ANZSRC field 470107: Media studies.
C000370,ANZ-480201,Animal law,other,Field-native retrieval concept anchored to the ANZSRC field 480201: Animal law.
C000371,ANZ-490107,Mathematical methods and special functions,method,Field-native retrieval concept anchored to the ANZSRC field 490107: Mathematical methods and special functions.
C000372,ANZ-500107,Professional ethics,other,Field-native retrieval concept anchored to the ANZSRC field 500107: Professional ethics.
C000373,ANZ-510107,Planetary science (excl. solar system and planetary geology),other,Field-native retrieval concept anchored to the ANZSRC field 510107: Planetary science (excl. solar system and planetary geology).
C000374,ANZ-520107,Sport and exercise psychology,other,Field-native retrieval concept anchored to the ANZSRC field 520107: Sport and exercise psychology.
C000375,ANZ-300108,Livestock cloning,other,Field-native retrieval concept anchored to the ANZSRC field 300108: Livestock cloning.
C000376,ANZ-310108,Protein trafficking,other,Field-native retrieval concept anchored to the ANZSRC field 310108: Protein trafficking.
C000377,ANZ-320205,Dermatology,other,Field-native retrieval concept anchored to the ANZSRC field 320205: Dermatology.
C000378,ANZ-330108,Interior design,method,Field-native retrieval concept anchored to the ANZSRC field 330108: Interior design.
C000379,ANZ-340108,Sensor technology (incl. chemical aspects),other,Field-native retrieval concept anchored to the ANZSRC field 340108: Sensor technology (incl. chemical aspects).
C000380,ANZ-350108,Taxation accounting,other,Field-native retrieval concept anchored to the ANZSRC field 350108: Taxation accounting.
C000381,ANZ-360204,Site-based writing,other,Field-native retrieval concept anchored to the ANZSRC field 360204: Site-based writing.
C000382,ANZ-370108,Meteorology,other,Field-native retrieval concept anchored to the ANZSRC field 370108: Meteorology.
C000383,ANZ-380108,Health economics,other,Field-native retrieval concept anchored to the ANZSRC field 380108: Health economics.
C000384,ANZ-390108,"LOTE, ESL and TESOL curriculum and pedagogy",other,"Field-native retrieval concept anchored to the ANZSRC field 390108: LOTE, ESL and TESOL curriculum and pedagogy."
C000385,ANZ-400201,Automotive combustion and fuel engineering,other,Field-native retrieval concept anchored to the ANZSRC field 400201: Automotive combustion and fuel engineering.
C000386,ANZ-410205,Fire ecology,other,Field-native retrieval concept anchored to the ANZSRC field 410205: Fire ecology.
C000387,ANZ-420108,Prosthetics and orthotics,other,Field-native retrieval concept anchored to the ANZSRC field 420108: Prosthetics and orthotics.
C000388,ANZ-430108,Maritime archaeology,other,Field-native retrieval concept anchored to the ANZSRC field 430108: Maritime archaeology.
C000389,ANZ-440201,Causes and prevention of crime,other,Field-native retrieval concept anchored to the ANZSRC field 440201: Causes and prevention of crime.
C000390,ANZ-450108,Aboriginal and Torres Strait Islander linguistics and languages,other,Field-native retrieval concept anchored to the ANZSRC field 450108: Aboriginal and Torres Strait Islander linguistics and languages.
C000391,ANZ-460202,Autonomous agents and multiagent systems,other,Field-native retrieval concept anchored to the ANZSRC field 460202: Autonomous agents and multiagent systems.
C000392,ANZ-470108,"Organisational, interpersonal and intercultural communication",other,"Field-native retrieval concept anchored to the ANZSRC field 470108: Organisational, interpersonal and intercultural communication."
C000393,ANZ-480202,Climate change law,other,Field-native retrieval concept anchored to the ANZSRC field 480202: Climate change law.
C000394,ANZ-490108,Operations research,other,Field-native retrieval concept anchored to the ANZSRC field 490108: Operations research.
C000395,ANZ-500201,History and philosophy of engineering and technology,other,Field-native retrieval concept anchored to the ANZSRC field 500201: History and philosophy of engineering and technology.
C000396,ANZ-510108,Solar physics,other,Field-native retrieval concept anchored to the ANZSRC field 510108: Solar physics.
C000397,ANZ-520108,"Testing, assessment and psychometrics",method,"Field-native retrieval concept anchored to the ANZSRC field 520108: Testing, assessment and psychometrics."
C000398,ANZ-300109,Non-genetically modified uses of biotechnology,other,Field-native retrieval concept anchored to the ANZSRC field 300109: Non-genetically modified uses of biotechnology.
C000399,ANZ-310109,Proteomics and intermolecular interactions (excl. medical proteomics),other,Field-native retrieval concept anchored to the ANZSRC field 310109: Proteomics and intermolecular interactions (excl. medical proteomics).
C000400,ANZ-320206,Diagnostic radiography,method,Field-native retrieval concept anchored to the ANZSRC field 320206: Diagnostic radiography.
C000401,ANZ-330109,Landscape architecture,other,Field-native retrieval concept anchored to the ANZSRC field 330109: Landscape architecture.
C000402,ANZ-340109,Separation science,other,Field-native retrieval concept anchored to the ANZSRC field 340109: Separation science.
C000403,ANZ-350201,Environment and climate finance,other,Field-native retrieval concept anchored to the ANZSRC field 350201: Environment and climate finance.
C000404,ANZ-360205,Technical writing,other,Field-native retrieval concept anchored to the ANZSRC field 360205: Technical writing.
C000405,ANZ-370109,Tropospheric and stratospheric physics,other,Field-native retrieval concept anchored to the ANZSRC field 370109: Tropospheric and stratospheric physics.
C000406,ANZ-380109,Industry economics and industrial organisation,other,Field-native retrieval concept anchored to the ANZSRC field 380109: Industry economics and industrial organisation.
C000407,ANZ-390109,Mathematics and numeracy curriculum and pedagogy,other,Field-native retrieval concept anchored to the ANZSRC field 390109: Mathematics and numeracy curriculum and pedagogy.
C000408,ANZ-400202,Automotive engineering materials,other,Field-native retrieval concept anchored to the ANZSRC field 400202: Automotive engineering materials.
C000409,ANZ-410206,Landscape ecology,other,Field-native retrieval concept anchored to the ANZSRC field 410206: Landscape ecology.
C000410,ANZ-420109,Rehabilitation,other,Field-native retrieval concept anchored to the ANZSRC field 420109: Rehabilitation.
C000411,ANZ-430201,"Archival, repository and related studies",other,"Field-native retrieval concept anchored to the ANZSRC field 430201: Archival, repository and related studies."
C000412,ANZ-440202,"Correctional theory, offender treatment and rehabilitation",theory,"Field-native retrieval concept anchored to the ANZSRC field 440202: Correctional theory, offender treatment and rehabilitation."
C000413,ANZ-450109,"Aboriginal and Torres Strait Islander literature, journalism and professional writing",other,"Field-native retrieval concept anchored to the ANZSRC field 450109: Aboriginal and Torres Strait Islander literature, journalism and professional writing."
C000414,ANZ-460203,Evolutionary computation,process,Field-native retrieval concept anchored to the ANZSRC field 460203: Evolutionary computation.
C000415,ANZ-470201,Arts and cultural policy,other,Field-native retrieval concept anchored to the ANZSRC field 470201: Arts and cultural policy.
C000416,ANZ-480203,Environmental law,other,Field-native retrieval concept anchored to the ANZSRC field 480203: Environmental law.
C000417,OV-CROSS,optimisation,method,Selection of solutions that extremize objectives subject to constraints
C000418,ANZ-500202,History and philosophy of law and justice,other,Field-native retrieval concept anchored to the ANZSRC field 500202: History and philosophy of law and justice.
C000419,ANZ-510109,Stellar astronomy and planetary systems,other,Field-native retrieval concept anchored to the ANZSRC field 510109: Stellar astronomy and planetary systems.
C000420,ANZ-520201,Behavioural genetics,other,Field-native retrieval concept anchored to the ANZSRC field 520201: Behavioural genetics.
C000421,ANZ-300110,Transgenesis,other,Field-native retrieval concept anchored to the ANZSRC field 300110: Transgenesis.
C000422,ANZ-310110,Receptors and membrane biology,other,Field-native retrieval concept anchored to the ANZSRC field 310110: Receptors and membrane biology.
C000423,ANZ-320207,Emergency medicine,other,Field-native retrieval concept anchored to the ANZSRC field 320207: Emergency medicine.
C000424,ANZ-330110,Sustainable architecture,other,Field-native retrieval concept anchored to the ANZSRC field 330110: Sustainable architecture.
C000425,ANZ-340201,Bioinorganic chemistry,other,Field-native retrieval concept anchored to the ANZSRC field 340201: Bioinorganic chemistry.
C000426,ANZ-350202,Finance,other,Field-native retrieval concept anchored to the ANZSRC field 350202: Finance.
C000427,ANZ-360301,Music cognition,other,Field-native retrieval concept anchored to the ANZSRC field 360301: Music cognition.
C000428,ANZ-370201,Climate change processes,process,Field-native retrieval concept anchored to the ANZSRC field 370201: Climate change processes.
C000429,ANZ-380110,International economics,other,Field-native retrieval concept anchored to the ANZSRC field 380110: International economics.
C000430,ANZ-390110,"Medicine, nursing and health curriculum and pedagogy",other,"Field-native retrieval concept anchored to the ANZSRC field 390110: Medicine, nursing and health curriculum and pedagogy."
C000431,ANZ-400203,Automotive mechatronics and autonomous systems,other,Field-native retrieval concept anchored to the ANZSRC field 400203: Automotive mechatronics and autonomous systems.
C000432,ANZ-410301,Biodiscovery,other,Field-native retrieval concept anchored to the ANZSRC field 410301: Biodiscovery.
C000433,ANZ-420110,Speech pathology,other,Field-native retrieval concept anchored to the ANZSRC field 420110: Speech pathology.
C000434,ANZ-430202,"Critical heritage, museum and archive studies",other,"Field-native retrieval concept anchored to the ANZSRC field 430202: Critical heritage, museum and archive studies."
C000435,ANZ-440203,Courts and sentencing,other,Field-native retrieval concept anchored to the ANZSRC field 440203: Courts and sentencing.
C000436,ANZ-450110,"Aboriginal and Torres Strait Islander media, film, animation and photography",other,"Field-native retrieval concept anchored to the ANZSRC field 450110: Aboriginal and Torres Strait Islander media, film, animation and photography."
C000437,ANZ-460204,Fuzzy computation,computational_concept,Field-native retrieval concept anchored to the ANZSRC field 460204: Fuzzy computation.
C000438,ANZ-470202,Asian cultural studies,other,Field-native retrieval concept anchored to the ANZSRC field 470202: Asian cultural studies.
C000439,ANZ-480204,"Mining, energy and natural resources law",other,"Field-native retrieval concept anchored to the ANZSRC field 480204: Mining, energy and natural resources law."
C000440,ANZ-490201,Algebraic structures in mathematical physics,mathematical_structure,Field-native retrieval concept anchored to the ANZSRC field 490201: Algebraic structures in mathematical physics.
C000441,ANZ-500203,History and philosophy of medicine,other,Field-native retrieval concept anchored to the ANZSRC field 500203: History and philosophy of medicine.
C000442,ANZ-510201,Atomic and molecular physics,other,Field-native retrieval concept anchored to the ANZSRC field 510201: Atomic and molecular physics.
C000443,ANZ-520202,Behavioural neuroscience,other,Field-native retrieval concept anchored to the ANZSRC field 520202: Behavioural neuroscience.
C000444,ANZ-300201,Agricultural hydrology,other,Field-native retrieval concept anchored to the ANZSRC field 300201: Agricultural hydrology.
C000445,ANZ-310111,Signal transduction,other,Field-native retrieval concept anchored to the ANZSRC field 310111: Signal transduction.
C000446,ANZ-320208,Endocrinology,other,Field-native retrieval concept anchored to the ANZSRC field 320208: Endocrinology.
C000447,ANZ-330201,Automation and technology in building and construction,other,Field-native retrieval concept anchored to the ANZSRC field 330201: Automation and technology in building and construction.
C000448,ANZ-340202,Crystallography,other,Field-native retrieval concept anchored to the ANZSRC field 340202: Crystallography.
C000449,ANZ-350203,Financial econometrics,other,Field-native retrieval concept anchored to the ANZSRC field 350203: Financial econometrics.
C000450,ANZ-360302,Music composition and improvisation,other,Field-native retrieval concept anchored to the ANZSRC field 360302: Music composition and improvisation.
C000451,ANZ-370202,Climatology,other,Field-native retrieval concept anchored to the ANZSRC field 370202: Climatology.
C000452,ANZ-380111,Labour economics,other,Field-native retrieval concept anchored to the ANZSRC field 380111: Labour economics.
C000453,ANZ-390111,Physical education and development curriculum and pedagogy,process,Field-native retrieval concept anchored to the ANZSRC field 390111: Physical education and development curriculum and pedagogy.
C000454,ANZ-400204,Automotive safety engineering,other,Field-native retrieval concept anchored to the ANZSRC field 400204: Automotive safety engineering.
C000455,ANZ-410302,Biological control,other,Field-native retrieval concept anchored to the ANZSRC field 410302: Biological control.
C000456,ANZ-420201,Behavioural epidemiology,other,Field-native retrieval concept anchored to the ANZSRC field 420201: Behavioural epidemiology.
C000457,ANZ-430203,Cultural heritage management (incl. world heritage),other,Field-native retrieval concept anchored to the ANZSRC field 430203: Cultural heritage management (incl. world heritage).
C000458,ANZ-440204,Crime and social justice,other,Field-native retrieval concept anchored to the ANZSRC field 440204: Crime and social justice.
C000459,ANZ-450111,Aboriginal and Torres Strait Islander music and performing arts,other,Field-native retrieval concept anchored to the ANZSRC field 450111: Aboriginal and Torres Strait Islander music and performing arts.
C000460,ANZ-460205,Intelligent robotics,other,Field-native retrieval concept anchored to the ANZSRC field 460205: Intelligent robotics.
C000461,OV-CROSS,state,other,"Polysemous retrieval token spanning physical, mathematical, cognitive, clinical, and political senses."
C000462,OV-CROSS,field,other,"Polysemous retrieval token spanning mathematical, physical, empirical, database, and disciplinary senses."
C000463,OV-CROSS,phase,other,"Polysemous retrieval token spanning thermodynamic, wave, dynamical, clinical, and project senses."
C000464,OV-CROSS,critical,other,"Polysemous retrieval token spanning critical phenomena, care, theory, thinking, and ordinary evaluative language."
C000465,OV-CROSS,learning,other,"Polysemous retrieval token spanning machine, statistical, human, animal, motor, and organizational learning."
C000466,OV-CROSS,representation,other,"Polysemous retrieval token spanning mathematical, knowledge, neural, mental, state-space, and political senses."
C000467,OV-CROSS,network,other,Polysemous retrieval token requiring field-qualified expansion
C000468,OV-CROSS,transport,other,"Polysemous retrieval token spanning physical, biological, mathematical, and infrastructure senses."
C000469,OV-CROSS,attention,other,High-risk cross-domain polyseme spanning cognitive and computational senses.
C000470,OV-CROSS,control,other,"Polysemous retrieval token spanning control theory, experimental controls, governance, and clinical control."
C000471,OV-CROSS,signal,other,"Polysemous retrieval token spanning signal processing, biology, communication, finance, and evidence."
C000472,OV-CROSS,cell,other,"Polysemous retrieval token spanning biology, electrochemistry, spatial grids, prisons, and telecommunications."
C000473,OV-CROSS,population,other,"Polysemous retrieval token spanning ecology, genetics, statistics, demography, and public health."
C000474,OV-CROSS,fitness,other,"Polysemous retrieval token spanning evolutionary fitness, statistical fit, physical fitness, and engineering suitability."
C000475,OV-CROSS,stress,other,"Polysemous retrieval token spanning mechanics, physiology, psychology, ecology, and finance."
C000476,OV-CROSS,power,other,"Polysemous retrieval token spanning energy, statistical power, political power, optics, and algebra."
C000477,OV-CROSS,culture,other,"Polysemous retrieval token spanning anthropology, microbiology, cell culture, organizations, and media."
C000478,OV-CROSS,agency,other,"Polysemous retrieval token spanning philosophy, sociology, organizations, economics, and autonomous systems."
C000479,OV-CROSS,risk,other,"Polysemous retrieval token spanning probability, finance, medicine, engineering, environment, and policy."
C000480,ANZ-430204,Digital heritage,other,Field-native retrieval concept anchored to the ANZSRC field 430204: Digital heritage.
C000481,ANZ-440205,Criminological theories,theory,Field-native retrieval concept anchored to the ANZSRC field 440205: Criminological theories.
C000482,ANZ-450112,Aboriginal and Torres Strait Islander philosophy,other,Field-native retrieval concept anchored to the ANZSRC field 450112: Aboriginal and Torres Strait Islander philosophy.
C000483,ANZ-460206,Knowledge representation and reasoning,other,Field-native retrieval concept anchored to the ANZSRC field 460206: Knowledge representation and reasoning.
C000484,ANZ-470204,Cultural and creative industries,other,Field-native retrieval concept anchored to the ANZSRC field 470204: Cultural and creative industries.
C000485,ANZ-480302,Comparative law,other,Field-native retrieval concept anchored to the ANZSRC field 480302: Comparative law.
C000486,ANZ-490203,"Mathematical aspects of classical mechanics, quantum mechanics and quantum information theory",theory,"Field-native retrieval concept anchored to the ANZSRC field 490203: Mathematical aspects of classical mechanics, quantum mechanics and quantum information theory."
C000487,ANZ-500205,History and philosophy of the humanities,other,Field-native retrieval concept anchored to the ANZSRC field 500205: History and philosophy of the humanities.
C000488,ANZ-510203,Nonlinear optics and spectroscopy,other,Field-native retrieval concept anchored to the ANZSRC field 510203: Nonlinear optics and spectroscopy.
C000489,ANZ-520204,Evolutionary psychological studies,process,Field-native retrieval concept anchored to the ANZSRC field 520204: Evolutionary psychological studies.
C000490,ANZ-300203,Agricultural land planning,other,Field-native retrieval concept anchored to the ANZSRC field 300203: Agricultural land planning.
C000491,ANZ-310113,Synthetic biology,other,Field-native retrieval concept anchored to the ANZSRC field 310113: Synthetic biology.
C000492,ANZ-320210,Geriatrics and gerontology,other,Field-native retrieval concept anchored to the ANZSRC field 320210: Geriatrics and gerontology.
C000493,ANZ-330203,Building industry studies,other,Field-native retrieval concept anchored to the ANZSRC field 330203: Building industry studies.
C000494,ANZ-340204,Inorganic green chemistry,other,Field-native retrieval concept anchored to the ANZSRC field 340204: Inorganic green chemistry.
C000495,ANZ-350205,Household finance and financial literacy,other,Field-native retrieval concept anchored to the ANZSRC field 350205: Household finance and financial literacy.
C000496,ANZ-360304,Music performance,other,Field-native retrieval concept anchored to the ANZSRC field 360304: Music performance.
C000497,ANZ-370301,Exploration geochemistry,other,Field-native retrieval concept anchored to the ANZSRC field 370301: Exploration geochemistry.
C000498,ANZ-380113,Public economics - public choice,other,Field-native retrieval concept anchored to the ANZSRC field 380113: Public economics - public choice.
C000499,ANZ-390113,"Science, technology and engineering curriculum and pedagogy",other,"Field-native retrieval concept anchored to the ANZSRC field 390113: Science, technology and engineering curriculum and pedagogy."
C000500,ANZ-400301,Biofabrication,other,Field-native retrieval concept anchored to the ANZSRC field 400301: Biofabrication.
C000501,OV-MATH,Gaussian distribution,model,Named model used in probability and statistics; retrieval neighbors include normal distribution; mean; variance.
C000502,OV-MATH,Poisson distribution,model,Named model used in probability and statistics; retrieval neighbors include count data; Poisson process.
C000503,OV-DISCOVERY,Bayesian network,model,Named model used in statistics / artificial intelligence; retrieval neighbors include probabilistic graphical model; conditional independence.
C000504,OV-MATH,Markov model,model,Named model used in probability / stochastic processes; retrieval neighbors include Markov property; transition matrix.
C000505,OV-MATH,hidden Markov model,model,Named model used in statistics / signal processing; retrieval neighbors include latent state; sequence model.
C000506,OV-MATH,Bayesian filtering,method,Named method used in statistics / control; retrieval neighbors include state estimation; recursive inference.
C000507,OV-MATH,particle filter,method,Named method used in statistics / control; retrieval neighbors include sequential Monte Carlo; nonlinear filtering.
C000508,OV-CROSS,extended Kalman filter,method,Named method used in control / signal processing; retrieval neighbors include nonlinear state estimation; linearization.
C000509,OV-CROSS,unscented Kalman filter,method,Named method used in control / signal processing; retrieval neighbors include sigma points; nonlinear state estimation.
C000510,OV-MATH,numerical PDE method,method,Named method used in numerical mathematics; retrieval neighbors include partial differential equations; discretization.
C000511,OV-MATH,finite element method,method,Named method used in numerical mathematics / engineering; retrieval neighbors include weak formulation; mesh; discretization.
C000512,OV-MATH,finite volume method,method,Named method used in numerical mathematics / fluid dynamics; retrieval neighbors include control volume; conservation law.
C000513,OV-MATH,numerical integration,method,Named method used in numerical mathematics; retrieval neighbors include quadrature; time integration.
C000514,OV-MATH,Runge–Kutta method,method,Named method used in numerical mathematics; retrieval neighbors include ordinary differential equations; time stepping.
C000515,OV-MATH,Fourier transform,mathematical_structure,Named transformation used in mathematics / signal processing; retrieval neighbors include frequency domain; spectral analysis.
C000516,OV-MATH,fast Fourier transform,computational_concept,Named algorithm used in numerical mathematics / signal processing; retrieval neighbors include discrete Fourier transform; FFT.
C000517,OV-MATH,Laplace transform,mathematical_structure,Named transformation used in mathematics / systems theory; retrieval neighbors include complex frequency; differential equations.
C000518,OV-MATH,wavelet transform,mathematical_structure,Named transformation used in mathematics / signal processing; retrieval neighbors include multiresolution analysis; time-frequency localization.
C000519,OV-MATH,Navier–Stokes equations,mathematical_structure,Named equation used in mathematics / fluid dynamics; retrieval neighbors include fluid dynamics; transport; nonlinearity.
C000520,OV-MATH,variational principle,framework,Named framework used in mathematics / physics; retrieval neighbors include functional; stationary action; optimization.
C000521,OV-MATH,Euler–Lagrange equation,mathematical_structure,Named equation used in calculus of variations / mechanics; retrieval neighbors include variational principle; functional derivative.
C000522,OV-MATH,diffusion equation,mathematical_structure,Named equation used in mathematics / transport physics; retrieval neighbors include diffusion; parabolic PDE; transport.
C000523,OV-MATH,heat equation,mathematical_structure,Named equation used in mathematics / thermal physics; retrieval neighbors include thermal diffusion; parabolic PDE.
C000524,OV-MATH,wave equation,mathematical_structure,Named equation used in mathematics / wave physics; retrieval neighbors include propagation; hyperbolic PDE.
C000525,OV-MATH,hyperbolic partial differential equation,mathematical_structure,Named mathematical structure used in mathematics; retrieval neighbors include wave propagation; characteristics.
C000526,OV-MATH,conservation laws,framework,Named framework used in mathematics / physics; retrieval neighbors include mass; momentum; energy; flux.
C000527,ANZ-51,Maxwell's equations,mathematical_structure,Named equation used in electromagnetism; retrieval neighbors include electric field; magnetic field; electromagnetic waves.
C000528,ANZ-51,electromagnetism,theory,Named theory used in physics; retrieval neighbors include electricity; magnetism; electromagnetic field.
C000529,ANZ-51,Einstein field equations,mathematical_structure,Named equation used in general relativity; retrieval neighbors include spacetime curvature; stress-energy tensor.
C000530,ANZ-51,general relativity,theory,Named theory used in physics / gravitation; retrieval neighbors include spacetime; gravitation; curvature.
C000531,ANZ-51,Boltzmann equation,mathematical_structure,Named equation used in kinetic theory / statistical physics; retrieval neighbors include distribution function; collisions; transport.
C000532,ANZ-51,kinetic theory,framework,Named framework used in statistical physics; retrieval neighbors include particle distributions; transport; nonequilibrium.
C000533,OV-DISCOVERY,algorithm discovery,method,Named method used in scientific discovery / computer science; retrieval neighbors include search; algorithm synthesis; automated discovery.
C000534,OV-CROSS,genetic algorithm,computational_concept,Named algorithm used in evolutionary computation; retrieval neighbors include selection; crossover; mutation.
C000535,OV-DISCOVERY,automated reasoning,method,Named method used in artificial intelligence / formal methods; retrieval neighbors include logic; inference; proof search.
C000536,OV-CROSS,automated theorem proving,method,Named method used in formal reasoning; retrieval neighbors include proof search; logic; theorem proving.
C000537,OV-DISCOVERY,program synthesis,method,Named method used in computer science / automated programming; retrieval neighbors include specification; program search; synthesis.
C000538,OV-DISCOVERY,SAT solving,computational_concept,Named algorithm used in computer science / logic; retrieval neighbors include Boolean satisfiability; constraint solving.
C000539,OV-DISCOVERY,symbolic regression,method,Named method used in scientific discovery / machine learning; retrieval neighbors include expression search; interpretable models.
C000540,OV-DISCOVERY,equation discovery,method,Named method used in scientific discovery; retrieval neighbors include governing equations; data-driven discovery.
C000541,OV-DISCOVERY,active learning,method,Named method used in machine learning / experimental design; retrieval neighbors include query strategy; label efficiency.
C000542,OV-DISCOVERY,Bayesian optimization,method,Named method used in optimization / machine learning; retrieval neighbors include surrogate model; acquisition function.
C000543,OV-DISCOVERY,reinforcement learning,framework,Named framework used in machine learning / decision making; retrieval neighbors include policy; reward; sequential decision.
C000544,OV-CROSS,Q-learning,computational_concept,Named algorithm used in reinforcement learning; retrieval neighbors include action-value function; temporal-difference learning.
C000545,OV-CROSS,policy gradient,method,Named method used in reinforcement learning; retrieval neighbors include policy optimization; gradient estimator.
C000546,OV-CROSS,Monte Carlo tree search,computational_concept,Named algorithm used in search / decision making; retrieval neighbors include tree search; simulation; UCT.
C000547,OV-DISCOVERY,graph search,method,Named method used in computer science; retrieval neighbors include state space; traversal; pathfinding.
C000548,OV-DISCOVERY,A* search,computational_concept,Named algorithm used in graph algorithms / artificial intelligence; retrieval neighbors include heuristic search; shortest path.
C000549,OV-DISCOVERY,PageRank,computational_concept,Named algorithm used in network science / information retrieval; retrieval neighbors include random walk; link analysis; centrality.
C000550,OV-CROSS,eigenvector centrality,model,Named model used in network science; retrieval neighbors include spectral centrality; adjacency matrix.
C000551,OV-DISCOVERY,neural network architecture,framework,Named framework used in machine learning; retrieval neighbors include layers; connectivity; representation learning.
C000552,OV-DISCOVERY,transformer,model,Named model used in machine learning / natural language processing; retrieval neighbors include self-attention; sequence modeling.
C000553,OV-DISCOVERY,convolutional neural network,model,Named model used in machine learning / computer vision; retrieval neighbors include convolution; feature maps; CNN.
C000554,OV-DISCOVERY,neural architecture search,method,Named method used in machine learning / automated design; retrieval neighbors include architecture optimization; NAS.
C000555,OV-DISCOVERY,ensemble learning,framework,Named framework used in machine learning / statistics; retrieval neighbors include model aggregation; variance reduction.
C000556,OV-DISCOVERY,random forest,model,Named model used in machine learning / statistics; retrieval neighbors include decision trees; bagging; feature subsampling.
C000557,OV-DISCOVERY,gradient boosting,method,Named method used in machine learning / statistics; retrieval neighbors include additive model; weak learners; boosting.
C000558,OV-DISCOVERY,dimensionality reduction,method,Named method used in statistics / machine learning; retrieval neighbors include embedding; feature reduction.
C000559,OV-MATH,principal component analysis,method,Named method used in statistics / linear algebra; retrieval neighbors include eigenvectors; variance; PCA.
C000560,OV-DISCOVERY,t-SNE,method,Named method used in machine learning / visualization; retrieval neighbors include nonlinear embedding; neighborhood preservation.
C000561,OV-DISCOVERY,UMAP,method,Named method used in machine learning / topology; retrieval neighbors include manifold learning; nonlinear embedding.
C000562,OV-DISCOVERY,latent Dirichlet allocation,model,Named model used in machine learning / text analysis; retrieval neighbors include topic model; document-term distribution.
C000563,OV-MATH,ordinary least squares,method,Named method used in statistics / econometrics; retrieval neighbors include linear regression; squared error; OLS.
C000564,OV-DISCOVERY,logistic regression,model,Named model used in statistics / machine learning; retrieval neighbors include binary outcome; logit link.
C000565,OV-MATH,generalized linear model,model,Named model used in statistics; retrieval neighbors include link function; exponential family; GLM.
C000566,OV-MATH,Cox proportional hazards model,model,Named model used in survival analysis / biostatistics; retrieval neighbors include hazard ratio; censored data.
C000567,OV-EXPDES,interrupted time series,method,Named method used in causal inference / policy evaluation; retrieval neighbors include level change; slope change; intervention.
C000568,OV-EXPDES,quasi-experimental design,experimental_paradigm,Named experimental paradigm used in causal inference / research design; retrieval neighbors include nonrandomized comparison; identification.
C000569,OV-EXPDES,regression discontinuity design,method,Named method used in econometrics / causal inference; retrieval neighbors include cutoff; local treatment effect; RDD.
C000570,OV-EXPDES,instrumental variables,method,Named method used in econometrics / causal inference; retrieval neighbors include instrument; endogeneity; IV.
C000571,OV-EXPDES,propensity score matching,method,Named method used in causal inference / epidemiology; retrieval neighbors include treatment assignment; matching; PSM.
C000572,OV-EXPDES,randomized controlled trial,experimental_paradigm,Named experimental paradigm used in experimental design / medicine; retrieval neighbors include randomization; control group; RCT.
C000573,OV-EXPDES,factorial design,experimental_paradigm,Named experimental paradigm used in experimental design; retrieval neighbors include factors; interactions; treatment combinations.
C000574,OV-EXPDES,response surface methodology,method,Named method used in experimental design / optimization; retrieval neighbors include design of experiments; response surface; RSM.
C000575,ANZ-460210,Satisfiability and optimisation,other,Field-native retrieval concept anchored to the ANZSRC field 460210: Satisfiability and optimisation.
C000576,ANZ-470208,"Culture, representation and identity",other,"Field-native retrieval concept anchored to the ANZSRC field 470208: Culture, representation and identity."
C000577,ANZ-480306,International criminal law,other,Field-native retrieval concept anchored to the ANZSRC field 480306: International criminal law.
C000578,ANZ-490301,Experimental mathematics,other,Field-native retrieval concept anchored to the ANZSRC field 490301: Experimental mathematics.
C000579,ANZ-500301,Aesthetics,other,Field-native retrieval concept anchored to the ANZSRC field 500301: Aesthetics.
C000580,ANZ-510302,Classical and physical optics,other,Field-native retrieval concept anchored to the ANZSRC field 510302: Classical and physical optics.
C000581,ANZ-520301,Clinical neuropsychology,other,Field-native retrieval concept anchored to the ANZSRC field 520301: Clinical neuropsychology.
C000582,ANZ-300207,Agricultural systems analysis and modelling,model,Field-native retrieval concept anchored to the ANZSRC field 300207: Agricultural systems analysis and modelling.
C000583,ANZ-310203,Computational ecology and phylogenetics,other,Field-native retrieval concept anchored to the ANZSRC field 310203: Computational ecology and phylogenetics.
C000584,ANZ-320214,Nephrology and urology,other,Field-native retrieval concept anchored to the ANZSRC field 320214: Nephrology and urology.
C000585,ANZ-330207,Quantity surveying,other,Field-native retrieval concept anchored to the ANZSRC field 330207: Quantity surveying.
C000586,ANZ-340208,Non-metal chemistry,other,Field-native retrieval concept anchored to the ANZSRC field 340208: Non-metal chemistry.
C000587,ANZ-350209,Not-for-profit finance and risk,other,Field-native retrieval concept anchored to the ANZSRC field 350209: Not-for-profit finance and risk.
C000588,ANZ-360402,Dance and dance studies,other,Field-native retrieval concept anchored to the ANZSRC field 360402: Dance and dance studies.
C000589,ANZ-370401,Computational modelling and simulation in earth sciences,model,Field-native retrieval concept anchored to the ANZSRC field 370401: Computational modelling and simulation in earth sciences.
C000590,ANZ-380117,Transport economics,process,Field-native retrieval concept anchored to the ANZSRC field 380117: Transport economics.
C000591,ANZ-390202,History and philosophy of education,other,Field-native retrieval concept anchored to the ANZSRC field 390202: History and philosophy of education.
C000592,ANZ-400305,Biomedical instrumentation,other,Field-native retrieval concept anchored to the ANZSRC field 400305: Biomedical instrumentation.
C000593,ANZ-410402,Environmental assessment and monitoring,method,Field-native retrieval concept anchored to the ANZSRC field 410402: Environmental assessment and monitoring.
C000594,ANZ-420207,Major global burdens of disease,other,Field-native retrieval concept anchored to the ANZSRC field 420207: Major global burdens of disease.
C000595,ANZ-430209,Materials conservation,other,Field-native retrieval concept anchored to the ANZSRC field 430209: Materials conservation.
C000596,ANZ-440210,Organised crime,other,Field-native retrieval concept anchored to the ANZSRC field 440210: Organised crime.
C000597,ANZ-450117,"Aboriginal and Torres Strait Islander ways of knowing, being and doing",other,"Field-native retrieval concept anchored to the ANZSRC field 450117: Aboriginal and Torres Strait Islander ways of knowing, being and doing."
C000598,ANZ-460211,Speech production,process,Field-native retrieval concept anchored to the ANZSRC field 460211: Speech production.
C000599,ANZ-470209,Environment and culture,other,Field-native retrieval concept anchored to the ANZSRC field 470209: Environment and culture.
C000600,ANZ-480307,International humanitarian and human rights law,other,Field-native retrieval concept anchored to the ANZSRC field 480307: International humanitarian and human rights law.
C000601,ANZ-490302,Numerical analysis,method,Field-native retrieval concept anchored to the ANZSRC field 490302: Numerical analysis.
C000602,ANZ-500302,Critical theory,theory,Field-native retrieval concept anchored to the ANZSRC field 500302: Critical theory.
C000603,ANZ-510303,Electrostatics and electrodynamics,other,Field-native retrieval concept anchored to the ANZSRC field 510303: Electrostatics and electrodynamics.
C000604,OV-QUANTUM,quantum communication,framework,"Transfer of information using quantum systems, channels, and quantum-information protocols."
C000605,OV-QUANTUM,quantum simulation,computational_concept,Use of controllable quantum systems or algorithms to model quantum dynamics and observables.
C000606,OV-QUANTUM,quantum algorithm,computational_concept,"Algorithm expressed in a quantum computational model using quantum states, operations, and measurements."
C000607,OV-QUANTUM,digital quantum simulation,computational_concept,Gate-based approximation of target quantum dynamics by decomposed quantum operations.
C000608,OV-QUANTUM,quantum key distribution,method,Cryptographic key-establishment protocols whose security uses quantum information properties.
C000609,OV-QUANTUM,quantum error correction,framework,Encoding and recovery methods protecting quantum information from errors
C000610,OV-QUANTUM,quantum error-correcting code,model,Code family that redundantly encodes logical quantum information for error detection and recovery.
C000611,OV-QUANTUM,stabilizer code,model,Quantum error-correcting code specified by an abelian stabilizer subgroup of the Pauli group.
C000612,OV-QUANTUM,surface code,model,Two-dimensional local-check topological stabilizer-code family
C000613,OV-QUANTUM,fault-tolerant quantum computation,framework,Quantum computation organized so that bounded physical faults do not propagate into uncorrectable logical errors.
C000614,ANZ-390203,Sociology of education,other,Field-native retrieval concept anchored to the ANZSRC field 390203: Sociology of education.
C000615,ANZ-400306,Computational physiology,other,Field-native retrieval concept anchored to the ANZSRC field 400306: Computational physiology.
C000616,ANZ-410403,Environmental education and extension,other,Field-native retrieval concept anchored to the ANZSRC field 410403: Environmental education and extension.
C000617,ANZ-420208,Nutritional epidemiology,other,Field-native retrieval concept anchored to the ANZSRC field 420208: Nutritional epidemiology.
C000618,ANZ-430301,Asian history,other,Field-native retrieval concept anchored to the ANZSRC field 430301: Asian history.
C000619,ANZ-440211,"Police administration, procedures and practice",other,"Field-native retrieval concept anchored to the ANZSRC field 440211: Police administration, procedures and practice."
C000620,ANZ-450118,Conservation of Aboriginal and Torres Strait Islander heritage,other,Field-native retrieval concept anchored to the ANZSRC field 450118: Conservation of Aboriginal and Torres Strait Islander heritage.
C000621,ANZ-460212,Speech recognition,other,Field-native retrieval concept anchored to the ANZSRC field 460212: Speech recognition.
C000622,ANZ-470210,Globalisation and culture,other,Field-native retrieval concept anchored to the ANZSRC field 470210: Globalisation and culture.
C000623,ANZ-480308,International trade and investment law,other,Field-native retrieval concept anchored to the ANZSRC field 480308: International trade and investment law.
C000624,ANZ-490303,Numerical solution of differential and integral equations,mathematical_structure,Field-native retrieval concept anchored to the ANZSRC field 490303: Numerical solution of differential and integral equations.
C000625,ANZ-500303,Decision theory,theory,Field-native retrieval concept anchored to the ANZSRC field 500303: Decision theory.
C000626,ANZ-510304,Thermodynamics and statistical physics,other,Field-native retrieval concept anchored to the ANZSRC field 510304: Thermodynamics and statistical physics.
C000627,ANZ-520303,Counselling psychology,other,Field-native retrieval concept anchored to the ANZSRC field 520303: Counselling psychology.
C000628,ANZ-300209,Germplasm management,other,Field-native retrieval concept anchored to the ANZSRC field 300209: Germplasm management.
C000629,ANZ-310205,Proteomics and metabolomics,other,Field-native retrieval concept anchored to the ANZSRC field 310205: Proteomics and metabolomics.
C000630,ANZ-320216,Orthopaedics,other,Field-native retrieval concept anchored to the ANZSRC field 320216: Orthopaedics.
C000631,ANZ-330302,Design anthropology,method,Field-native retrieval concept anchored to the ANZSRC field 330302: Design anthropology.
C000632,ANZ-340210,Solid state chemistry,other,Field-native retrieval concept anchored to the ANZSRC field 340210: Solid state chemistry.
C000633,ANZ-350302,"Business information management (incl. records, knowledge and intelligence)",other,"Field-native retrieval concept anchored to the ANZSRC field 350302: Business information management (incl. records, knowledge and intelligence)."
C000634,ANZ-360501,Cinema studies,other,Field-native retrieval concept anchored to the ANZSRC field 360501: Cinema studies.
C000635,ANZ-370403,Geoscience data visualisation,other,Field-native retrieval concept anchored to the ANZSRC field 370403: Geoscience data visualisation.
C000636,ANZ-380119,Welfare economics,other,Field-native retrieval concept anchored to the ANZSRC field 380119: Welfare economics.
C000637,OV-MEAS,measurement uncertainty,other,Non-negative parameter characterizing the dispersion of values attributed to a measurand.
C000638,ANZ-400307,Mechanobiology,other,Field-native retrieval concept anchored to the ANZSRC field 400307: Mechanobiology.
C000639,ANZ-410404,Environmental management,other,Field-native retrieval concept anchored to the ANZSRC field 410404: Environmental management.
C000640,ANZ-420209,Occupational epidemiology,other,Field-native retrieval concept anchored to the ANZSRC field 420209: Occupational epidemiology.
C000641,ANZ-430302,Australian history,other,Field-native retrieval concept anchored to the ANZSRC field 430302: Australian history.
C000642,ANZ-440212,Private policing and security services,other,Field-native retrieval concept anchored to the ANZSRC field 440212: Private policing and security services.
C000643,ANZ-450201,Aboriginal and Torres Strait Islander curriculum and pedagogy,other,Field-native retrieval concept anchored to the ANZSRC field 450201: Aboriginal and Torres Strait Islander curriculum and pedagogy.
C000644,ANZ-460301,Active sensing,other,Field-native retrieval concept anchored to the ANZSRC field 460301: Active sensing.
C000645,ANZ-470211,Migrant cultural studies,other,Field-native retrieval concept anchored to the ANZSRC field 470211: Migrant cultural studies.
C000646,ANZ-480309,Ocean law and governance,other,Field-native retrieval concept anchored to the ANZSRC field 480309: Ocean law and governance.
C000647,ANZ-490304,Optimisation,other,Field-native retrieval concept anchored to the ANZSRC field 490304: Optimisation.
C000648,ANZ-500304,Environmental philosophy,other,Field-native retrieval concept anchored to the ANZSRC field 500304: Environmental philosophy.
C000649,ANZ-510401,Condensed matter characterisation technique development,process,Field-native retrieval concept anchored to the ANZSRC field 510401: Condensed matter characterisation technique development.
C000650,ANZ-520304,Health psychology,other,Field-native retrieval concept anchored to the ANZSRC field 520304: Health psychology.
C000651,ANZ-300210,Sustainable agricultural development,process,Field-native retrieval concept anchored to the ANZSRC field 300210: Sustainable agricultural development.
C000652,ANZ-310206,Sequence analysis,method,Field-native retrieval concept anchored to the ANZSRC field 310206: Sequence analysis.
C000653,ANZ-320217,Otorhinolaryngology,other,Field-native retrieval concept anchored to the ANZSRC field 320217: Otorhinolaryngology.
C000654,ANZ-330303,Design for disaster relief,method,Field-native retrieval concept anchored to the ANZSRC field 330303: Design for disaster relief.
C000655,ANZ-340211,Transition metal chemistry,other,Field-native retrieval concept anchored to the ANZSRC field 340211: Transition metal chemistry.
C000656,ANZ-350303,Business information systems,other,Field-native retrieval concept anchored to the ANZSRC field 350303: Business information systems.
C000657,ANZ-360502,Computer gaming and animation,other,Field-native retrieval concept anchored to the ANZSRC field 360502: Computer gaming and animation.
C000658,ANZ-370501,Biomineralisation,other,Field-native retrieval concept anchored to the ANZSRC field 370501: Biomineralisation.
C000659,ANZ-380201,Cross-sectional analysis,method,Field-native retrieval concept anchored to the ANZSRC field 380201: Cross-sectional analysis.
C000660,ANZ-390302,Early childhood education,other,Field-native retrieval concept anchored to the ANZSRC field 390302: Early childhood education.
C000661,ANZ-400308,Medical devices,other,Field-native retrieval concept anchored to the ANZSRC field 400308: Medical devices.
C000662,ANZ-410405,Environmental rehabilitation and restoration,other,Field-native retrieval concept anchored to the ANZSRC field 410405: Environmental rehabilitation and restoration.
C000663,ANZ-420210,Social epidemiology,other,Field-native retrieval concept anchored to the ANZSRC field 420210: Social epidemiology.
C000664,ANZ-430303,Biography,other,Field-native retrieval concept anchored to the ANZSRC field 430303: Biography.
C000665,ANZ-440213,Race/ethnicity and crime,other,Field-native retrieval concept anchored to the ANZSRC field 440213: Race/ethnicity and crime.
C000666,ANZ-450202,Aboriginal and Torres Strait Islander early childhood education,other,Field-native retrieval concept anchored to the ANZSRC field 450202: Aboriginal and Torres Strait Islander early childhood education.
C000667,ANZ-460302,Audio processing,process,Field-native retrieval concept anchored to the ANZSRC field 460302: Audio processing.
C000668,ANZ-470212,"Multicultural, intercultural and cross-cultural studies",other,"Field-native retrieval concept anchored to the ANZSRC field 470212: Multicultural, intercultural and cross-cultural studies."
C000669,ANZ-480310,Public international law,other,Field-native retrieval concept anchored to the ANZSRC field 480310: Public international law.
C000670,ANZ-490401,Algebra and number theory,theory,Field-native retrieval concept anchored to the ANZSRC field 490401: Algebra and number theory.
C000671,ANZ-500305,Epistemology,other,Field-native retrieval concept anchored to the ANZSRC field 500305: Epistemology.
C000672,ANZ-510402,Condensed matter imaging,other,Field-native retrieval concept anchored to the ANZSRC field 510402: Condensed matter imaging.
C000673,ANZ-520401,Cognition,other,Field-native retrieval concept anchored to the ANZSRC field 520401: Cognition.
C000674,ANZ-300301,Animal growth and development,process,Field-native retrieval concept anchored to the ANZSRC field 300301: Animal growth and development.
C000675,ANZ-310207,Statistical and quantitative genetics,other,Field-native retrieval concept anchored to the ANZSRC field 310207: Statistical and quantitative genetics.
C000676,ANZ-320218,Pain,other,Field-native retrieval concept anchored to the ANZSRC field 320218: Pain.
C000677,ANZ-330304,"Design history, theory and criticism",theory,"Field-native retrieval concept anchored to the ANZSRC field 330304: Design history, theory and criticism."
C000678,ANZ-340301,Inorganic materials (incl. nanomaterials),other,Field-native retrieval concept anchored to the ANZSRC field 340301: Inorganic materials (incl. nanomaterials).
C000679,ANZ-350304,Business systems in context,other,Field-native retrieval concept anchored to the ANZSRC field 350304: Business systems in context.
C000680,ANZ-360503,Digital and electronic media art,other,Field-native retrieval concept anchored to the ANZSRC field 360503: Digital and electronic media art.
C000681,ANZ-31,CRISPR–Cas,method,RNA-guided nuclease systems used for targeted genome editing and related molecular manipulations.
C000682,ANZ-380202,Econometric and statistical methods,method,Field-native retrieval concept anchored to the ANZSRC field 380202: Econometric and statistical methods.
C000683,ANZ-390303,Higher education,other,Field-native retrieval concept anchored to the ANZSRC field 390303: Higher education.
C000684,ANZ-400309,Neural engineering,other,Field-native retrieval concept anchored to the ANZSRC field 400309: Neural engineering.
C000685,ANZ-410406,Natural resource management,other,Field-native retrieval concept anchored to the ANZSRC field 410406: Natural resource management.
C000686,ANZ-420301,Aged health care,other,Field-native retrieval concept anchored to the ANZSRC field 420301: Aged health care.
C000687,ANZ-430304,British history,other,Field-native retrieval concept anchored to the ANZSRC field 430304: British history.
C000688,ANZ-440214,Sociological studies of crime,other,Field-native retrieval concept anchored to the ANZSRC field 440214: Sociological studies of crime.
C000689,ANZ-450203,Aboriginal and Torres Strait Islander educational methods,method,Field-native retrieval concept anchored to the ANZSRC field 450203: Aboriginal and Torres Strait Islander educational methods.
C000690,OV-CROSS,Kalman filter,method,Recursive estimator for latent state under a linear dynamical model with stochastic noise.
C000691,ANZ-470213,Postcolonial studies,other,Field-native retrieval concept anchored to the ANZSRC field 470213: Postcolonial studies.
C000692,ANZ-480311,"Space, maritime and aviation law",other,"Field-native retrieval concept anchored to the ANZSRC field 480311: Space, maritime and aviation law."
C000693,ANZ-490402,Algebraic and differential geometry,mathematical_structure,Field-native retrieval concept anchored to the ANZSRC field 490402: Algebraic and differential geometry.
C000694,ANZ-500306,Ethical theory,theory,Field-native retrieval concept anchored to the ANZSRC field 500306: Ethical theory.
C000695,ANZ-510403,Condensed matter modelling and density functional theory,theory,Field-native retrieval concept anchored to the ANZSRC field 510403: Condensed matter modelling and density functional theory.
C000696,ANZ-520402,Decision making,other,Field-native retrieval concept anchored to the ANZSRC field 520402: Decision making.
C000697,ANZ-38,difference-in-differences,method,Causal inference design comparing outcome changes across treated and comparison groups.
C000698,ANZ-310208,Translational and applied bioinformatics,other,Field-native retrieval concept anchored to the ANZSRC field 310208: Translational and applied bioinformatics.
C000699,ANZ-320219,Paramedicine,other,Field-native retrieval concept anchored to the ANZSRC field 320219: Paramedicine.
C000700,ANZ-330305,Design management,method,Field-native retrieval concept anchored to the ANZSRC field 330305: Design management.
C000701,ANZ-340302,Macromolecular materials,other,Field-native retrieval concept anchored to the ANZSRC field 340302: Macromolecular materials.
C000702,ANZ-350305,Forensic intelligence,other,Field-native retrieval concept anchored to the ANZSRC field 350305: Forensic intelligence.
C000703,ANZ-360504,Interactive media,other,Field-native retrieval concept anchored to the ANZSRC field 360504: Interactive media.
C000704,ANZ-370503,Igneous and metamorphic petrology,other,Field-native retrieval concept anchored to the ANZSRC field 370503: Igneous and metamorphic petrology.
C000705,ANZ-380203,Economic models and forecasting,model,Field-native retrieval concept anchored to the ANZSRC field 380203: Economic models and forecasting.
C000706,ANZ-390304,Primary education,other,Field-native retrieval concept anchored to the ANZSRC field 390304: Primary education.
C000707,ANZ-400310,Rehabilitation engineering,other,Field-native retrieval concept anchored to the ANZSRC field 400310: Rehabilitation engineering.
C000708,ANZ-410407,Wildlife and habitat management,other,Field-native retrieval concept anchored to the ANZSRC field 410407: Wildlife and habitat management.
C000709,ANZ-420302,Digital health,other,Field-native retrieval concept anchored to the ANZSRC field 420302: Digital health.
C000710,ANZ-430305,Classical Greek and Roman history,other,Field-native retrieval concept anchored to the ANZSRC field 430305: Classical Greek and Roman history.
C000711,ANZ-440215,State crime,other,Field-native retrieval concept anchored to the ANZSRC field 440215: State crime.
C000712,ANZ-450204,"Aboriginal and Torres Strait Islander technical, further, continuing and community education",other,"Field-native retrieval concept anchored to the ANZSRC field 450204: Aboriginal and Torres Strait Islander technical, further, continuing and community education."
C000713,ANZ-460304,Computer vision,other,Field-native retrieval concept anchored to the ANZSRC field 460304: Computer vision.
C000714,ANZ-470214,Screen and media culture,other,Field-native retrieval concept anchored to the ANZSRC field 470214: Screen and media culture.
C000715,ANZ-480401,Criminal law,other,Field-native retrieval concept anchored to the ANZSRC field 480401: Criminal law.
C000716,ANZ-490403,"Category theory, k theory, homological algebra",theory,"Field-native retrieval concept anchored to the ANZSRC field 490403: Category theory, k theory, homological algebra."
C000717,ANZ-500307,Hermeneutics,other,Field-native retrieval concept anchored to the ANZSRC field 500307: Hermeneutics.
C000718,OV-QUANTUM,Schrödinger equation,mathematical_structure,Equation governing unitary quantum-state evolution under a Hamiltonian.
C000719,ANZ-520403,"Learning, motivation and emotion",other,"Field-native retrieval concept anchored to the ANZSRC field 520403: Learning, motivation and emotion."
C000720,ANZ-300303,Animal nutrition,other,Field-native retrieval concept anchored to the ANZSRC field 300303: Animal nutrition.
C000721,ANZ-310301,Behavioural ecology,other,Field-native retrieval concept anchored to the ANZSRC field 310301: Behavioural ecology.
C000722,ANZ-320220,Pathology (excl. oral pathology),other,Field-native retrieval concept anchored to the ANZSRC field 320220: Pathology (excl. oral pathology).
C000723,ANZ-330306,Design practice and methods,method,Field-native retrieval concept anchored to the ANZSRC field 330306: Design practice and methods.
C000724,OV-QUANTUM,Shor's algorithm,computational_concept,Quantum algorithm for integer factorization and discrete logarithms using period finding.
C000725,ANZ-350306,Forensic science and management,other,Field-native retrieval concept anchored to the ANZSRC field 350306: Forensic science and management.
C000726,ANZ-360505,Screen media,other,Field-native retrieval concept anchored to the ANZSRC field 360505: Screen media.
C000727,ANZ-370504,Marine geoscience,other,Field-native retrieval concept anchored to the ANZSRC field 370504: Marine geoscience.
C000728,ANZ-380204,Panel data analysis,method,Field-native retrieval concept anchored to the ANZSRC field 380204: Panel data analysis.
C000729,ANZ-390305,Professional education and training,other,Field-native retrieval concept anchored to the ANZSRC field 390305: Professional education and training.
C000730,ANZ-400311,Tissue engineering,other,Field-native retrieval concept anchored to the ANZSRC field 400311: Tissue engineering.
C000731,ANZ-410501,Environmental biogeochemistry,other,Field-native retrieval concept anchored to the ANZSRC field 410501: Environmental biogeochemistry.
C000732,ANZ-420303,Family care,other,Field-native retrieval concept anchored to the ANZSRC field 420303: Family care.
C000733,ANZ-430306,Digital history,other,Field-native retrieval concept anchored to the ANZSRC field 430306: Digital history.
C000734,ANZ-4613,Dijkstra's algorithm,computational_concept,Graph algorithm for single-source shortest paths with nonnegative edge weights.
C000735,ANZ-450205,Aboriginal and Torres Strait Islander higher education,other,Field-native retrieval concept anchored to the ANZSRC field 450205: Aboriginal and Torres Strait Islander higher education.
C000736,ANZ-460305,Image and video coding,other,Field-native retrieval concept anchored to the ANZSRC field 460305: Image and video coding.
C000737,ANZ-470301,African languages,other,Field-native retrieval concept anchored to the ANZSRC field 470301: African languages.
C000738,ANZ-480402,Family law,other,Field-native retrieval concept anchored to the ANZSRC field 480402: Family law.
C000739,ANZ-490404,Combinatorics and discrete mathematics (excl. physical combinatorics),other,Field-native retrieval concept anchored to the ANZSRC field 490404: Combinatorics and discrete mathematics (excl. physical combinatorics).
