discipline_id,name,parent_id,level,description
ROOT,Research literature,,0,Root of the retrieval hierarchy
ANZ-30,"Agricultural, Veterinary and Food Sciences",ROOT,1,Official ANZSRC Division
ANZ-3001,Agricultural biotechnology,ANZ-30,2,Official ANZSRC Group
ANZ-300101,Agricultural biotechnology diagnostics (incl. biosensors),ANZ-3001,3,Official ANZSRC Field retrieval anchor
ANZ-300102,Agricultural marine biotechnology,ANZ-3001,3,Official ANZSRC Field retrieval anchor
ANZ-300103,Agricultural molecular engineering of nucleic acids and proteins,ANZ-3001,3,Official ANZSRC Field retrieval anchor
ANZ-300104,Genetically modified animals,ANZ-3001,3,Official ANZSRC Field retrieval anchor
ANZ-300105,Genetically modified field crops and pasture,ANZ-3001,3,Official ANZSRC Field retrieval anchor
ANZ-300106,Genetically modified horticulture plants,ANZ-3001,3,Official ANZSRC Field retrieval anchor
ANZ-300107,Genetically modified trees,ANZ-3001,3,Official ANZSRC Field retrieval anchor
ANZ-300108,Livestock cloning,ANZ-3001,3,Official ANZSRC Field retrieval anchor
ANZ-300109,Non-genetically modified uses of biotechnology,ANZ-3001,3,Official ANZSRC Field retrieval anchor
ANZ-300110,Transgenesis,ANZ-3001,3,Official ANZSRC Field retrieval anchor
ANZ-300199,Agricultural biotechnology not elsewhere classified,ANZ-3001,3,Official ANZSRC Field retrieval anchor
ANZ-3002,"Agriculture, land and farm management",ANZ-30,2,Official ANZSRC Group
ANZ-300201,Agricultural hydrology,ANZ-3002,3,Official ANZSRC Field retrieval anchor
ANZ-300202,Agricultural land management,ANZ-3002,3,Official ANZSRC Field retrieval anchor
ANZ-300203,Agricultural land planning,ANZ-3002,3,Official ANZSRC Field retrieval anchor
ANZ-300204,Agricultural management of nutrients,ANZ-3002,3,Official ANZSRC Field retrieval anchor
ANZ-300205,Agricultural production systems simulation,ANZ-3002,3,Official ANZSRC Field retrieval anchor
ANZ-300206,Agricultural spatial analysis and modelling,ANZ-3002,3,Official ANZSRC Field retrieval anchor
ANZ-300207,Agricultural systems analysis and modelling,ANZ-3002,3,Official ANZSRC Field retrieval anchor
ANZ-300208,"Farm management, rural management and agribusiness",ANZ-3002,3,Official ANZSRC Field retrieval anchor
ANZ-300209,Germplasm management,ANZ-3002,3,Official ANZSRC Field retrieval anchor
ANZ-300210,Sustainable agricultural development,ANZ-3002,3,Official ANZSRC Field retrieval anchor
ANZ-300299,"Agriculture, land and farm management not elsewhere classified",ANZ-3002,3,Official ANZSRC Field retrieval anchor
ANZ-3003,Animal production,ANZ-30,2,Official ANZSRC Group
ANZ-300301,Animal growth and development,ANZ-3003,3,Official ANZSRC Field retrieval anchor
ANZ-300302,Animal management,ANZ-3003,3,Official ANZSRC Field retrieval anchor
ANZ-300303,Animal nutrition,ANZ-3003,3,Official ANZSRC Field retrieval anchor
ANZ-300304,Animal protection (incl. pests and pathogens),ANZ-3003,3,Official ANZSRC Field retrieval anchor
ANZ-300305,Animal reproduction and breeding,ANZ-3003,3,Official ANZSRC Field retrieval anchor
ANZ-300306,Animal welfare,ANZ-3003,3,Official ANZSRC Field retrieval anchor
ANZ-300307,Environmental studies in animal production,ANZ-3003,3,Official ANZSRC Field retrieval anchor
ANZ-300399,Animal production not elsewhere classified,ANZ-3003,3,Official ANZSRC Field retrieval anchor
ANZ-3004,Crop and pasture production,ANZ-30,2,Official ANZSRC Group
ANZ-300401,Agrochemicals and biocides (incl. application),ANZ-3004,3,Official ANZSRC Field retrieval anchor
ANZ-300402,Agro-ecosystem function and prediction,ANZ-3004,3,Official ANZSRC Field retrieval anchor
ANZ-300403,Agronomy,ANZ-3004,3,Official ANZSRC Field retrieval anchor
ANZ-300404,Crop and pasture biochemistry and physiology,ANZ-3004,3,Official ANZSRC Field retrieval anchor
ANZ-300405,Crop and pasture biomass and bioproducts,ANZ-3004,3,Official ANZSRC Field retrieval anchor
ANZ-300406,Crop and pasture improvement (incl. selection and breeding),ANZ-3004,3,Official ANZSRC Field retrieval anchor
ANZ-300407,Crop and pasture nutrition,ANZ-3004,3,Official ANZSRC Field retrieval anchor
ANZ-300408,Crop and pasture post harvest technologies (incl. transportation and storage),ANZ-3004,3,Official ANZSRC Field retrieval anchor
ANZ-300409,"Crop and pasture protection (incl. pests, diseases and weeds)",ANZ-3004,3,Official ANZSRC Field retrieval anchor
ANZ-300410,Crop and pasture waste water use,ANZ-3004,3,Official ANZSRC Field retrieval anchor
ANZ-300411,Fertilisers (incl. application),ANZ-3004,3,Official ANZSRC Field retrieval anchor
ANZ-300412,Organic and low chemical input crop production,ANZ-3004,3,Official ANZSRC Field retrieval anchor
ANZ-300413,Pollination biology and systems,ANZ-3004,3,Official ANZSRC Field retrieval anchor
ANZ-300499,Crop and pasture production not elsewhere classified,ANZ-3004,3,Official ANZSRC Field retrieval anchor
ANZ-3005,Fisheries sciences,ANZ-30,2,Official ANZSRC Group
ANZ-300501,Aquaculture,ANZ-3005,3,Official ANZSRC Field retrieval anchor
ANZ-300502,Aquaculture and fisheries stock assessment,ANZ-3005,3,Official ANZSRC Field retrieval anchor
ANZ-300503,Fish pests and diseases,ANZ-3005,3,Official ANZSRC Field retrieval anchor
ANZ-300504,Fish physiology and genetics,ANZ-3005,3,Official ANZSRC Field retrieval anchor
ANZ-300505,Fisheries management,ANZ-3005,3,Official ANZSRC Field retrieval anchor
ANZ-300506,Post-harvest fisheries technologies (incl. transportation),ANZ-3005,3,Official ANZSRC Field retrieval anchor
ANZ-300599,Fisheries sciences not elsewhere classified,ANZ-3005,3,Official ANZSRC Field retrieval anchor
ANZ-3006,Food sciences,ANZ-30,2,Official ANZSRC Group
ANZ-300601,Beverage chemistry and beverage sensory science,ANZ-3006,3,Official ANZSRC Field retrieval anchor
ANZ-300602,Food chemistry and food sensory science,ANZ-3006,3,Official ANZSRC Field retrieval anchor
ANZ-300603,Food nutritional balance,ANZ-3006,3,Official ANZSRC Field retrieval anchor
ANZ-300604,"Food packaging, preservation and processing",ANZ-3006,3,Official ANZSRC Field retrieval anchor
ANZ-300605,"Food safety, traceability, certification and authenticity",ANZ-3006,3,Official ANZSRC Field retrieval anchor
ANZ-300606,Food sustainability,ANZ-3006,3,Official ANZSRC Field retrieval anchor
ANZ-300607,Food technology,ANZ-3006,3,Official ANZSRC Field retrieval anchor
ANZ-300699,Food sciences not elsewhere classified,ANZ-3006,3,Official ANZSRC Field retrieval anchor
ANZ-3007,Forestry sciences,ANZ-30,2,Official ANZSRC Group
ANZ-300701,Agroforestry,ANZ-3007,3,Official ANZSRC Field retrieval anchor
ANZ-300702,Forest biodiversity,ANZ-3007,3,Official ANZSRC Field retrieval anchor
ANZ-300703,Forest ecosystems,ANZ-3007,3,Official ANZSRC Field retrieval anchor
ANZ-300704,Forest health and pathology,ANZ-3007,3,Official ANZSRC Field retrieval anchor
ANZ-300705,Forestry biomass and bioproducts,ANZ-3007,3,Official ANZSRC Field retrieval anchor
ANZ-300706,Forestry fire management,ANZ-3007,3,Official ANZSRC Field retrieval anchor
ANZ-300707,Forestry management and environment,ANZ-3007,3,Official ANZSRC Field retrieval anchor
ANZ-300708,Forestry product quality assessment,ANZ-3007,3,Official ANZSRC Field retrieval anchor
ANZ-300709,Tree improvement (incl. selection and breeding),ANZ-3007,3,Official ANZSRC Field retrieval anchor
ANZ-300710,Tree nutrition and physiology,ANZ-3007,3,Official ANZSRC Field retrieval anchor
ANZ-300711,Wood fibre processing,ANZ-3007,3,Official ANZSRC Field retrieval anchor
ANZ-300712,Wood processing,ANZ-3007,3,Official ANZSRC Field retrieval anchor
ANZ-300799,Forestry sciences not elsewhere classified,ANZ-3007,3,Official ANZSRC Field retrieval anchor
ANZ-3008,Horticultural production,ANZ-30,2,Official ANZSRC Group
ANZ-300801,Field organic and low chemical input horticulture,ANZ-3008,3,Official ANZSRC Field retrieval anchor
ANZ-300802,Horticultural crop growth and development,ANZ-3008,3,Official ANZSRC Field retrieval anchor
ANZ-300803,Horticultural crop improvement (incl. selection and breeding),ANZ-3008,3,Official ANZSRC Field retrieval anchor
ANZ-300804,"Horticultural crop protection (incl. pests, diseases and weeds)",ANZ-3008,3,Official ANZSRC Field retrieval anchor
ANZ-300805,Oenology and viticulture,ANZ-3008,3,Official ANZSRC Field retrieval anchor
ANZ-300806,Post harvest horticultural technologies (incl. transportation and storage),ANZ-3008,3,Official ANZSRC Field retrieval anchor
ANZ-300899,Horticultural production not elsewhere classified,ANZ-3008,3,Official ANZSRC Field retrieval anchor
ANZ-3009,Veterinary sciences,ANZ-30,2,Official ANZSRC Group
ANZ-300901,Veterinary anaesthesiology and intensive care,ANZ-3009,3,Official ANZSRC Field retrieval anchor
ANZ-300902,Veterinary anatomy and physiology,ANZ-3009,3,Official ANZSRC Field retrieval anchor
ANZ-300903,Veterinary bacteriology,ANZ-3009,3,Official ANZSRC Field retrieval anchor
ANZ-300904,Veterinary diagnosis and diagnostics,ANZ-3009,3,Official ANZSRC Field retrieval anchor
ANZ-300905,Veterinary epidemiology,ANZ-3009,3,Official ANZSRC Field retrieval anchor
ANZ-300906,Veterinary immunology,ANZ-3009,3,Official ANZSRC Field retrieval anchor
ANZ-300907,Veterinary medicine (excl. urology),ANZ-3009,3,Official ANZSRC Field retrieval anchor
ANZ-300908,Veterinary mycology,ANZ-3009,3,Official ANZSRC Field retrieval anchor
ANZ-300909,Veterinary parasitology,ANZ-3009,3,Official ANZSRC Field retrieval anchor
ANZ-300910,Veterinary pathology,ANZ-3009,3,Official ANZSRC Field retrieval anchor
ANZ-300911,Veterinary pharmacology,ANZ-3009,3,Official ANZSRC Field retrieval anchor
ANZ-300912,Veterinary surgery,ANZ-3009,3,Official ANZSRC Field retrieval anchor
ANZ-300913,Veterinary urology,ANZ-3009,3,Official ANZSRC Field retrieval anchor
ANZ-300914,Veterinary virology,ANZ-3009,3,Official ANZSRC Field retrieval anchor
ANZ-300999,Veterinary sciences not elsewhere classified,ANZ-3009,3,Official ANZSRC Field retrieval anchor
ANZ-3099,"Other agricultural, veterinary and food sciences",ANZ-30,2,Official ANZSRC Group
ANZ-309999,"Other agricultural, veterinary and food sciences not elsewhere classified",ANZ-3099,3,Official ANZSRC Field retrieval anchor
ANZ-31,Biological Sciences,ROOT,1,Official ANZSRC Division
ANZ-3101,Biochemistry and cell biology,ANZ-31,2,Official ANZSRC Group
ANZ-310101,Analytical biochemistry,ANZ-3101,3,Official ANZSRC Field retrieval anchor
ANZ-310102,"Cell development, proliferation and death",ANZ-3101,3,Official ANZSRC Field retrieval anchor
ANZ-310103,Cell metabolism,ANZ-3101,3,Official ANZSRC Field retrieval anchor
ANZ-310104,Cell neurochemistry,ANZ-3101,3,Official ANZSRC Field retrieval anchor
ANZ-310105,"Cellular interactions (incl. adhesion, matrix, cell wall)",ANZ-3101,3,Official ANZSRC Field retrieval anchor
ANZ-310106,Enzymes,ANZ-3101,3,Official ANZSRC Field retrieval anchor
ANZ-310107,Glycobiology,ANZ-3101,3,Official ANZSRC Field retrieval anchor
ANZ-310108,Protein trafficking,ANZ-3101,3,Official ANZSRC Field retrieval anchor
ANZ-310109,Proteomics and intermolecular interactions (excl. medical proteomics),ANZ-3101,3,Official ANZSRC Field retrieval anchor
ANZ-310110,Receptors and membrane biology,ANZ-3101,3,Official ANZSRC Field retrieval anchor
ANZ-310111,Signal transduction,ANZ-3101,3,Official ANZSRC Field retrieval anchor
ANZ-310112,Structural biology (incl. macromolecular modelling),ANZ-3101,3,Official ANZSRC Field retrieval anchor
ANZ-310113,Synthetic biology,ANZ-3101,3,Official ANZSRC Field retrieval anchor
ANZ-310114,Systems biology,ANZ-3101,3,Official ANZSRC Field retrieval anchor
ANZ-310199,Biochemistry and cell biology not elsewhere classified,ANZ-3101,3,Official ANZSRC Field retrieval anchor
ANZ-3102,Bioinformatics and computational biology,ANZ-31,2,Official ANZSRC Group
ANZ-310201,Bioinformatic methods development,ANZ-3102,3,Official ANZSRC Field retrieval anchor
ANZ-310202,Biological network analysis,ANZ-3102,3,Official ANZSRC Field retrieval anchor
ANZ-310203,Computational ecology and phylogenetics,ANZ-3102,3,Official ANZSRC Field retrieval anchor
ANZ-310204,Genomics and transcriptomics,ANZ-3102,3,Official ANZSRC Field retrieval anchor
ANZ-310205,Proteomics and metabolomics,ANZ-3102,3,Official ANZSRC Field retrieval anchor
ANZ-310206,Sequence analysis,ANZ-3102,3,Official ANZSRC Field retrieval anchor
ANZ-310207,Statistical and quantitative genetics,ANZ-3102,3,Official ANZSRC Field retrieval anchor
ANZ-310208,Translational and applied bioinformatics,ANZ-3102,3,Official ANZSRC Field retrieval anchor
ANZ-310299,Bioinformatics and computational biology not elsewhere classified,ANZ-3102,3,Official ANZSRC Field retrieval anchor
ANZ-3103,Ecology,ANZ-31,2,Official ANZSRC Group
ANZ-310301,Behavioural ecology,ANZ-3103,3,Official ANZSRC Field retrieval anchor
ANZ-310302,Community ecology (excl. invasive species ecology),ANZ-3103,3,Official ANZSRC Field retrieval anchor
ANZ-310303,Ecological physiology,ANZ-3103,3,Official ANZSRC Field retrieval anchor
ANZ-310304,Freshwater ecology,ANZ-3103,3,Official ANZSRC Field retrieval anchor
ANZ-310305,Marine and estuarine ecology (incl. marine ichthyology),ANZ-3103,3,Official ANZSRC Field retrieval anchor
ANZ-310306,Palaeoecology,ANZ-3103,3,Official ANZSRC Field retrieval anchor
ANZ-310307,Population ecology,ANZ-3103,3,Official ANZSRC Field retrieval anchor
ANZ-310308,Terrestrial ecology,ANZ-3103,3,Official ANZSRC Field retrieval anchor
ANZ-310399,Ecology not elsewhere classified,ANZ-3103,3,Official ANZSRC Field retrieval anchor
ANZ-3104,Evolutionary biology,ANZ-31,2,Official ANZSRC Group
ANZ-310401,Animal systematics and taxonomy,ANZ-3104,3,Official ANZSRC Field retrieval anchor
ANZ-310402,Biogeography and phylogeography,ANZ-3104,3,Official ANZSRC Field retrieval anchor
ANZ-310403,Biological adaptation,ANZ-3104,3,Official ANZSRC Field retrieval anchor
ANZ-310404,Evolution of developmental systems,ANZ-3104,3,Official ANZSRC Field retrieval anchor
ANZ-310405,Evolutionary ecology,ANZ-3104,3,Official ANZSRC Field retrieval anchor
ANZ-310406,Evolutionary impacts of climate change,ANZ-3104,3,Official ANZSRC Field retrieval anchor
ANZ-310407,Host-parasite interactions,ANZ-3104,3,Official ANZSRC Field retrieval anchor
ANZ-310408,Life histories,ANZ-3104,3,Official ANZSRC Field retrieval anchor
ANZ-310409,Microbial taxonomy,ANZ-3104,3,Official ANZSRC Field retrieval anchor
ANZ-310410,Phylogeny and comparative analysis,ANZ-3104,3,Official ANZSRC Field retrieval anchor
ANZ-310411,Plant and fungus systematics and taxonomy,ANZ-3104,3,Official ANZSRC Field retrieval anchor
ANZ-310412,Speciation and extinction,ANZ-3104,3,Official ANZSRC Field retrieval anchor
ANZ-310499,Evolutionary biology not elsewhere classified,ANZ-3104,3,Official ANZSRC Field retrieval anchor
ANZ-3105,Genetics,ANZ-31,2,Official ANZSRC Group
ANZ-310501,Anthropological genetics,ANZ-3105,3,Official ANZSRC Field retrieval anchor
ANZ-310502,Cell and nuclear division,ANZ-3105,3,Official ANZSRC Field retrieval anchor
ANZ-310503,Developmental genetics (incl. sex determination),ANZ-3105,3,Official ANZSRC Field retrieval anchor
ANZ-310504,Epigenetics (incl. genome methylation and epigenomics),ANZ-3105,3,Official ANZSRC Field retrieval anchor
ANZ-310505,Gene expression (incl. microarray and other genome-wide approaches),ANZ-3105,3,Official ANZSRC Field retrieval anchor
ANZ-310506,Gene mapping,ANZ-3105,3,Official ANZSRC Field retrieval anchor
ANZ-310507,Genetic immunology,ANZ-3105,3,Official ANZSRC Field retrieval anchor
ANZ-310508,Genome structure and regulation,ANZ-3105,3,Official ANZSRC Field retrieval anchor
ANZ-310509,Genomics,ANZ-3105,3,Official ANZSRC Field retrieval anchor
ANZ-310510,Molecular evolution,ANZ-3105,3,Official ANZSRC Field retrieval anchor
ANZ-310511,Neurogenetics,ANZ-3105,3,Official ANZSRC Field retrieval anchor
ANZ-310599,Genetics not elsewhere classified,ANZ-3105,3,Official ANZSRC Field retrieval anchor
ANZ-3106,Industrial biotechnology,ANZ-31,2,Official ANZSRC Group
ANZ-310601,Biocatalysis and enzyme technology,ANZ-3106,3,Official ANZSRC Field retrieval anchor
ANZ-310602,"Bioprocessing, bioproduction and bioproducts",ANZ-3106,3,Official ANZSRC Field retrieval anchor
ANZ-310603,Fermentation,ANZ-3106,3,Official ANZSRC Field retrieval anchor
ANZ-310604,Industrial biotechnology diagnostics (incl. biosensors),ANZ-3106,3,Official ANZSRC Field retrieval anchor
ANZ-310605,Industrial microbiology (incl. biofeedstocks),ANZ-3106,3,Official ANZSRC Field retrieval anchor
ANZ-310606,Industrial molecular engineering of nucleic acids and proteins,ANZ-3106,3,Official ANZSRC Field retrieval anchor
ANZ-310607,Nanobiotechnology,ANZ-3106,3,Official ANZSRC Field retrieval anchor
ANZ-310699,Industrial biotechnology not elsewhere classified,ANZ-3106,3,Official ANZSRC Field retrieval anchor
ANZ-3107,Microbiology,ANZ-31,2,Official ANZSRC Group
ANZ-310701,Bacteriology,ANZ-3107,3,Official ANZSRC Field retrieval anchor
ANZ-310702,Infectious agents,ANZ-3107,3,Official ANZSRC Field retrieval anchor
ANZ-310703,Microbial ecology,ANZ-3107,3,Official ANZSRC Field retrieval anchor
ANZ-310704,Microbial genetics,ANZ-3107,3,Official ANZSRC Field retrieval anchor
ANZ-310705,Mycology,ANZ-3107,3,Official ANZSRC Field retrieval anchor
ANZ-310706,Virology,ANZ-3107,3,Official ANZSRC Field retrieval anchor
ANZ-310799,Microbiology not elsewhere classified,ANZ-3107,3,Official ANZSRC Field retrieval anchor
ANZ-3108,Plant biology,ANZ-31,2,Official ANZSRC Group
ANZ-310801,Phycology (incl. marine grasses),ANZ-3108,3,Official ANZSRC Field retrieval anchor
ANZ-310802,Plant biochemistry,ANZ-3108,3,Official ANZSRC Field retrieval anchor
ANZ-310803,Plant cell and molecular biology,ANZ-3108,3,Official ANZSRC Field retrieval anchor
ANZ-310804,Plant developmental and reproductive biology,ANZ-3108,3,Official ANZSRC Field retrieval anchor
ANZ-310805,Plant pathology,ANZ-3108,3,Official ANZSRC Field retrieval anchor
ANZ-310806,Plant physiology,ANZ-3108,3,Official ANZSRC Field retrieval anchor
ANZ-310899,Plant biology not elsewhere classified,ANZ-3108,3,Official ANZSRC Field retrieval anchor
ANZ-3109,Zoology,ANZ-31,2,Official ANZSRC Group
ANZ-310901,Animal behaviour,ANZ-3109,3,Official ANZSRC Field retrieval anchor
ANZ-310902,Animal cell and molecular biology,ANZ-3109,3,Official ANZSRC Field retrieval anchor
ANZ-310903,Animal developmental and reproductive biology,ANZ-3109,3,Official ANZSRC Field retrieval anchor
ANZ-310904,Animal diet and nutrition,ANZ-3109,3,Official ANZSRC Field retrieval anchor
ANZ-310905,Animal immunology,ANZ-3109,3,Official ANZSRC Field retrieval anchor
ANZ-310906,Animal neurobiology,ANZ-3109,3,Official ANZSRC Field retrieval anchor
ANZ-310907,Animal physiological ecology,ANZ-3109,3,Official ANZSRC Field retrieval anchor
ANZ-310908,Animal physiology - biophysics,ANZ-3109,3,Official ANZSRC Field retrieval anchor
ANZ-310909,Animal physiology - cell,ANZ-3109,3,Official ANZSRC Field retrieval anchor
ANZ-310910,Animal physiology - systems,ANZ-3109,3,Official ANZSRC Field retrieval anchor
ANZ-310911,Animal structure and function,ANZ-3109,3,Official ANZSRC Field retrieval anchor
ANZ-310912,Comparative physiology,ANZ-3109,3,Official ANZSRC Field retrieval anchor
ANZ-310913,Invertebrate biology,ANZ-3109,3,Official ANZSRC Field retrieval anchor
ANZ-310914,Vertebrate biology,ANZ-3109,3,Official ANZSRC Field retrieval anchor
ANZ-310999,Zoology not elsewhere classified,ANZ-3109,3,Official ANZSRC Field retrieval anchor
ANZ-3199,Other biological sciences,ANZ-31,2,Official ANZSRC Group
ANZ-319901,Forensic biology,ANZ-3199,3,Official ANZSRC Field retrieval anchor
ANZ-319902,Global change biology,ANZ-3199,3,Official ANZSRC Field retrieval anchor
ANZ-319999,Other biological sciences not elsewhere classified,ANZ-3199,3,Official ANZSRC Field retrieval anchor
ANZ-32,Biomedical and Clinical Sciences,ROOT,1,Official ANZSRC Division
ANZ-3201,Cardiovascular medicine and haematology,ANZ-32,2,Official ANZSRC Group
ANZ-320101,Cardiology (incl. cardiovascular diseases),ANZ-3201,3,Official ANZSRC Field retrieval anchor
ANZ-320102,Haematology,ANZ-3201,3,Official ANZSRC Field retrieval anchor
ANZ-320103,Respiratory diseases,ANZ-3201,3,Official ANZSRC Field retrieval anchor
ANZ-320199,Cardiovascular medicine and haematology not elsewhere classified,ANZ-3201,3,Official ANZSRC Field retrieval anchor
ANZ-3202,Clinical sciences,ANZ-32,2,Official ANZSRC Group
ANZ-320201,Anaesthesiology,ANZ-3202,3,Official ANZSRC Field retrieval anchor
ANZ-320202,Clinical chemistry (incl. diagnostics),ANZ-3202,3,Official ANZSRC Field retrieval anchor
ANZ-320203,Clinical microbiology,ANZ-3202,3,Official ANZSRC Field retrieval anchor
ANZ-320204,Clinimetrics,ANZ-3202,3,Official ANZSRC Field retrieval anchor
ANZ-320205,Dermatology,ANZ-3202,3,Official ANZSRC Field retrieval anchor
ANZ-320206,Diagnostic radiography,ANZ-3202,3,Official ANZSRC Field retrieval anchor
ANZ-320207,Emergency medicine,ANZ-3202,3,Official ANZSRC Field retrieval anchor
ANZ-320208,Endocrinology,ANZ-3202,3,Official ANZSRC Field retrieval anchor
ANZ-320209,Gastroenterology and hepatology,ANZ-3202,3,Official ANZSRC Field retrieval anchor
ANZ-320210,Geriatrics and gerontology,ANZ-3202,3,Official ANZSRC Field retrieval anchor
ANZ-320211,Infectious diseases,ANZ-3202,3,Official ANZSRC Field retrieval anchor
ANZ-320212,Intensive care,ANZ-3202,3,Official ANZSRC Field retrieval anchor
ANZ-320213,Medical genetics (excl. cancer genetics),ANZ-3202,3,Official ANZSRC Field retrieval anchor
ANZ-320214,Nephrology and urology,ANZ-3202,3,Official ANZSRC Field retrieval anchor
ANZ-320215,Nuclear medicine,ANZ-3202,3,Official ANZSRC Field retrieval anchor
ANZ-320216,Orthopaedics,ANZ-3202,3,Official ANZSRC Field retrieval anchor
ANZ-320217,Otorhinolaryngology,ANZ-3202,3,Official ANZSRC Field retrieval anchor
ANZ-320218,Pain,ANZ-3202,3,Official ANZSRC Field retrieval anchor
ANZ-320219,Paramedicine,ANZ-3202,3,Official ANZSRC Field retrieval anchor
ANZ-320220,Pathology (excl. oral pathology),ANZ-3202,3,Official ANZSRC Field retrieval anchor
ANZ-320221,Psychiatry (incl. psychotherapy),ANZ-3202,3,Official ANZSRC Field retrieval anchor
ANZ-320222,Radiology and organ imaging,ANZ-3202,3,Official ANZSRC Field retrieval anchor
ANZ-320223,Rheumatology and arthritis,ANZ-3202,3,Official ANZSRC Field retrieval anchor
ANZ-320224,Rural clinical health,ANZ-3202,3,Official ANZSRC Field retrieval anchor
ANZ-320225,Sports medicine,ANZ-3202,3,Official ANZSRC Field retrieval anchor
ANZ-320226,Surgery,ANZ-3202,3,Official ANZSRC Field retrieval anchor
ANZ-320227,Venereology,ANZ-3202,3,Official ANZSRC Field retrieval anchor
ANZ-320299,Clinical sciences not elsewhere classified,ANZ-3202,3,Official ANZSRC Field retrieval anchor
ANZ-3203,Dentistry,ANZ-32,2,Official ANZSRC Group
ANZ-320301,Craniofacial biology,ANZ-3203,3,Official ANZSRC Field retrieval anchor
ANZ-320302,Dental materials and equipment,ANZ-3203,3,Official ANZSRC Field retrieval anchor
ANZ-320303,"Dental therapeutics, pharmacology and toxicology",ANZ-3203,3,Official ANZSRC Field retrieval anchor
ANZ-320304,Endodontics,ANZ-3203,3,Official ANZSRC Field retrieval anchor
ANZ-320305,Oral and maxillofacial surgery,ANZ-3203,3,Official ANZSRC Field retrieval anchor
ANZ-320306,Oral implantology,ANZ-3203,3,Official ANZSRC Field retrieval anchor
ANZ-320307,Oral medicine and pathology,ANZ-3203,3,Official ANZSRC Field retrieval anchor
ANZ-320308,Orthodontics and dentofacial orthopaedics,ANZ-3203,3,Official ANZSRC Field retrieval anchor
ANZ-320309,Paedodontics,ANZ-3203,3,Official ANZSRC Field retrieval anchor
ANZ-320310,Periodontics,ANZ-3203,3,Official ANZSRC Field retrieval anchor
ANZ-320311,Prosthodontics,ANZ-3203,3,Official ANZSRC Field retrieval anchor
ANZ-320312,Special needs dentistry,ANZ-3203,3,Official ANZSRC Field retrieval anchor
ANZ-320399,Dentistry not elsewhere classified,ANZ-3203,3,Official ANZSRC Field retrieval anchor
ANZ-3204,Immunology,ANZ-32,2,Official ANZSRC Group
ANZ-320401,Allergy,ANZ-3204,3,Official ANZSRC Field retrieval anchor
ANZ-320402,"Applied immunology (incl. antibody engineering, xenotransplantation and t-cell therapies)",ANZ-3204,3,Official ANZSRC Field retrieval anchor
ANZ-320403,Autoimmunity,ANZ-3204,3,Official ANZSRC Field retrieval anchor
ANZ-320404,Cellular immunology,ANZ-3204,3,Official ANZSRC Field retrieval anchor
ANZ-320405,Humoural immunology and immunochemistry,ANZ-3204,3,Official ANZSRC Field retrieval anchor
ANZ-320406,Immunogenetics (incl. genetic immunology),ANZ-3204,3,Official ANZSRC Field retrieval anchor
ANZ-320407,Innate immunity,ANZ-3204,3,Official ANZSRC Field retrieval anchor
ANZ-320408,Transplantation immunology,ANZ-3204,3,Official ANZSRC Field retrieval anchor
ANZ-320409,Tumour immunology,ANZ-3204,3,Official ANZSRC Field retrieval anchor
ANZ-320499,Immunology not elsewhere classified,ANZ-3204,3,Official ANZSRC Field retrieval anchor
ANZ-3205,Medical biochemistry and metabolomics,ANZ-32,2,Official ANZSRC Group
ANZ-320501,Medical biochemistry - amino acids and metabolites,ANZ-3205,3,Official ANZSRC Field retrieval anchor
ANZ-320502,Medical biochemistry - carbohydrates,ANZ-3205,3,Official ANZSRC Field retrieval anchor
ANZ-320503,Medical biochemistry - inorganic elements and compounds,ANZ-3205,3,Official ANZSRC Field retrieval anchor
ANZ-320504,Medical biochemistry - lipids,ANZ-3205,3,Official ANZSRC Field retrieval anchor
ANZ-320505,Medical biochemistry - nucleic acids,ANZ-3205,3,Official ANZSRC Field retrieval anchor
ANZ-320506,Medical biochemistry - proteins and peptides (incl. medical proteomics),ANZ-3205,3,Official ANZSRC Field retrieval anchor
ANZ-320507,Metabolic medicine,ANZ-3205,3,Official ANZSRC Field retrieval anchor
ANZ-320599,Medical biochemistry and metabolomics not elsewhere classified,ANZ-3205,3,Official ANZSRC Field retrieval anchor
ANZ-3206,Medical biotechnology,ANZ-32,2,Official ANZSRC Group
ANZ-320601,Gene and molecular therapy,ANZ-3206,3,Official ANZSRC Field retrieval anchor
ANZ-320602,Medical biotechnology diagnostics (incl. biosensors),ANZ-3206,3,Official ANZSRC Field retrieval anchor
ANZ-320603,Medical molecular engineering of nucleic acids and proteins,ANZ-3206,3,Official ANZSRC Field retrieval anchor
ANZ-320604,Nanomedicine,ANZ-3206,3,Official ANZSRC Field retrieval anchor
ANZ-320605,"Nanotoxicology, health and safety",ANZ-3206,3,Official ANZSRC Field retrieval anchor
ANZ-320606,Regenerative medicine (incl. stem cells),ANZ-3206,3,Official ANZSRC Field retrieval anchor
ANZ-320699,Medical biotechnology not elsewhere classified,ANZ-3206,3,Official ANZSRC Field retrieval anchor
ANZ-3207,Medical microbiology,ANZ-32,2,Official ANZSRC Group
ANZ-320701,Medical bacteriology,ANZ-3207,3,Official ANZSRC Field retrieval anchor
ANZ-320702,Medical infection agents (incl. prions),ANZ-3207,3,Official ANZSRC Field retrieval anchor
ANZ-320703,Medical mycology,ANZ-3207,3,Official ANZSRC Field retrieval anchor
ANZ-320704,Medical parasitology,ANZ-3207,3,Official ANZSRC Field retrieval anchor
ANZ-320705,Medical virology,ANZ-3207,3,Official ANZSRC Field retrieval anchor
ANZ-320799,Medical microbiology not elsewhere classified,ANZ-3207,3,Official ANZSRC Field retrieval anchor
ANZ-3208,Medical physiology,ANZ-32,2,Official ANZSRC Group
ANZ-320801,Cell physiology,ANZ-3208,3,Official ANZSRC Field retrieval anchor
ANZ-320802,Human biophysics,ANZ-3208,3,Official ANZSRC Field retrieval anchor
ANZ-320803,Systems physiology,ANZ-3208,3,Official ANZSRC Field retrieval anchor
ANZ-320899,Medical physiology not elsewhere classified,ANZ-3208,3,Official ANZSRC Field retrieval anchor
ANZ-3209,Neurosciences,ANZ-32,2,Official ANZSRC Group
ANZ-320901,Autonomic nervous system,ANZ-3209,3,Official ANZSRC Field retrieval anchor
ANZ-320902,Cellular nervous system,ANZ-3209,3,Official ANZSRC Field retrieval anchor
ANZ-320903,Central nervous system,ANZ-3209,3,Official ANZSRC Field retrieval anchor
ANZ-320904,Computational neuroscience (incl. mathematical neuroscience and theoretical neuroscience),ANZ-3209,3,Official ANZSRC Field retrieval anchor
ANZ-320905,Neurology and neuromuscular diseases,ANZ-3209,3,Official ANZSRC Field retrieval anchor
ANZ-320906,Peripheral nervous system,ANZ-3209,3,Official ANZSRC Field retrieval anchor
ANZ-320907,Sensory systems,ANZ-3209,3,Official ANZSRC Field retrieval anchor
ANZ-320999,Neurosciences not elsewhere classified,ANZ-3209,3,Official ANZSRC Field retrieval anchor
ANZ-3210,Nutrition and dietetics,ANZ-32,2,Official ANZSRC Group
ANZ-321001,Clinical nutrition,ANZ-3210,3,Official ANZSRC Field retrieval anchor
ANZ-321002,Food properties (incl. characteristics and health benefits),ANZ-3210,3,Official ANZSRC Field retrieval anchor
ANZ-321003,Nutrigenomics and personalised nutrition,ANZ-3210,3,Official ANZSRC Field retrieval anchor
ANZ-321004,Nutritional science,ANZ-3210,3,Official ANZSRC Field retrieval anchor
ANZ-321005,Public health nutrition,ANZ-3210,3,Official ANZSRC Field retrieval anchor
ANZ-321006,Sport and exercise nutrition,ANZ-3210,3,Official ANZSRC Field retrieval anchor
ANZ-321099,Nutrition and dietetics not elsewhere classified,ANZ-3210,3,Official ANZSRC Field retrieval anchor
ANZ-3211,Oncology and carcinogenesis,ANZ-32,2,Official ANZSRC Group
ANZ-321101,Cancer cell biology,ANZ-3211,3,Official ANZSRC Field retrieval anchor
ANZ-321102,Cancer diagnosis,ANZ-3211,3,Official ANZSRC Field retrieval anchor
ANZ-321103,Cancer genetics,ANZ-3211,3,Official ANZSRC Field retrieval anchor
ANZ-321104,Cancer therapy (excl. chemotherapy and radiation therapy),ANZ-3211,3,Official ANZSRC Field retrieval anchor
ANZ-321105,Chemotherapy,ANZ-3211,3,Official ANZSRC Field retrieval anchor
ANZ-321106,Haematological tumours,ANZ-3211,3,Official ANZSRC Field retrieval anchor
ANZ-321107,Liquid biopsies,ANZ-3211,3,Official ANZSRC Field retrieval anchor
ANZ-321108,Molecular targets,ANZ-3211,3,Official ANZSRC Field retrieval anchor
ANZ-321109,Predictive and prognostic markers,ANZ-3211,3,Official ANZSRC Field retrieval anchor
ANZ-321110,Radiation therapy,ANZ-3211,3,Official ANZSRC Field retrieval anchor
ANZ-321111,Solid tumours,ANZ-3211,3,Official ANZSRC Field retrieval anchor
ANZ-321199,Oncology and carcinogenesis not elsewhere classified,ANZ-3211,3,Official ANZSRC Field retrieval anchor
ANZ-3212,Ophthalmology and optometry,ANZ-32,2,Official ANZSRC Group
ANZ-321201,Ophthalmology,ANZ-3212,3,Official ANZSRC Field retrieval anchor
ANZ-321202,Optical technology,ANZ-3212,3,Official ANZSRC Field retrieval anchor
ANZ-321203,Optometry,ANZ-3212,3,Official ANZSRC Field retrieval anchor
ANZ-321204,Vision science,ANZ-3212,3,Official ANZSRC Field retrieval anchor
ANZ-321299,Ophthalmology and optometry not elsewhere classified,ANZ-3212,3,Official ANZSRC Field retrieval anchor
ANZ-3213,Paediatrics,ANZ-32,2,Official ANZSRC Group
ANZ-321301,Adolescent health,ANZ-3213,3,Official ANZSRC Field retrieval anchor
ANZ-321302,Infant and child health,ANZ-3213,3,Official ANZSRC Field retrieval anchor
ANZ-321303,Neonatology,ANZ-3213,3,Official ANZSRC Field retrieval anchor
ANZ-321399,Paediatrics not elsewhere classified,ANZ-3213,3,Official ANZSRC Field retrieval anchor
ANZ-3214,Pharmacology and pharmaceutical sciences,ANZ-32,2,Official ANZSRC Group
ANZ-321401,Basic pharmacology,ANZ-3214,3,Official ANZSRC Field retrieval anchor
ANZ-321402,Clinical pharmacology and therapeutics,ANZ-3214,3,Official ANZSRC Field retrieval anchor
ANZ-321403,Clinical pharmacy and pharmacy practice,ANZ-3214,3,Official ANZSRC Field retrieval anchor
ANZ-321404,Pharmaceutical delivery technologies,ANZ-3214,3,Official ANZSRC Field retrieval anchor
ANZ-321405,Pharmaceutical sciences,ANZ-3214,3,Official ANZSRC Field retrieval anchor
ANZ-321406,Pharmacogenomics,ANZ-3214,3,Official ANZSRC Field retrieval anchor
ANZ-321407,Toxicology (incl. clinical toxicology),ANZ-3214,3,Official ANZSRC Field retrieval anchor
ANZ-321499,Pharmacology and pharmaceutical sciences not elsewhere classified,ANZ-3214,3,Official ANZSRC Field retrieval anchor
ANZ-3215,Reproductive medicine,ANZ-32,2,Official ANZSRC Group
ANZ-321501,Foetal development and medicine,ANZ-3215,3,Official ANZSRC Field retrieval anchor
ANZ-321502,Obstetrics and gynaecology,ANZ-3215,3,Official ANZSRC Field retrieval anchor
ANZ-321503,Reproduction,ANZ-3215,3,Official ANZSRC Field retrieval anchor
ANZ-321599,Reproductive medicine not elsewhere classified,ANZ-3215,3,Official ANZSRC Field retrieval anchor
ANZ-3299,Other biomedical and clinical sciences,ANZ-32,2,Official ANZSRC Group
ANZ-329999,Other biomedical and clinical sciences not elsewhere classified,ANZ-3299,3,Official ANZSRC Field retrieval anchor
ANZ-33,Built Environment and Design,ROOT,1,Official ANZSRC Division
ANZ-3301,Architecture,ANZ-33,2,Official ANZSRC Group
ANZ-330101,Architectural computing and visualisation methods,ANZ-3301,3,Official ANZSRC Field retrieval anchor
ANZ-330102,Architectural design,ANZ-3301,3,Official ANZSRC Field retrieval anchor
ANZ-330103,Architectural heritage and conservation,ANZ-3301,3,Official ANZSRC Field retrieval anchor
ANZ-330104,"Architectural history, theory and criticism",ANZ-3301,3,Official ANZSRC Field retrieval anchor
ANZ-330105,Architectural science and technology,ANZ-3301,3,Official ANZSRC Field retrieval anchor
ANZ-330106,Architecture for disaster relief,ANZ-3301,3,Official ANZSRC Field retrieval anchor
ANZ-330107,Architecture management,ANZ-3301,3,Official ANZSRC Field retrieval anchor
ANZ-330108,Interior design,ANZ-3301,3,Official ANZSRC Field retrieval anchor
ANZ-330109,Landscape architecture,ANZ-3301,3,Official ANZSRC Field retrieval anchor
ANZ-330110,Sustainable architecture,ANZ-3301,3,Official ANZSRC Field retrieval anchor
ANZ-330199,Architecture not elsewhere classified,ANZ-3301,3,Official ANZSRC Field retrieval anchor
ANZ-3302,Building,ANZ-33,2,Official ANZSRC Group
ANZ-330201,Automation and technology in building and construction,ANZ-3302,3,Official ANZSRC Field retrieval anchor
ANZ-330202,Building construction management and project planning,ANZ-3302,3,Official ANZSRC Field retrieval anchor
ANZ-330203,Building industry studies,ANZ-3302,3,Official ANZSRC Field retrieval anchor
ANZ-330204,Building information modelling and management,ANZ-3302,3,Official ANZSRC Field retrieval anchor
ANZ-330205,Building organisational studies,ANZ-3302,3,Official ANZSRC Field retrieval anchor
ANZ-330206,"Building science, technologies and systems",ANZ-3302,3,Official ANZSRC Field retrieval anchor
ANZ-330207,Quantity surveying,ANZ-3302,3,Official ANZSRC Field retrieval anchor
ANZ-330299,Building not elsewhere classified,ANZ-3302,3,Official ANZSRC Field retrieval anchor
ANZ-3303,Design,ANZ-33,2,Official ANZSRC Group
ANZ-330301,Data visualisation and computational (incl. parametric and generative) design,ANZ-3303,3,Official ANZSRC Field retrieval anchor
ANZ-330302,Design anthropology,ANZ-3303,3,Official ANZSRC Field retrieval anchor
ANZ-330303,Design for disaster relief,ANZ-3303,3,Official ANZSRC Field retrieval anchor
ANZ-330304,"Design history, theory and criticism",ANZ-3303,3,Official ANZSRC Field retrieval anchor
ANZ-330305,Design management,ANZ-3303,3,Official ANZSRC Field retrieval anchor
ANZ-330306,Design practice and methods,ANZ-3303,3,Official ANZSRC Field retrieval anchor
ANZ-330307,Ergonomics design,ANZ-3303,3,Official ANZSRC Field retrieval anchor
ANZ-330308,Fire safety design,ANZ-3303,3,Official ANZSRC Field retrieval anchor
ANZ-330309,Industrial and product design,ANZ-3303,3,Official ANZSRC Field retrieval anchor
ANZ-330310,Interaction and experience design,ANZ-3303,3,Official ANZSRC Field retrieval anchor
ANZ-330311,Models and simulations of design,ANZ-3303,3,Official ANZSRC Field retrieval anchor
ANZ-330312,Service design,ANZ-3303,3,Official ANZSRC Field retrieval anchor
ANZ-330313,Social design,ANZ-3303,3,Official ANZSRC Field retrieval anchor
ANZ-330314,Sustainable design,ANZ-3303,3,Official ANZSRC Field retrieval anchor
ANZ-330315,Textile and fashion design,ANZ-3303,3,Official ANZSRC Field retrieval anchor
ANZ-330316,Visual communication design (incl. graphic design),ANZ-3303,3,Official ANZSRC Field retrieval anchor
ANZ-330399,Design not elsewhere classified,ANZ-3303,3,Official ANZSRC Field retrieval anchor
ANZ-3304,Urban and regional planning,ANZ-33,2,Official ANZSRC Group
ANZ-330401,Community planning,ANZ-3304,3,Official ANZSRC Field retrieval anchor
ANZ-330402,History and theory of the built environment (excl. architecture),ANZ-3304,3,Official ANZSRC Field retrieval anchor
ANZ-330403,"Housing markets, development and management",ANZ-3304,3,Official ANZSRC Field retrieval anchor
ANZ-330404,Land use and environmental planning,ANZ-3304,3,Official ANZSRC Field retrieval anchor
ANZ-330405,Public participation and community engagement,ANZ-3304,3,Official ANZSRC Field retrieval anchor
ANZ-330406,Regional analysis and development,ANZ-3304,3,Official ANZSRC Field retrieval anchor
ANZ-330407,Regulatory planning and development assessment,ANZ-3304,3,Official ANZSRC Field retrieval anchor
ANZ-330408,"Strategic, metropolitan and regional planning",ANZ-3304,3,Official ANZSRC Field retrieval anchor
ANZ-330409,Transport planning,ANZ-3304,3,Official ANZSRC Field retrieval anchor
ANZ-330410,Urban analysis and development,ANZ-3304,3,Official ANZSRC Field retrieval anchor
ANZ-330411,Urban design,ANZ-3304,3,Official ANZSRC Field retrieval anchor
ANZ-330412,Urban informatics,ANZ-3304,3,Official ANZSRC Field retrieval anchor
ANZ-330413,Urban planning and health,ANZ-3304,3,Official ANZSRC Field retrieval anchor
ANZ-330499,Urban and regional planning not elsewhere classified,ANZ-3304,3,Official ANZSRC Field retrieval anchor
ANZ-3399,Other built environment and design,ANZ-33,2,Official ANZSRC Group
ANZ-339999,Other built environment and design not elsewhere classified,ANZ-3399,3,Official ANZSRC Field retrieval anchor
ANZ-34,Chemical Sciences,ROOT,1,Official ANZSRC Division
ANZ-3401,Analytical chemistry,ANZ-34,2,Official ANZSRC Group
ANZ-340101,Analytical spectrometry,ANZ-3401,3,Official ANZSRC Field retrieval anchor
ANZ-340102,Bioassays,ANZ-3401,3,Official ANZSRC Field retrieval anchor
ANZ-340103,Electroanalytical chemistry,ANZ-3401,3,Official ANZSRC Field retrieval anchor
ANZ-340104,Flow analysis,ANZ-3401,3,Official ANZSRC Field retrieval anchor
ANZ-340105,Instrumental methods (excl. immunological and bioassay methods),ANZ-3401,3,Official ANZSRC Field retrieval anchor
ANZ-340106,Metabolomic chemistry,ANZ-3401,3,Official ANZSRC Field retrieval anchor
ANZ-340107,"Quality assurance, chemometrics, traceability and metrological chemistry",ANZ-3401,3,Official ANZSRC Field retrieval anchor
ANZ-340108,Sensor technology (incl. chemical aspects),ANZ-3401,3,Official ANZSRC Field retrieval anchor
ANZ-340109,Separation science,ANZ-3401,3,Official ANZSRC Field retrieval anchor
ANZ-340199,Analytical chemistry not elsewhere classified,ANZ-3401,3,Official ANZSRC Field retrieval anchor
ANZ-3402,Inorganic chemistry,ANZ-34,2,Official ANZSRC Group
ANZ-340201,Bioinorganic chemistry,ANZ-3402,3,Official ANZSRC Field retrieval anchor
ANZ-340202,Crystallography,ANZ-3402,3,Official ANZSRC Field retrieval anchor
ANZ-340203,F-block chemistry,ANZ-3402,3,Official ANZSRC Field retrieval anchor
ANZ-340204,Inorganic green chemistry,ANZ-3402,3,Official ANZSRC Field retrieval anchor
ANZ-340205,Main group metal chemistry,ANZ-3402,3,Official ANZSRC Field retrieval anchor
ANZ-340206,Metal cluster chemistry,ANZ-3402,3,Official ANZSRC Field retrieval anchor
ANZ-340207,Metal organic frameworks,ANZ-3402,3,Official ANZSRC Field retrieval anchor
ANZ-340208,Non-metal chemistry,ANZ-3402,3,Official ANZSRC Field retrieval anchor
ANZ-340209,Organometallic chemistry,ANZ-3402,3,Official ANZSRC Field retrieval anchor
ANZ-340210,Solid state chemistry,ANZ-3402,3,Official ANZSRC Field retrieval anchor
ANZ-340211,Transition metal chemistry,ANZ-3402,3,Official ANZSRC Field retrieval anchor
ANZ-340299,Inorganic chemistry not elsewhere classified,ANZ-3402,3,Official ANZSRC Field retrieval anchor
ANZ-3403,Macromolecular and materials chemistry,ANZ-34,2,Official ANZSRC Group
ANZ-340301,Inorganic materials (incl. nanomaterials),ANZ-3403,3,Official ANZSRC Field retrieval anchor
ANZ-340302,Macromolecular materials,ANZ-3403,3,Official ANZSRC Field retrieval anchor
ANZ-340303,Nanochemistry,ANZ-3403,3,Official ANZSRC Field retrieval anchor
ANZ-340304,Optical properties of materials,ANZ-3403,3,Official ANZSRC Field retrieval anchor
ANZ-340305,Physical properties of materials,ANZ-3403,3,Official ANZSRC Field retrieval anchor
ANZ-340306,Polymerisation mechanisms,ANZ-3403,3,Official ANZSRC Field retrieval anchor
ANZ-340307,Structure and dynamics of materials,ANZ-3403,3,Official ANZSRC Field retrieval anchor
ANZ-340308,Supramolecular chemistry,ANZ-3403,3,Official ANZSRC Field retrieval anchor
ANZ-340309,Theory and design of materials,ANZ-3403,3,Official ANZSRC Field retrieval anchor
ANZ-340399,Macromolecular and materials chemistry not elsewhere classified,ANZ-3403,3,Official ANZSRC Field retrieval anchor
ANZ-3404,Medicinal and biomolecular chemistry,ANZ-34,2,Official ANZSRC Group
ANZ-340401,Biologically active molecules,ANZ-3404,3,Official ANZSRC Field retrieval anchor
ANZ-340402,Biomolecular modelling and design,ANZ-3404,3,Official ANZSRC Field retrieval anchor
ANZ-340403,Characterisation of biological macromolecules,ANZ-3404,3,Official ANZSRC Field retrieval anchor
ANZ-340404,Cheminformatics and quantitative structure-activity relationships,ANZ-3404,3,Official ANZSRC Field retrieval anchor
ANZ-340405,Glycoconjugates,ANZ-3404,3,Official ANZSRC Field retrieval anchor
ANZ-340406,Molecular medicine,ANZ-3404,3,Official ANZSRC Field retrieval anchor
ANZ-340407,Proteins and peptides,ANZ-3404,3,Official ANZSRC Field retrieval anchor
ANZ-340499,Medicinal and biomolecular chemistry not elsewhere classified,ANZ-3404,3,Official ANZSRC Field retrieval anchor
ANZ-3405,Organic chemistry,ANZ-34,2,Official ANZSRC Group
ANZ-340501,Free radical chemistry,ANZ-3405,3,Official ANZSRC Field retrieval anchor
ANZ-340502,Natural products and bioactive compounds,ANZ-3405,3,Official ANZSRC Field retrieval anchor
ANZ-340503,Organic chemical synthesis,ANZ-3405,3,Official ANZSRC Field retrieval anchor
ANZ-340504,Organic green chemistry,ANZ-3405,3,Official ANZSRC Field retrieval anchor
ANZ-340505,Physical organic chemistry,ANZ-3405,3,Official ANZSRC Field retrieval anchor
ANZ-340599,Organic chemistry not elsewhere classified,ANZ-3405,3,Official ANZSRC Field retrieval anchor
ANZ-3406,Physical chemistry,ANZ-34,2,Official ANZSRC Group
ANZ-340601,Catalysis and mechanisms of reactions,ANZ-3406,3,Official ANZSRC Field retrieval anchor
ANZ-340602,Chemical thermodynamics and energetics,ANZ-3406,3,Official ANZSRC Field retrieval anchor
ANZ-340603,Colloid and surface chemistry,ANZ-3406,3,Official ANZSRC Field retrieval anchor
ANZ-340604,Electrochemistry,ANZ-3406,3,Official ANZSRC Field retrieval anchor
ANZ-340605,Molecular imaging (incl. electron microscopy and neutron diffraction),ANZ-3406,3,Official ANZSRC Field retrieval anchor
ANZ-340606,Photochemistry,ANZ-3406,3,Official ANZSRC Field retrieval anchor
ANZ-340607,Reaction kinetics and dynamics,ANZ-3406,3,Official ANZSRC Field retrieval anchor
ANZ-340608,Solution chemistry,ANZ-3406,3,Official ANZSRC Field retrieval anchor
ANZ-340609,Transport properties and non-equilibrium processes,ANZ-3406,3,Official ANZSRC Field retrieval anchor
ANZ-340699,Physical chemistry not elsewhere classified,ANZ-3406,3,Official ANZSRC Field retrieval anchor
ANZ-3407,Theoretical and computational chemistry,ANZ-34,2,Official ANZSRC Group
ANZ-340701,Computational chemistry,ANZ-3407,3,Official ANZSRC Field retrieval anchor
ANZ-340702,Radiation and matter,ANZ-3407,3,Official ANZSRC Field retrieval anchor
ANZ-340703,Statistical mechanics in chemistry,ANZ-3407,3,Official ANZSRC Field retrieval anchor
ANZ-340704,Theoretical quantum chemistry,ANZ-3407,3,Official ANZSRC Field retrieval anchor
ANZ-340799,Theoretical and computational chemistry not elsewhere classified,ANZ-3407,3,Official ANZSRC Field retrieval anchor
ANZ-3499,Other chemical sciences,ANZ-34,2,Official ANZSRC Group
ANZ-349901,Forensic chemistry,ANZ-3499,3,Official ANZSRC Field retrieval anchor
ANZ-349999,Other chemical sciences not elsewhere classified,ANZ-3499,3,Official ANZSRC Field retrieval anchor
ANZ-35,"Commerce, Management, Tourism and Services",ROOT,1,Official ANZSRC Division
ANZ-3501,"Accounting, auditing and accountability",ANZ-35,2,Official ANZSRC Group
ANZ-350101,Accounting theory and standards,ANZ-3501,3,Official ANZSRC Field retrieval anchor
ANZ-350102,Auditing and accountability,ANZ-3501,3,Official ANZSRC Field retrieval anchor
ANZ-350103,Financial accounting,ANZ-3501,3,Official ANZSRC Field retrieval anchor
ANZ-350104,International accounting,ANZ-3501,3,Official ANZSRC Field retrieval anchor
ANZ-350105,Management accounting,ANZ-3501,3,Official ANZSRC Field retrieval anchor
ANZ-350106,Not-for-profit accounting and accountability,ANZ-3501,3,Official ANZSRC Field retrieval anchor
ANZ-350107,Sustainability accounting and reporting,ANZ-3501,3,Official ANZSRC Field retrieval anchor
ANZ-350108,Taxation accounting,ANZ-3501,3,Official ANZSRC Field retrieval anchor
ANZ-350199,"Accounting, auditing and accountability not elsewhere classified",ANZ-3501,3,Official ANZSRC Field retrieval anchor
ANZ-3502,"Banking, finance and investment",ANZ-35,2,Official ANZSRC Group
ANZ-350201,Environment and climate finance,ANZ-3502,3,Official ANZSRC Field retrieval anchor
ANZ-350202,Finance,ANZ-3502,3,Official ANZSRC Field retrieval anchor
ANZ-350203,Financial econometrics,ANZ-3502,3,Official ANZSRC Field retrieval anchor
ANZ-350204,Financial institutions (incl. banking),ANZ-3502,3,Official ANZSRC Field retrieval anchor
ANZ-350205,Household finance and financial literacy,ANZ-3502,3,Official ANZSRC Field retrieval anchor
ANZ-350206,Insurance studies,ANZ-3502,3,Official ANZSRC Field retrieval anchor
ANZ-350207,International finance,ANZ-3502,3,Official ANZSRC Field retrieval anchor
ANZ-350208,Investment and risk management,ANZ-3502,3,Official ANZSRC Field retrieval anchor
ANZ-350209,Not-for-profit finance and risk,ANZ-3502,3,Official ANZSRC Field retrieval anchor
ANZ-350299,"Banking, finance and investment not elsewhere classified",ANZ-3502,3,Official ANZSRC Field retrieval anchor
ANZ-3503,Business systems in context,ANZ-35,2,Official ANZSRC Group
ANZ-350301,Business analytics,ANZ-3503,3,Official ANZSRC Field retrieval anchor
ANZ-350302,"Business information management (incl. records, knowledge and intelligence)",ANZ-3503,3,Official ANZSRC Field retrieval anchor
ANZ-350303,Business information systems,ANZ-3503,3,Official ANZSRC Field retrieval anchor
ANZ-350304,Business systems in context,ANZ-3503,3,Official ANZSRC Field retrieval anchor
ANZ-350305,Forensic intelligence,ANZ-3503,3,Official ANZSRC Field retrieval anchor
ANZ-350306,Forensic science and management,ANZ-3503,3,Official ANZSRC Field retrieval anchor
ANZ-350307,Technology management,ANZ-3503,3,Official ANZSRC Field retrieval anchor
ANZ-350399,Business systems in context not elsewhere classified,ANZ-3503,3,Official ANZSRC Field retrieval anchor
ANZ-3504,Commercial services,ANZ-35,2,Official ANZSRC Group
ANZ-350401,Food and hospitality services,ANZ-3504,3,Official ANZSRC Field retrieval anchor
ANZ-350402,Hospitality management,ANZ-3504,3,Official ANZSRC Field retrieval anchor
ANZ-350403,Real estate and valuation services,ANZ-3504,3,Official ANZSRC Field retrieval anchor
ANZ-350404,Retail,ANZ-3504,3,Official ANZSRC Field retrieval anchor
ANZ-350405,Sport and leisure management,ANZ-3504,3,Official ANZSRC Field retrieval anchor
ANZ-350499,Commercial services not elsewhere classified,ANZ-3504,3,Official ANZSRC Field retrieval anchor
ANZ-3505,Human resources and industrial relations,ANZ-35,2,Official ANZSRC Group
ANZ-350501,Business and labour history,ANZ-3505,3,Official ANZSRC Field retrieval anchor
ANZ-350502,Employment equity and diversity,ANZ-3505,3,Official ANZSRC Field retrieval anchor
ANZ-350503,Human resources management,ANZ-3505,3,Official ANZSRC Field retrieval anchor
ANZ-350504,Industrial and employee relations,ANZ-3505,3,Official ANZSRC Field retrieval anchor
ANZ-350505,Occupational and workplace health and safety,ANZ-3505,3,Official ANZSRC Field retrieval anchor
ANZ-350506,Workforce planning,ANZ-3505,3,Official ANZSRC Field retrieval anchor
ANZ-350507,Workplace wellbeing and quality of working life,ANZ-3505,3,Official ANZSRC Field retrieval anchor
ANZ-350599,Human resources and industrial relations not elsewhere classified,ANZ-3505,3,Official ANZSRC Field retrieval anchor
ANZ-3506,Marketing,ANZ-35,2,Official ANZSRC Group
ANZ-350601,Consumer behaviour,ANZ-3506,3,Official ANZSRC Field retrieval anchor
ANZ-350602,Consumer-oriented product or service development,ANZ-3506,3,Official ANZSRC Field retrieval anchor
ANZ-350603,Industrial marketing,ANZ-3506,3,Official ANZSRC Field retrieval anchor
ANZ-350604,Marketing communications,ANZ-3506,3,Official ANZSRC Field retrieval anchor
ANZ-350605,Marketing management (incl. strategy and customer relations),ANZ-3506,3,Official ANZSRC Field retrieval anchor
ANZ-350606,Marketing research methodology,ANZ-3506,3,Official ANZSRC Field retrieval anchor
ANZ-350607,Marketing technology,ANZ-3506,3,Official ANZSRC Field retrieval anchor
ANZ-350608,Marketing theory,ANZ-3506,3,Official ANZSRC Field retrieval anchor
ANZ-350609,Not-for-profit marketing,ANZ-3506,3,Official ANZSRC Field retrieval anchor
ANZ-350610,Pricing (incl. consumer value estimation),ANZ-3506,3,Official ANZSRC Field retrieval anchor
ANZ-350611,Service marketing,ANZ-3506,3,Official ANZSRC Field retrieval anchor
ANZ-350612,Social marketing,ANZ-3506,3,Official ANZSRC Field retrieval anchor
ANZ-350699,Marketing not elsewhere classified,ANZ-3506,3,Official ANZSRC Field retrieval anchor
ANZ-3507,"Strategy, management and organisational behaviour",ANZ-35,2,Official ANZSRC Group
ANZ-350701,Corporate governance,ANZ-3507,3,Official ANZSRC Field retrieval anchor
ANZ-350702,Corporate social responsibility,ANZ-3507,3,Official ANZSRC Field retrieval anchor
ANZ-350703,Disaster and emergency management,ANZ-3507,3,Official ANZSRC Field retrieval anchor
ANZ-350704,Entrepreneurship,ANZ-3507,3,Official ANZSRC Field retrieval anchor
ANZ-350705,Innovation management,ANZ-3507,3,Official ANZSRC Field retrieval anchor
ANZ-350706,International business,ANZ-3507,3,Official ANZSRC Field retrieval anchor
ANZ-350707,Leadership,ANZ-3507,3,Official ANZSRC Field retrieval anchor
ANZ-350708,Not-for-profit business and management,ANZ-3507,3,Official ANZSRC Field retrieval anchor
ANZ-350709,Organisation and management theory,ANZ-3507,3,Official ANZSRC Field retrieval anchor
ANZ-350710,Organisational behaviour,ANZ-3507,3,Official ANZSRC Field retrieval anchor
ANZ-350711,Organisational planning and management,ANZ-3507,3,Official ANZSRC Field retrieval anchor
ANZ-350712,Production and operations management,ANZ-3507,3,Official ANZSRC Field retrieval anchor
ANZ-350713,Project management,ANZ-3507,3,Official ANZSRC Field retrieval anchor
ANZ-350714,Public sector organisation and management,ANZ-3507,3,Official ANZSRC Field retrieval anchor
ANZ-350715,Quality management,ANZ-3507,3,Official ANZSRC Field retrieval anchor
ANZ-350716,Small business organisation and management,ANZ-3507,3,Official ANZSRC Field retrieval anchor
ANZ-350717,Stakeholder engagement,ANZ-3507,3,Official ANZSRC Field retrieval anchor
ANZ-350718,Strategy,ANZ-3507,3,Official ANZSRC Field retrieval anchor
ANZ-350799,"Strategy, management and organisational behaviour not elsewhere classified",ANZ-3507,3,Official ANZSRC Field retrieval anchor
ANZ-3508,Tourism,ANZ-35,2,Official ANZSRC Group
ANZ-350801,Impacts of tourism,ANZ-3508,3,Official ANZSRC Field retrieval anchor
ANZ-350802,Tourism forecasting,ANZ-3508,3,Official ANZSRC Field retrieval anchor
ANZ-350803,Tourism management,ANZ-3508,3,Official ANZSRC Field retrieval anchor
ANZ-350804,Tourism marketing,ANZ-3508,3,Official ANZSRC Field retrieval anchor
ANZ-350805,Tourism resource appraisal,ANZ-3508,3,Official ANZSRC Field retrieval anchor
ANZ-350806,Tourist behaviour and visitor experience,ANZ-3508,3,Official ANZSRC Field retrieval anchor
ANZ-350899,Tourism not elsewhere classified,ANZ-3508,3,Official ANZSRC Field retrieval anchor
ANZ-3509,"Transportation, logistics and supply chains",ANZ-35,2,Official ANZSRC Group
ANZ-350901,Air transportation and freight services,ANZ-3509,3,Official ANZSRC Field retrieval anchor
ANZ-350902,Intelligent mobility,ANZ-3509,3,Official ANZSRC Field retrieval anchor
ANZ-350903,Logistics,ANZ-3509,3,Official ANZSRC Field retrieval anchor
ANZ-350904,Maritime transportation and freight services,ANZ-3509,3,Official ANZSRC Field retrieval anchor
ANZ-350905,Passenger needs,ANZ-3509,3,Official ANZSRC Field retrieval anchor
ANZ-350906,Public transport,ANZ-3509,3,Official ANZSRC Field retrieval anchor
ANZ-350907,Rail transportation and freight services,ANZ-3509,3,Official ANZSRC Field retrieval anchor
ANZ-350908,Road transportation and freight services,ANZ-3509,3,Official ANZSRC Field retrieval anchor
ANZ-350909,Supply chains,ANZ-3509,3,Official ANZSRC Field retrieval anchor
ANZ-350999,"Transportation, logistics and supply chains not elsewhere classified",ANZ-3509,3,Official ANZSRC Field retrieval anchor
ANZ-3599,"Other commerce, management, tourism and services",ANZ-35,2,Official ANZSRC Group
ANZ-359999,"Other commerce, management, tourism and services not elsewhere classified",ANZ-3599,3,Official ANZSRC Field retrieval anchor
ANZ-36,Creative Arts and Writing,ROOT,1,Official ANZSRC Division
ANZ-3601,"Art history, theory and criticism",ANZ-36,2,Official ANZSRC Group
ANZ-360101,Art criticism,ANZ-3601,3,Official ANZSRC Field retrieval anchor
ANZ-360102,Art history,ANZ-3601,3,Official ANZSRC Field retrieval anchor
ANZ-360103,Art theory,ANZ-3601,3,Official ANZSRC Field retrieval anchor
ANZ-360104,Visual cultures,ANZ-3601,3,Official ANZSRC Field retrieval anchor
ANZ-360199,"Art history, theory and criticism not elsewhere classified",ANZ-3601,3,Official ANZSRC Field retrieval anchor
ANZ-3602,Creative and professional writing,ANZ-36,2,Official ANZSRC Group
ANZ-360201,Creative writing (incl. scriptwriting),ANZ-3602,3,Official ANZSRC Field retrieval anchor
ANZ-360202,Digital writing,ANZ-3602,3,Official ANZSRC Field retrieval anchor
ANZ-360203,Professional writing and journalism practice,ANZ-3602,3,Official ANZSRC Field retrieval anchor
ANZ-360204,Site-based writing,ANZ-3602,3,Official ANZSRC Field retrieval anchor
ANZ-360205,Technical writing,ANZ-3602,3,Official ANZSRC Field retrieval anchor
ANZ-360299,Creative and professional writing not elsewhere classified,ANZ-3602,3,Official ANZSRC Field retrieval anchor
ANZ-3603,Music,ANZ-36,2,Official ANZSRC Group
ANZ-360301,Music cognition,ANZ-3603,3,Official ANZSRC Field retrieval anchor
ANZ-360302,Music composition and improvisation,ANZ-3603,3,Official ANZSRC Field retrieval anchor
ANZ-360303,Music education,ANZ-3603,3,Official ANZSRC Field retrieval anchor
ANZ-360304,Music performance,ANZ-3603,3,Official ANZSRC Field retrieval anchor
ANZ-360305,Music technology and recording,ANZ-3603,3,Official ANZSRC Field retrieval anchor
ANZ-360306,Musicology and ethnomusicology,ANZ-3603,3,Official ANZSRC Field retrieval anchor
ANZ-360399,Music not elsewhere classified,ANZ-3603,3,Official ANZSRC Field retrieval anchor
ANZ-3604,Performing arts,ANZ-36,2,Official ANZSRC Group
ANZ-360401,Applied theatre,ANZ-3604,3,Official ANZSRC Field retrieval anchor
ANZ-360402,Dance and dance studies,ANZ-3604,3,Official ANZSRC Field retrieval anchor
ANZ-360403,"Drama, theatre and performance studies",ANZ-3604,3,Official ANZSRC Field retrieval anchor
ANZ-360499,Performing arts not elsewhere classified,ANZ-3604,3,Official ANZSRC Field retrieval anchor
ANZ-3605,Screen and digital media,ANZ-36,2,Official ANZSRC Group
ANZ-360501,Cinema studies,ANZ-3605,3,Official ANZSRC Field retrieval anchor
ANZ-360502,Computer gaming and animation,ANZ-3605,3,Official ANZSRC Field retrieval anchor
ANZ-360503,Digital and electronic media art,ANZ-3605,3,Official ANZSRC Field retrieval anchor
ANZ-360504,Interactive media,ANZ-3605,3,Official ANZSRC Field retrieval anchor
ANZ-360505,Screen media,ANZ-3605,3,Official ANZSRC Field retrieval anchor
ANZ-360506,Visual effects,ANZ-3605,3,Official ANZSRC Field retrieval anchor
ANZ-360599,Screen and digital media not elsewhere classified,ANZ-3605,3,Official ANZSRC Field retrieval anchor
ANZ-3606,Visual arts,ANZ-36,2,Official ANZSRC Group
ANZ-360601,Crafts,ANZ-3606,3,Official ANZSRC Field retrieval anchor
ANZ-360602,Fine arts,ANZ-3606,3,Official ANZSRC Field retrieval anchor
ANZ-360603,Performance art,ANZ-3606,3,Official ANZSRC Field retrieval anchor
ANZ-360604,"Photography, video and lens-based practice",ANZ-3606,3,Official ANZSRC Field retrieval anchor
ANZ-360699,Visual arts not elsewhere classified,ANZ-3606,3,Official ANZSRC Field retrieval anchor
ANZ-3699,Other creative arts and writing,ANZ-36,2,Official ANZSRC Group
ANZ-369999,Other creative arts and writing not elsewhere classified,ANZ-3699,3,Official ANZSRC Field retrieval anchor
ANZ-37,Earth Sciences,ROOT,1,Official ANZSRC Division
ANZ-3701,Atmospheric sciences,ANZ-37,2,Official ANZSRC Group
ANZ-370101,Adverse weather events,ANZ-3701,3,Official ANZSRC Field retrieval anchor
ANZ-370102,Air pollution processes and air quality measurement,ANZ-3701,3,Official ANZSRC Field retrieval anchor
ANZ-370103,Atmospheric aerosols,ANZ-3701,3,Official ANZSRC Field retrieval anchor
ANZ-370104,"Atmospheric composition, chemistry and processes",ANZ-3701,3,Official ANZSRC Field retrieval anchor
ANZ-370105,Atmospheric dynamics,ANZ-3701,3,Official ANZSRC Field retrieval anchor
ANZ-370106,Atmospheric radiation,ANZ-3701,3,Official ANZSRC Field retrieval anchor
ANZ-370107,Cloud physics,ANZ-3701,3,Official ANZSRC Field retrieval anchor
ANZ-370108,Meteorology,ANZ-3701,3,Official ANZSRC Field retrieval anchor
ANZ-370109,Tropospheric and stratospheric physics,ANZ-3701,3,Official ANZSRC Field retrieval anchor
ANZ-370199,Atmospheric sciences not elsewhere classified,ANZ-3701,3,Official ANZSRC Field retrieval anchor
ANZ-3702,Climate change science,ANZ-37,2,Official ANZSRC Group
ANZ-370201,Climate change processes,ANZ-3702,3,Official ANZSRC Field retrieval anchor
ANZ-370202,Climatology,ANZ-3702,3,Official ANZSRC Field retrieval anchor
ANZ-370203,Greenhouse gas inventories and fluxes,ANZ-3702,3,Official ANZSRC Field retrieval anchor
ANZ-370299,Climate change science not elsewhere classified,ANZ-3702,3,Official ANZSRC Field retrieval anchor
ANZ-3703,Geochemistry,ANZ-37,2,Official ANZSRC Group
ANZ-370301,Exploration geochemistry,ANZ-3703,3,Official ANZSRC Field retrieval anchor
ANZ-370302,Inorganic geochemistry,ANZ-3703,3,Official ANZSRC Field retrieval anchor
ANZ-370303,Isotope geochemistry,ANZ-3703,3,Official ANZSRC Field retrieval anchor
ANZ-370304,Organic geochemistry,ANZ-3703,3,Official ANZSRC Field retrieval anchor
ANZ-370399,Geochemistry not elsewhere classified,ANZ-3703,3,Official ANZSRC Field retrieval anchor
ANZ-3704,Geoinformatics,ANZ-37,2,Official ANZSRC Group
ANZ-370401,Computational modelling and simulation in earth sciences,ANZ-3704,3,Official ANZSRC Field retrieval anchor
ANZ-370402,Earth and space science informatics,ANZ-3704,3,Official ANZSRC Field retrieval anchor
ANZ-370403,Geoscience data visualisation,ANZ-3704,3,Official ANZSRC Field retrieval anchor
ANZ-370499,Geoinformatics not elsewhere classified,ANZ-3704,3,Official ANZSRC Field retrieval anchor
ANZ-3705,Geology,ANZ-37,2,Official ANZSRC Group
ANZ-370501,Biomineralisation,ANZ-3705,3,Official ANZSRC Field retrieval anchor
ANZ-370502,Geochronology,ANZ-3705,3,Official ANZSRC Field retrieval anchor
ANZ-370503,Igneous and metamorphic petrology,ANZ-3705,3,Official ANZSRC Field retrieval anchor
ANZ-370504,Marine geoscience,ANZ-3705,3,Official ANZSRC Field retrieval anchor
ANZ-370505,Mineralogy and crystallography,ANZ-3705,3,Official ANZSRC Field retrieval anchor
ANZ-370506,Palaeontology (incl. palynology),ANZ-3705,3,Official ANZSRC Field retrieval anchor
ANZ-370507,Planetary geology,ANZ-3705,3,Official ANZSRC Field retrieval anchor
ANZ-370508,Resource geoscience,ANZ-3705,3,Official ANZSRC Field retrieval anchor
ANZ-370509,Sedimentology,ANZ-3705,3,Official ANZSRC Field retrieval anchor
ANZ-370510,"Stratigraphy (incl. biostratigraphy, sequence stratigraphy and basin analysis)",ANZ-3705,3,Official ANZSRC Field retrieval anchor
ANZ-370511,Structural geology and tectonics,ANZ-3705,3,Official ANZSRC Field retrieval anchor
ANZ-370512,Volcanology,ANZ-3705,3,Official ANZSRC Field retrieval anchor
ANZ-370599,Geology not elsewhere classified,ANZ-3705,3,Official ANZSRC Field retrieval anchor
ANZ-3706,Geophysics,ANZ-37,2,Official ANZSRC Group
ANZ-370601,Applied geophysics,ANZ-3706,3,Official ANZSRC Field retrieval anchor
ANZ-370602,Electrical and electromagnetic methods in geophysics,ANZ-3706,3,Official ANZSRC Field retrieval anchor
ANZ-370603,Geodesy,ANZ-3706,3,Official ANZSRC Field retrieval anchor
ANZ-370604,Geodynamics,ANZ-3706,3,Official ANZSRC Field retrieval anchor
ANZ-370605,Geothermics and radiometrics,ANZ-3706,3,Official ANZSRC Field retrieval anchor
ANZ-370606,Gravimetrics,ANZ-3706,3,Official ANZSRC Field retrieval anchor
ANZ-370607,Magnetism and palaeomagnetism,ANZ-3706,3,Official ANZSRC Field retrieval anchor
ANZ-370608,Petrophysics and rock mechanics,ANZ-3706,3,Official ANZSRC Field retrieval anchor
ANZ-370609,Seismology and seismic exploration,ANZ-3706,3,Official ANZSRC Field retrieval anchor
ANZ-370699,Geophysics not elsewhere classified,ANZ-3706,3,Official ANZSRC Field retrieval anchor
ANZ-3707,Hydrology,ANZ-37,2,Official ANZSRC Group
ANZ-370701,Contaminant hydrology,ANZ-3707,3,Official ANZSRC Field retrieval anchor
ANZ-370702,Ecohydrology,ANZ-3707,3,Official ANZSRC Field retrieval anchor
ANZ-370703,Groundwater hydrology,ANZ-3707,3,Official ANZSRC Field retrieval anchor
ANZ-370704,Surface water hydrology,ANZ-3707,3,Official ANZSRC Field retrieval anchor
ANZ-370705,Urban hydrology,ANZ-3707,3,Official ANZSRC Field retrieval anchor
ANZ-370799,Hydrology not elsewhere classified,ANZ-3707,3,Official ANZSRC Field retrieval anchor
ANZ-3708,Oceanography,ANZ-37,2,Official ANZSRC Group
ANZ-370801,Biological oceanography,ANZ-3708,3,Official ANZSRC Field retrieval anchor
ANZ-370802,Chemical oceanography,ANZ-3708,3,Official ANZSRC Field retrieval anchor
ANZ-370803,Physical oceanography,ANZ-3708,3,Official ANZSRC Field retrieval anchor
ANZ-370899,Oceanography not elsewhere classified,ANZ-3708,3,Official ANZSRC Field retrieval anchor
ANZ-3709,Physical geography and environmental geoscience,ANZ-37,2,Official ANZSRC Group
ANZ-370901,Geomorphology and earth surface processes,ANZ-3709,3,Official ANZSRC Field retrieval anchor
ANZ-370902,Glaciology,ANZ-3709,3,Official ANZSRC Field retrieval anchor
ANZ-370903,Natural hazards,ANZ-3709,3,Official ANZSRC Field retrieval anchor
ANZ-370904,Palaeoclimatology,ANZ-3709,3,Official ANZSRC Field retrieval anchor
ANZ-370905,Quaternary environments,ANZ-3709,3,Official ANZSRC Field retrieval anchor
ANZ-370906,Regolith and landscape evolution,ANZ-3709,3,Official ANZSRC Field retrieval anchor
ANZ-370999,Physical geography and environmental geoscience not elsewhere classified,ANZ-3709,3,Official ANZSRC Field retrieval anchor
ANZ-3799,Other earth sciences,ANZ-37,2,Official ANZSRC Group
ANZ-379901,Earth system sciences,ANZ-3799,3,Official ANZSRC Field retrieval anchor
ANZ-379999,Other earth sciences not elsewhere classified,ANZ-3799,3,Official ANZSRC Field retrieval anchor
ANZ-38,Economics,ROOT,1,Official ANZSRC Division
ANZ-3801,Applied economics,ANZ-38,2,Official ANZSRC Group
ANZ-380101,Agricultural economics,ANZ-3801,3,Official ANZSRC Field retrieval anchor
ANZ-380102,Behavioural economics,ANZ-3801,3,Official ANZSRC Field retrieval anchor
ANZ-380103,Economic history,ANZ-3801,3,Official ANZSRC Field retrieval anchor
ANZ-380104,Economics of education,ANZ-3801,3,Official ANZSRC Field retrieval anchor
ANZ-380105,Environment and resource economics,ANZ-3801,3,Official ANZSRC Field retrieval anchor
ANZ-380106,Experimental economics,ANZ-3801,3,Official ANZSRC Field retrieval anchor
ANZ-380107,Financial economics,ANZ-3801,3,Official ANZSRC Field retrieval anchor
ANZ-380108,Health economics,ANZ-3801,3,Official ANZSRC Field retrieval anchor
ANZ-380109,Industry economics and industrial organisation,ANZ-3801,3,Official ANZSRC Field retrieval anchor
ANZ-380110,International economics,ANZ-3801,3,Official ANZSRC Field retrieval anchor
ANZ-380111,Labour economics,ANZ-3801,3,Official ANZSRC Field retrieval anchor
ANZ-380112,Macroeconomics (incl. monetary and fiscal theory),ANZ-3801,3,Official ANZSRC Field retrieval anchor
ANZ-380113,Public economics - public choice,ANZ-3801,3,Official ANZSRC Field retrieval anchor
ANZ-380114,Public economics - publicly provided goods,ANZ-3801,3,Official ANZSRC Field retrieval anchor
ANZ-380115,Public economics - taxation and revenue,ANZ-3801,3,Official ANZSRC Field retrieval anchor
ANZ-380116,Tourism economics,ANZ-3801,3,Official ANZSRC Field retrieval anchor
ANZ-380117,Transport economics,ANZ-3801,3,Official ANZSRC Field retrieval anchor
ANZ-380118,Urban and regional economics,ANZ-3801,3,Official ANZSRC Field retrieval anchor
ANZ-380119,Welfare economics,ANZ-3801,3,Official ANZSRC Field retrieval anchor
ANZ-380199,Applied economics not elsewhere classified,ANZ-3801,3,Official ANZSRC Field retrieval anchor
ANZ-3802,Econometrics,ANZ-38,2,Official ANZSRC Group
ANZ-380201,Cross-sectional analysis,ANZ-3802,3,Official ANZSRC Field retrieval anchor
ANZ-380202,Econometric and statistical methods,ANZ-3802,3,Official ANZSRC Field retrieval anchor
ANZ-380203,Economic models and forecasting,ANZ-3802,3,Official ANZSRC Field retrieval anchor
ANZ-380204,Panel data analysis,ANZ-3802,3,Official ANZSRC Field retrieval anchor
ANZ-380205,Time-series analysis,ANZ-3802,3,Official ANZSRC Field retrieval anchor
ANZ-380299,Econometrics not elsewhere classified,ANZ-3802,3,Official ANZSRC Field retrieval anchor
ANZ-3803,Economic theory,ANZ-38,2,Official ANZSRC Group
ANZ-380301,History of economic thought,ANZ-3803,3,Official ANZSRC Field retrieval anchor
ANZ-380302,Macroeconomic theory,ANZ-3803,3,Official ANZSRC Field retrieval anchor
ANZ-380303,Mathematical economics,ANZ-3803,3,Official ANZSRC Field retrieval anchor
ANZ-380304,Microeconomic theory,ANZ-3803,3,Official ANZSRC Field retrieval anchor
ANZ-380399,Economic theory not elsewhere classified,ANZ-3803,3,Official ANZSRC Field retrieval anchor
ANZ-3899,Other economics,ANZ-38,2,Official ANZSRC Group
ANZ-389901,Comparative economic systems,ANZ-3899,3,Official ANZSRC Field retrieval anchor
ANZ-389902,Ecological economics,ANZ-3899,3,Official ANZSRC Field retrieval anchor
ANZ-389903,Heterodox economics,ANZ-3899,3,Official ANZSRC Field retrieval anchor
ANZ-389999,Other economics not elsewhere classified,ANZ-3899,3,Official ANZSRC Field retrieval anchor
ANZ-39,Education,ROOT,1,Official ANZSRC Division
ANZ-3901,Curriculum and pedagogy,ANZ-39,2,Official ANZSRC Group
ANZ-390101,"Creative arts, media and communication curriculum and pedagogy",ANZ-3901,3,Official ANZSRC Field retrieval anchor
ANZ-390102,Curriculum and pedagogy theory and development,ANZ-3901,3,Official ANZSRC Field retrieval anchor
ANZ-390103,"Economics, business and management curriculum and pedagogy",ANZ-3901,3,Official ANZSRC Field retrieval anchor
ANZ-390104,"English and literacy curriculum and pedagogy (excl. LOTE, ESL and TESOL)",ANZ-3901,3,Official ANZSRC Field retrieval anchor
ANZ-390105,Environmental education curriculum and pedagogy,ANZ-3901,3,Official ANZSRC Field retrieval anchor
ANZ-390106,Geography education curriculum and pedagogy,ANZ-3901,3,Official ANZSRC Field retrieval anchor
ANZ-390107,"Humanities and social sciences curriculum and pedagogy (excl. economics, business and management)",ANZ-3901,3,Official ANZSRC Field retrieval anchor
ANZ-390108,"LOTE, ESL and TESOL curriculum and pedagogy",ANZ-3901,3,Official ANZSRC Field retrieval anchor
ANZ-390109,Mathematics and numeracy curriculum and pedagogy,ANZ-3901,3,Official ANZSRC Field retrieval anchor
ANZ-390110,"Medicine, nursing and health curriculum and pedagogy",ANZ-3901,3,Official ANZSRC Field retrieval anchor
ANZ-390111,Physical education and development curriculum and pedagogy,ANZ-3901,3,Official ANZSRC Field retrieval anchor
ANZ-390112,Religion curriculum and pedagogy,ANZ-3901,3,Official ANZSRC Field retrieval anchor
ANZ-390113,"Science, technology and engineering curriculum and pedagogy",ANZ-3901,3,Official ANZSRC Field retrieval anchor
ANZ-390114,Vocational education and training curriculum and pedagogy,ANZ-3901,3,Official ANZSRC Field retrieval anchor
ANZ-390115,Work integrated learning (incl. internships),ANZ-3901,3,Official ANZSRC Field retrieval anchor
ANZ-390199,Curriculum and pedagogy not elsewhere classified,ANZ-3901,3,Official ANZSRC Field retrieval anchor
ANZ-3902,"Education policy, sociology and philosophy",ANZ-39,2,Official ANZSRC Group
ANZ-390201,Education policy,ANZ-3902,3,Official ANZSRC Field retrieval anchor
ANZ-390202,History and philosophy of education,ANZ-3902,3,Official ANZSRC Field retrieval anchor
ANZ-390203,Sociology of education,ANZ-3902,3,Official ANZSRC Field retrieval anchor
ANZ-390299,"Education policy, sociology and philosophy not elsewhere classified",ANZ-3902,3,Official ANZSRC Field retrieval anchor
ANZ-3903,Education systems,ANZ-39,2,Official ANZSRC Group
ANZ-390301,Continuing and community education,ANZ-3903,3,Official ANZSRC Field retrieval anchor
ANZ-390302,Early childhood education,ANZ-3903,3,Official ANZSRC Field retrieval anchor
ANZ-390303,Higher education,ANZ-3903,3,Official ANZSRC Field retrieval anchor
ANZ-390304,Primary education,ANZ-3903,3,Official ANZSRC Field retrieval anchor
ANZ-390305,Professional education and training,ANZ-3903,3,Official ANZSRC Field retrieval anchor
ANZ-390306,Secondary education,ANZ-3903,3,Official ANZSRC Field retrieval anchor
ANZ-390307,Teacher education and professional development of educators,ANZ-3903,3,Official ANZSRC Field retrieval anchor
ANZ-390308,"Technical, further and workplace education",ANZ-3903,3,Official ANZSRC Field retrieval anchor
ANZ-390399,Education systems not elsewhere classified,ANZ-3903,3,Official ANZSRC Field retrieval anchor
ANZ-3904,Specialist studies in education,ANZ-39,2,Official ANZSRC Group
ANZ-390401,Comparative and cross-cultural education,ANZ-3904,3,Official ANZSRC Field retrieval anchor
ANZ-390402,Education assessment and evaluation,ANZ-3904,3,Official ANZSRC Field retrieval anchor
ANZ-390403,"Educational administration, management and leadership",ANZ-3904,3,Official ANZSRC Field retrieval anchor
ANZ-390404,Educational counselling,ANZ-3904,3,Official ANZSRC Field retrieval anchor
ANZ-390405,Educational technology and computing,ANZ-3904,3,Official ANZSRC Field retrieval anchor
ANZ-390406,"Gender, sexuality and education",ANZ-3904,3,Official ANZSRC Field retrieval anchor
ANZ-390407,Inclusive education,ANZ-3904,3,Official ANZSRC Field retrieval anchor
ANZ-390408,Learning analytics,ANZ-3904,3,Official ANZSRC Field retrieval anchor
ANZ-390409,Learning sciences,ANZ-3904,3,Official ANZSRC Field retrieval anchor
ANZ-390410,"Multicultural education (excl. Aboriginal and Torres Strait Islander, Māori and Pacific Peoples)",ANZ-3904,3,Official ANZSRC Field retrieval anchor
ANZ-390411,Special education and disability,ANZ-3904,3,Official ANZSRC Field retrieval anchor
ANZ-390412,Teacher and student wellbeing,ANZ-3904,3,Official ANZSRC Field retrieval anchor
ANZ-390499,Specialist studies in education not elsewhere classified,ANZ-3904,3,Official ANZSRC Field retrieval anchor
ANZ-3999,Other Education,ANZ-39,2,Official ANZSRC Group
ANZ-399999,Other education not elsewhere classified,ANZ-3999,3,Official ANZSRC Field retrieval anchor
ANZ-40,Engineering,ROOT,1,Official ANZSRC Division
ANZ-4001,Aerospace engineering,ANZ-40,2,Official ANZSRC Group
ANZ-400101,Aerospace materials,ANZ-4001,3,Official ANZSRC Field retrieval anchor
ANZ-400102,Aerospace structures,ANZ-4001,3,Official ANZSRC Field retrieval anchor
ANZ-400103,Aircraft performance and flight control systems,ANZ-4001,3,Official ANZSRC Field retrieval anchor
ANZ-400104,Avionics,ANZ-4001,3,Official ANZSRC Field retrieval anchor
ANZ-400105,Flight dynamics,ANZ-4001,3,Official ANZSRC Field retrieval anchor
ANZ-400106,Hypersonic propulsion and hypersonic aerothermodynamics,ANZ-4001,3,Official ANZSRC Field retrieval anchor
ANZ-400107,"Satellite, space vehicle and missile design and testing",ANZ-4001,3,Official ANZSRC Field retrieval anchor
ANZ-400199,Aerospace engineering not elsewhere classified,ANZ-4001,3,Official ANZSRC Field retrieval anchor
ANZ-4002,Automotive engineering,ANZ-40,2,Official ANZSRC Group
ANZ-400201,Automotive combustion and fuel engineering,ANZ-4002,3,Official ANZSRC Field retrieval anchor
ANZ-400202,Automotive engineering materials,ANZ-4002,3,Official ANZSRC Field retrieval anchor
ANZ-400203,Automotive mechatronics and autonomous systems,ANZ-4002,3,Official ANZSRC Field retrieval anchor
ANZ-400204,Automotive safety engineering,ANZ-4002,3,Official ANZSRC Field retrieval anchor
ANZ-400205,Hybrid and electric vehicles and powertrains,ANZ-4002,3,Official ANZSRC Field retrieval anchor
ANZ-400299,Automotive engineering not elsewhere classified,ANZ-4002,3,Official ANZSRC Field retrieval anchor
ANZ-4003,Biomedical engineering,ANZ-40,2,Official ANZSRC Group
ANZ-400301,Biofabrication,ANZ-4003,3,Official ANZSRC Field retrieval anchor
ANZ-400302,Biomaterials,ANZ-4003,3,Official ANZSRC Field retrieval anchor
ANZ-400303,Biomechanical engineering,ANZ-4003,3,Official ANZSRC Field retrieval anchor
ANZ-400304,Biomedical imaging,ANZ-4003,3,Official ANZSRC Field retrieval anchor
ANZ-400305,Biomedical instrumentation,ANZ-4003,3,Official ANZSRC Field retrieval anchor
ANZ-400306,Computational physiology,ANZ-4003,3,Official ANZSRC Field retrieval anchor
ANZ-400307,Mechanobiology,ANZ-4003,3,Official ANZSRC Field retrieval anchor
ANZ-400308,Medical devices,ANZ-4003,3,Official ANZSRC Field retrieval anchor
ANZ-400309,Neural engineering,ANZ-4003,3,Official ANZSRC Field retrieval anchor
ANZ-400310,Rehabilitation engineering,ANZ-4003,3,Official ANZSRC Field retrieval anchor
ANZ-400311,Tissue engineering,ANZ-4003,3,Official ANZSRC Field retrieval anchor
ANZ-400399,Biomedical engineering not elsewhere classified,ANZ-4003,3,Official ANZSRC Field retrieval anchor
ANZ-4004,Chemical engineering,ANZ-40,2,Official ANZSRC Group
ANZ-400401,Carbon capture engineering (excl. sequestration),ANZ-4004,3,Official ANZSRC Field retrieval anchor
ANZ-400402,Chemical and thermal processes in energy and combustion,ANZ-4004,3,Official ANZSRC Field retrieval anchor
ANZ-400403,Chemical engineering design,ANZ-4004,3,Official ANZSRC Field retrieval anchor
ANZ-400404,Electrochemical energy storage and conversion,ANZ-4004,3,Official ANZSRC Field retrieval anchor
ANZ-400405,Food engineering,ANZ-4004,3,Official ANZSRC Field retrieval anchor
ANZ-400406,Powder and particle technology,ANZ-4004,3,Official ANZSRC Field retrieval anchor
ANZ-400407,Process control and simulation,ANZ-4004,3,Official ANZSRC Field retrieval anchor
ANZ-400408,Reaction engineering (excl. nuclear reactions),ANZ-4004,3,Official ANZSRC Field retrieval anchor
ANZ-400409,Separation technologies,ANZ-4004,3,Official ANZSRC Field retrieval anchor
ANZ-400410,Wastewater treatment processes,ANZ-4004,3,Official ANZSRC Field retrieval anchor
ANZ-400411,Water treatment processes,ANZ-4004,3,Official ANZSRC Field retrieval anchor
ANZ-400499,Chemical engineering not elsewhere classified,ANZ-4004,3,Official ANZSRC Field retrieval anchor
ANZ-4005,Civil engineering,ANZ-40,2,Official ANZSRC Group
ANZ-400501,Architectural engineering,ANZ-4005,3,Official ANZSRC Field retrieval anchor
ANZ-400502,Civil geotechnical engineering,ANZ-4005,3,Official ANZSRC Field retrieval anchor
ANZ-400503,Complex civil systems,ANZ-4005,3,Official ANZSRC Field retrieval anchor
ANZ-400504,Construction engineering,ANZ-4005,3,Official ANZSRC Field retrieval anchor
ANZ-400505,Construction materials,ANZ-4005,3,Official ANZSRC Field retrieval anchor
ANZ-400506,Earthquake engineering,ANZ-4005,3,Official ANZSRC Field retrieval anchor
ANZ-400507,Fire safety engineering,ANZ-4005,3,Official ANZSRC Field retrieval anchor
ANZ-400508,Infrastructure engineering and asset management,ANZ-4005,3,Official ANZSRC Field retrieval anchor
ANZ-400509,Structural dynamics,ANZ-4005,3,Official ANZSRC Field retrieval anchor
ANZ-400510,Structural engineering,ANZ-4005,3,Official ANZSRC Field retrieval anchor
ANZ-400511,Timber engineering,ANZ-4005,3,Official ANZSRC Field retrieval anchor
ANZ-400512,Transport engineering,ANZ-4005,3,Official ANZSRC Field retrieval anchor
ANZ-400513,Water resources engineering,ANZ-4005,3,Official ANZSRC Field retrieval anchor
ANZ-400599,Civil engineering not elsewhere classified,ANZ-4005,3,Official ANZSRC Field retrieval anchor
ANZ-4006,Communications engineering,ANZ-40,2,Official ANZSRC Group
ANZ-400601,Antennas and propagation,ANZ-4006,3,Official ANZSRC Field retrieval anchor
ANZ-400602,Data communications,ANZ-4006,3,Official ANZSRC Field retrieval anchor
ANZ-400603,"Molecular, biological, and multi-scale communications",ANZ-4006,3,Official ANZSRC Field retrieval anchor
ANZ-400604,Network engineering,ANZ-4006,3,Official ANZSRC Field retrieval anchor
ANZ-400605,Optical fibre communication systems and technologies,ANZ-4006,3,Official ANZSRC Field retrieval anchor
ANZ-400606,Satellite communications,ANZ-4006,3,Official ANZSRC Field retrieval anchor
ANZ-400607,Signal processing,ANZ-4006,3,Official ANZSRC Field retrieval anchor
ANZ-400608,Wireless communication systems and technologies (incl. microwave and millimetrewave),ANZ-4006,3,Official ANZSRC Field retrieval anchor
ANZ-400699,Communications engineering not elsewhere classified,ANZ-4006,3,Official ANZSRC Field retrieval anchor
ANZ-4007,"Control engineering, mechatronics and robotics",ANZ-40,2,Official ANZSRC Group
ANZ-400701,Assistive robots and technology,ANZ-4007,3,Official ANZSRC Field retrieval anchor
ANZ-400702,Automation engineering,ANZ-4007,3,Official ANZSRC Field retrieval anchor
ANZ-400703,Autonomous vehicle systems,ANZ-4007,3,Official ANZSRC Field retrieval anchor
ANZ-400704,Biomechatronics,ANZ-4007,3,Official ANZSRC Field retrieval anchor
ANZ-400705,Control engineering,ANZ-4007,3,Official ANZSRC Field retrieval anchor
ANZ-400706,Field robotics,ANZ-4007,3,Official ANZSRC Field retrieval anchor
ANZ-400707,Manufacturing robotics,ANZ-4007,3,Official ANZSRC Field retrieval anchor
ANZ-400708,Mechatronics hardware design and architecture,ANZ-4007,3,Official ANZSRC Field retrieval anchor
ANZ-400709,Medical robotics,ANZ-4007,3,Official ANZSRC Field retrieval anchor
ANZ-400710,Micro-manipulation,ANZ-4007,3,Official ANZSRC Field retrieval anchor
ANZ-400711,"Simulation, modelling, and programming of mechatronics systems",ANZ-4007,3,Official ANZSRC Field retrieval anchor
ANZ-400799,"Control engineering, mechatronics and robotics not elsewhere classified",ANZ-4007,3,Official ANZSRC Field retrieval anchor
ANZ-4008,Electrical engineering,ANZ-40,2,Official ANZSRC Group
ANZ-400801,Circuits and systems,ANZ-4008,3,Official ANZSRC Field retrieval anchor
ANZ-400802,Electrical circuits and systems,ANZ-4008,3,Official ANZSRC Field retrieval anchor
ANZ-400803,"Electrical energy generation (incl. renewables, excl. photovoltaics)",ANZ-4008,3,Official ANZSRC Field retrieval anchor
ANZ-400804,Electrical energy storage,ANZ-4008,3,Official ANZSRC Field retrieval anchor
ANZ-400805,"Electrical energy transmission, networks and systems",ANZ-4008,3,Official ANZSRC Field retrieval anchor
ANZ-400806,Electrical machines and drives,ANZ-4008,3,Official ANZSRC Field retrieval anchor
ANZ-400807,Engineering electromagnetics,ANZ-4008,3,Official ANZSRC Field retrieval anchor
ANZ-400808,Photovoltaic power systems,ANZ-4008,3,Official ANZSRC Field retrieval anchor
ANZ-400899,Electrical engineering not elsewhere classified,ANZ-4008,3,Official ANZSRC Field retrieval anchor
ANZ-4009,"Electronics, sensors and digital hardware",ANZ-40,2,Official ANZSRC Group
ANZ-400901,Analog electronics and interfaces,ANZ-4009,3,Official ANZSRC Field retrieval anchor
ANZ-400902,Digital electronic devices,ANZ-4009,3,Official ANZSRC Field retrieval anchor
ANZ-400903,Digital processor architectures,ANZ-4009,3,Official ANZSRC Field retrieval anchor
ANZ-400904,"Electronic device and system performance evaluation, testing and simulation",ANZ-4009,3,Official ANZSRC Field retrieval anchor
ANZ-400905,Electronic instrumentation,ANZ-4009,3,Official ANZSRC Field retrieval anchor
ANZ-400906,Electronic sensors,ANZ-4009,3,Official ANZSRC Field retrieval anchor
ANZ-400907,Industrial electronics,ANZ-4009,3,Official ANZSRC Field retrieval anchor
ANZ-400908,Microelectronics,ANZ-4009,3,Official ANZSRC Field retrieval anchor
ANZ-400909,"Photonic and electro-optical devices, sensors and systems (excl. communications)",ANZ-4009,3,Official ANZSRC Field retrieval anchor
ANZ-400910,Photovoltaic devices (solar cells),ANZ-4009,3,Official ANZSRC Field retrieval anchor
ANZ-400911,Power electronics,ANZ-4009,3,Official ANZSRC Field retrieval anchor
ANZ-400912,Quantum engineering systems (incl. computing and communications),ANZ-4009,3,Official ANZSRC Field retrieval anchor
ANZ-400913,Radio frequency engineering,ANZ-4009,3,Official ANZSRC Field retrieval anchor
ANZ-400999,"Electronics, sensors and digital hardware not elsewhere classified",ANZ-4009,3,Official ANZSRC Field retrieval anchor
ANZ-4010,Engineering practice and education,ANZ-40,2,Official ANZSRC Group
ANZ-401001,Engineering design,ANZ-4010,3,Official ANZSRC Field retrieval anchor
ANZ-401002,Engineering education,ANZ-4010,3,Official ANZSRC Field retrieval anchor
ANZ-401003,Engineering practice,ANZ-4010,3,Official ANZSRC Field retrieval anchor
ANZ-401004,Humanitarian engineering,ANZ-4010,3,Official ANZSRC Field retrieval anchor
ANZ-401005,Risk engineering,ANZ-4010,3,Official ANZSRC Field retrieval anchor
ANZ-401006,Systems engineering,ANZ-4010,3,Official ANZSRC Field retrieval anchor
ANZ-401099,Engineering practice and education not elsewhere classified,ANZ-4010,3,Official ANZSRC Field retrieval anchor
ANZ-4011,Environmental engineering,ANZ-40,2,Official ANZSRC Group
ANZ-401101,Air pollution modelling and control,ANZ-4011,3,Official ANZSRC Field retrieval anchor
ANZ-401102,Environmentally sustainable engineering,ANZ-4011,3,Official ANZSRC Field retrieval anchor
ANZ-401103,Global and planetary environmental engineering,ANZ-4011,3,Official ANZSRC Field retrieval anchor
ANZ-401104,Health and ecological risk assessment,ANZ-4011,3,Official ANZSRC Field retrieval anchor
ANZ-401105,Life cycle assessment and industrial ecology,ANZ-4011,3,Official ANZSRC Field retrieval anchor
ANZ-401106,"Waste management, reduction, reuse and recycling",ANZ-4011,3,Official ANZSRC Field retrieval anchor
ANZ-401199,Environmental engineering not elsewhere classified,ANZ-4011,3,Official ANZSRC Field retrieval anchor
ANZ-4012,Fluid mechanics and thermal engineering,ANZ-40,2,Official ANZSRC Group
ANZ-401201,Aerodynamics (excl. hypersonic aerodynamics),ANZ-4012,3,Official ANZSRC Field retrieval anchor
ANZ-401202,Bio-fluids,ANZ-4012,3,Official ANZSRC Field retrieval anchor
ANZ-401203,Biomedical fluid mechanics,ANZ-4012,3,Official ANZSRC Field retrieval anchor
ANZ-401204,"Computational methods in fluid flow, heat and mass transfer (incl. computational fluid dynamics)",ANZ-4012,3,Official ANZSRC Field retrieval anchor
ANZ-401205,"Experimental methods in fluid flow, heat and mass transfer",ANZ-4012,3,Official ANZSRC Field retrieval anchor
ANZ-401206,Fluid-structure interaction and aeroacoustics,ANZ-4012,3,Official ANZSRC Field retrieval anchor
ANZ-401207,Fundamental and theoretical fluid dynamics,ANZ-4012,3,Official ANZSRC Field retrieval anchor
ANZ-401208,Geophysical and environmental fluid flows,ANZ-4012,3,Official ANZSRC Field retrieval anchor
ANZ-401209,Hydrodynamics and hydraulic engineering,ANZ-4012,3,Official ANZSRC Field retrieval anchor
ANZ-401210,Microfluidics and nanofluidics,ANZ-4012,3,Official ANZSRC Field retrieval anchor
ANZ-401211,Multiphysics flows (incl. multiphase and reacting flows),ANZ-4012,3,Official ANZSRC Field retrieval anchor
ANZ-401212,Non-Newtonian fluid flows (incl. rheology),ANZ-4012,3,Official ANZSRC Field retrieval anchor
ANZ-401213,Turbulent flows,ANZ-4012,3,Official ANZSRC Field retrieval anchor
ANZ-401299,Fluid mechanics and thermal engineering not elsewhere classified,ANZ-4012,3,Official ANZSRC Field retrieval anchor
ANZ-4013,Geomatic engineering,ANZ-40,2,Official ANZSRC Group
ANZ-401301,Cartography and digital mapping,ANZ-4013,3,Official ANZSRC Field retrieval anchor
ANZ-401302,Geospatial information systems and geospatial data modelling,ANZ-4013,3,Official ANZSRC Field retrieval anchor
ANZ-401303,Navigation and position fixing,ANZ-4013,3,Official ANZSRC Field retrieval anchor
ANZ-401304,Photogrammetry and remote sensing,ANZ-4013,3,Official ANZSRC Field retrieval anchor
ANZ-401305,Satellite-based positioning,ANZ-4013,3,Official ANZSRC Field retrieval anchor
ANZ-401306,Surveying (incl. hydrographic surveying),ANZ-4013,3,Official ANZSRC Field retrieval anchor
ANZ-401399,Geomatic engineering not elsewhere classified,ANZ-4013,3,Official ANZSRC Field retrieval anchor
ANZ-4014,Manufacturing engineering,ANZ-40,2,Official ANZSRC Group
ANZ-401401,Additive manufacturing,ANZ-4014,3,Official ANZSRC Field retrieval anchor
ANZ-401402,CAD/CAM systems,ANZ-4014,3,Official ANZSRC Field retrieval anchor
ANZ-401403,Flexible manufacturing systems,ANZ-4014,3,Official ANZSRC Field retrieval anchor
ANZ-401404,Industrial engineering,ANZ-4014,3,Official ANZSRC Field retrieval anchor
ANZ-401405,Machine tools,ANZ-4014,3,Official ANZSRC Field retrieval anchor
ANZ-401406,Machining,ANZ-4014,3,Official ANZSRC Field retrieval anchor
ANZ-401407,Manufacturing management,ANZ-4014,3,Official ANZSRC Field retrieval anchor
ANZ-401408,Manufacturing processes and technologies (excl. textiles),ANZ-4014,3,Official ANZSRC Field retrieval anchor
ANZ-401409,Manufacturing safety and quality,ANZ-4014,3,Official ANZSRC Field retrieval anchor
ANZ-401410,Microtechnology,ANZ-4014,3,Official ANZSRC Field retrieval anchor
ANZ-401411,"Packaging, storage and transportation (excl. food and agricultural products)",ANZ-4014,3,Official ANZSRC Field retrieval anchor
ANZ-401412,Precision engineering,ANZ-4014,3,Official ANZSRC Field retrieval anchor
ANZ-401413,Textile technology,ANZ-4014,3,Official ANZSRC Field retrieval anchor
ANZ-401499,Manufacturing engineering not elsewhere classified,ANZ-4014,3,Official ANZSRC Field retrieval anchor
ANZ-4015,Maritime engineering,ANZ-40,2,Official ANZSRC Group
ANZ-401501,Marine engineering,ANZ-4015,3,Official ANZSRC Field retrieval anchor
ANZ-401502,Naval architecture,ANZ-4015,3,Official ANZSRC Field retrieval anchor
ANZ-401503,Ocean engineering,ANZ-4015,3,Official ANZSRC Field retrieval anchor
ANZ-401504,Ship and platform structures (incl. maritime hydrodynamics),ANZ-4015,3,Official ANZSRC Field retrieval anchor
ANZ-401505,Special vehicles,ANZ-4015,3,Official ANZSRC Field retrieval anchor
ANZ-401599,Maritime engineering not elsewhere classified,ANZ-4015,3,Official ANZSRC Field retrieval anchor
ANZ-4016,Materials engineering,ANZ-40,2,Official ANZSRC Group
ANZ-401601,Ceramics,ANZ-4016,3,Official ANZSRC Field retrieval anchor
ANZ-401602,Composite and hybrid materials,ANZ-4016,3,Official ANZSRC Field retrieval anchor
ANZ-401603,Compound semiconductors,ANZ-4016,3,Official ANZSRC Field retrieval anchor
ANZ-401604,Elemental semiconductors,ANZ-4016,3,Official ANZSRC Field retrieval anchor
ANZ-401605,Functional materials,ANZ-4016,3,Official ANZSRC Field retrieval anchor
ANZ-401606,Glass,ANZ-4016,3,Official ANZSRC Field retrieval anchor
ANZ-401607,Metals and alloy materials,ANZ-4016,3,Official ANZSRC Field retrieval anchor
ANZ-401608,Organic semiconductors,ANZ-4016,3,Official ANZSRC Field retrieval anchor
ANZ-401609,Polymers and plastics,ANZ-4016,3,Official ANZSRC Field retrieval anchor
ANZ-401610,"Timber, pulp and paper",ANZ-4016,3,Official ANZSRC Field retrieval anchor
ANZ-401611,Wearable materials,ANZ-4016,3,Official ANZSRC Field retrieval anchor
ANZ-401699,Materials engineering not elsewhere classified,ANZ-4016,3,Official ANZSRC Field retrieval anchor
ANZ-4017,Mechanical engineering,ANZ-40,2,Official ANZSRC Group
ANZ-401701,Acoustics and noise control (excl. architectural acoustics),ANZ-4017,3,Official ANZSRC Field retrieval anchor
ANZ-401702,"Dynamics, vibration and vibration control",ANZ-4017,3,Official ANZSRC Field retrieval anchor
ANZ-401703,"Energy generation, conversion and storage (excl. chemical and electrical)",ANZ-4017,3,Official ANZSRC Field retrieval anchor
ANZ-401704,Mechanical engineering asset management,ANZ-4017,3,Official ANZSRC Field retrieval anchor
ANZ-401705,Microelectromechanical systems (MEMS),ANZ-4017,3,Official ANZSRC Field retrieval anchor
ANZ-401706,Numerical modelling and mechanical characterisation,ANZ-4017,3,Official ANZSRC Field retrieval anchor
ANZ-401707,Solid mechanics,ANZ-4017,3,Official ANZSRC Field retrieval anchor
ANZ-401708,Tribology,ANZ-4017,3,Official ANZSRC Field retrieval anchor
ANZ-401799,Mechanical engineering not elsewhere classified,ANZ-4017,3,Official ANZSRC Field retrieval anchor
ANZ-4018,Nanotechnology,ANZ-40,2,Official ANZSRC Group
ANZ-401801,Micro- and nanosystems,ANZ-4018,3,Official ANZSRC Field retrieval anchor
ANZ-401802,Molecular and organic electronics,ANZ-4018,3,Official ANZSRC Field retrieval anchor
ANZ-401803,Nanoelectromechanical systems,ANZ-4018,3,Official ANZSRC Field retrieval anchor
ANZ-401804,Nanoelectronics,ANZ-4018,3,Official ANZSRC Field retrieval anchor
ANZ-401805,"Nanofabrication, growth and self assembly",ANZ-4018,3,Official ANZSRC Field retrieval anchor
ANZ-401806,Nanomanufacturing,ANZ-4018,3,Official ANZSRC Field retrieval anchor
ANZ-401807,Nanomaterials,ANZ-4018,3,Official ANZSRC Field retrieval anchor
ANZ-401808,Nanometrology,ANZ-4018,3,Official ANZSRC Field retrieval anchor
ANZ-401809,Nanophotonics,ANZ-4018,3,Official ANZSRC Field retrieval anchor
ANZ-401810,Nanoscale characterisation,ANZ-4018,3,Official ANZSRC Field retrieval anchor
ANZ-401899,Nanotechnology not elsewhere classified,ANZ-4018,3,Official ANZSRC Field retrieval anchor
ANZ-4019,Resources engineering and extractive metallurgy,ANZ-40,2,Official ANZSRC Group
ANZ-401901,Electrometallurgy,ANZ-4019,3,Official ANZSRC Field retrieval anchor
ANZ-401902,Geomechanics and resources geotechnical engineering,ANZ-4019,3,Official ANZSRC Field retrieval anchor
ANZ-401903,Hydrometallurgy,ANZ-4019,3,Official ANZSRC Field retrieval anchor
ANZ-401904,Mineral processing/beneficiation,ANZ-4019,3,Official ANZSRC Field retrieval anchor
ANZ-401905,Mining engineering,ANZ-4019,3,Official ANZSRC Field retrieval anchor
ANZ-401906,Nuclear engineering (incl. fuel enrichment and waste processing and storage),ANZ-4019,3,Official ANZSRC Field retrieval anchor
ANZ-401907,Petroleum and reservoir engineering,ANZ-4019,3,Official ANZSRC Field retrieval anchor
ANZ-401908,Pyrometallurgy,ANZ-4019,3,Official ANZSRC Field retrieval anchor
ANZ-401999,Resources engineering and extractive metallurgy not elsewhere classified,ANZ-4019,3,Official ANZSRC Field retrieval anchor
ANZ-4099,Other engineering,ANZ-40,2,Official ANZSRC Group
ANZ-409901,Agricultural engineering,ANZ-4099,3,Official ANZSRC Field retrieval anchor
ANZ-409902,Engineering instrumentation,ANZ-4099,3,Official ANZSRC Field retrieval anchor
ANZ-409903,Granular mechanics,ANZ-4099,3,Official ANZSRC Field retrieval anchor
ANZ-409999,Other engineering not elsewhere classified,ANZ-4099,3,Official ANZSRC Field retrieval anchor
ANZ-41,Environmental Sciences,ROOT,1,Official ANZSRC Division
ANZ-4101,Climate change impacts and adaptation,ANZ-41,2,Official ANZSRC Group
ANZ-410101,Carbon sequestration science,ANZ-4101,3,Official ANZSRC Field retrieval anchor
ANZ-410102,Ecological impacts of climate change and ecological adaptation,ANZ-4101,3,Official ANZSRC Field retrieval anchor
ANZ-410103,Human impacts of climate change and human adaptation,ANZ-4101,3,Official ANZSRC Field retrieval anchor
ANZ-410199,Climate change impacts and adaptation not elsewhere classified,ANZ-4101,3,Official ANZSRC Field retrieval anchor
ANZ-4102,Ecological applications,ANZ-41,2,Official ANZSRC Group
ANZ-410201,Bioavailability and ecotoxicology,ANZ-4102,3,Official ANZSRC Field retrieval anchor
ANZ-410202,Biosecurity science and invasive species ecology,ANZ-4102,3,Official ANZSRC Field retrieval anchor
ANZ-410203,Ecosystem function,ANZ-4102,3,Official ANZSRC Field retrieval anchor
ANZ-410204,Ecosystem services (incl. pollination),ANZ-4102,3,Official ANZSRC Field retrieval anchor
ANZ-410205,Fire ecology,ANZ-4102,3,Official ANZSRC Field retrieval anchor
ANZ-410206,Landscape ecology,ANZ-4102,3,Official ANZSRC Field retrieval anchor
ANZ-410299,Ecological applications not elsewhere classified,ANZ-4102,3,Official ANZSRC Field retrieval anchor
ANZ-4103,Environmental biotechnology,ANZ-41,2,Official ANZSRC Group
ANZ-410301,Biodiscovery,ANZ-4103,3,Official ANZSRC Field retrieval anchor
ANZ-410302,Biological control,ANZ-4103,3,Official ANZSRC Field retrieval anchor
ANZ-410303,Bioremediation,ANZ-4103,3,Official ANZSRC Field retrieval anchor
ANZ-410304,Environmental biotechnology diagnostics (incl. biosensors),ANZ-4103,3,Official ANZSRC Field retrieval anchor
ANZ-410305,Environmental marine biotechnology,ANZ-4103,3,Official ANZSRC Field retrieval anchor
ANZ-410306,Environmental nanotechnology and nanometrology,ANZ-4103,3,Official ANZSRC Field retrieval anchor
ANZ-410399,Environmental biotechnology not elsewhere classified,ANZ-4103,3,Official ANZSRC Field retrieval anchor
ANZ-4104,Environmental management,ANZ-41,2,Official ANZSRC Group
ANZ-410401,Conservation and biodiversity,ANZ-4104,3,Official ANZSRC Field retrieval anchor
ANZ-410402,Environmental assessment and monitoring,ANZ-4104,3,Official ANZSRC Field retrieval anchor
ANZ-410403,Environmental education and extension,ANZ-4104,3,Official ANZSRC Field retrieval anchor
ANZ-410404,Environmental management,ANZ-4104,3,Official ANZSRC Field retrieval anchor
ANZ-410405,Environmental rehabilitation and restoration,ANZ-4104,3,Official ANZSRC Field retrieval anchor
ANZ-410406,Natural resource management,ANZ-4104,3,Official ANZSRC Field retrieval anchor
ANZ-410407,Wildlife and habitat management,ANZ-4104,3,Official ANZSRC Field retrieval anchor
ANZ-410499,Environmental management not elsewhere classified,ANZ-4104,3,Official ANZSRC Field retrieval anchor
ANZ-4105,Pollution and contamination,ANZ-41,2,Official ANZSRC Group
ANZ-410501,Environmental biogeochemistry,ANZ-4105,3,Official ANZSRC Field retrieval anchor
ANZ-410502,Noise and wave pollution processes and measurement,ANZ-4105,3,Official ANZSRC Field retrieval anchor
ANZ-410503,Groundwater quality processes and contaminated land assessment,ANZ-4105,3,Official ANZSRC Field retrieval anchor
ANZ-410504,Surface water quality processes and contaminated sediment assessment,ANZ-4105,3,Official ANZSRC Field retrieval anchor
ANZ-410599,Pollution and contamination not elsewhere classified,ANZ-4105,3,Official ANZSRC Field retrieval anchor
ANZ-4106,Soil sciences,ANZ-41,2,Official ANZSRC Group
ANZ-410601,Land capability and soil productivity,ANZ-4106,3,Official ANZSRC Field retrieval anchor
ANZ-410602,Pedology and pedometrics,ANZ-4106,3,Official ANZSRC Field retrieval anchor
ANZ-410603,Soil biology,ANZ-4106,3,Official ANZSRC Field retrieval anchor
ANZ-410604,Soil chemistry and soil carbon sequestration (excl. carbon sequestration science),ANZ-4106,3,Official ANZSRC Field retrieval anchor
ANZ-410605,Soil physics,ANZ-4106,3,Official ANZSRC Field retrieval anchor
ANZ-410699,Soil sciences not elsewhere classified,ANZ-4106,3,Official ANZSRC Field retrieval anchor
ANZ-4199,Other environmental sciences,ANZ-41,2,Official ANZSRC Group
ANZ-419999,Other environmental sciences not elsewhere classified,ANZ-4199,3,Official ANZSRC Field retrieval anchor
ANZ-42,Health Sciences,ROOT,1,Official ANZSRC Division
ANZ-4201,Allied health and rehabilitation science,ANZ-42,2,Official ANZSRC Group
ANZ-420101,Arts therapy,ANZ-4201,3,Official ANZSRC Field retrieval anchor
ANZ-420102,Audiology,ANZ-4201,3,Official ANZSRC Field retrieval anchor
ANZ-420103,Music therapy,ANZ-4201,3,Official ANZSRC Field retrieval anchor
ANZ-420104,Occupational therapy,ANZ-4201,3,Official ANZSRC Field retrieval anchor
ANZ-420105,Orthoptics,ANZ-4201,3,Official ANZSRC Field retrieval anchor
ANZ-420106,Physiotherapy,ANZ-4201,3,Official ANZSRC Field retrieval anchor
ANZ-420107,Podiatry,ANZ-4201,3,Official ANZSRC Field retrieval anchor
ANZ-420108,Prosthetics and orthotics,ANZ-4201,3,Official ANZSRC Field retrieval anchor
ANZ-420109,Rehabilitation,ANZ-4201,3,Official ANZSRC Field retrieval anchor
ANZ-420110,Speech pathology,ANZ-4201,3,Official ANZSRC Field retrieval anchor
ANZ-420199,Allied health and rehabilitation science not elsewhere classified,ANZ-4201,3,Official ANZSRC Field retrieval anchor
ANZ-4202,Epidemiology,ANZ-42,2,Official ANZSRC Group
ANZ-420201,Behavioural epidemiology,ANZ-4202,3,Official ANZSRC Field retrieval anchor
ANZ-420202,Disease surveillance,ANZ-4202,3,Official ANZSRC Field retrieval anchor
ANZ-420203,Environmental epidemiology,ANZ-4202,3,Official ANZSRC Field retrieval anchor
ANZ-420204,Epidemiological methods,ANZ-4202,3,Official ANZSRC Field retrieval anchor
ANZ-420205,Epidemiological modelling,ANZ-4202,3,Official ANZSRC Field retrieval anchor
ANZ-420206,Forensic epidemiology,ANZ-4202,3,Official ANZSRC Field retrieval anchor
ANZ-420207,Major global burdens of disease,ANZ-4202,3,Official ANZSRC Field retrieval anchor
ANZ-420208,Nutritional epidemiology,ANZ-4202,3,Official ANZSRC Field retrieval anchor
ANZ-420209,Occupational epidemiology,ANZ-4202,3,Official ANZSRC Field retrieval anchor
ANZ-420210,Social epidemiology,ANZ-4202,3,Official ANZSRC Field retrieval anchor
ANZ-420299,Epidemiology not elsewhere classified,ANZ-4202,3,Official ANZSRC Field retrieval anchor
ANZ-4203,Health services and systems,ANZ-42,2,Official ANZSRC Group
ANZ-420301,Aged health care,ANZ-4203,3,Official ANZSRC Field retrieval anchor
ANZ-420302,Digital health,ANZ-4203,3,Official ANZSRC Field retrieval anchor
ANZ-420303,Family care,ANZ-4203,3,Official ANZSRC Field retrieval anchor
ANZ-420304,General practice,ANZ-4203,3,Official ANZSRC Field retrieval anchor
ANZ-420305,Health and community services,ANZ-4203,3,Official ANZSRC Field retrieval anchor
ANZ-420306,Health care administration,ANZ-4203,3,Official ANZSRC Field retrieval anchor
ANZ-420307,Health counselling,ANZ-4203,3,Official ANZSRC Field retrieval anchor
ANZ-420308,Health informatics and information systems,ANZ-4203,3,Official ANZSRC Field retrieval anchor
ANZ-420309,Health management,ANZ-4203,3,Official ANZSRC Field retrieval anchor
ANZ-420310,Health surveillance,ANZ-4203,3,Official ANZSRC Field retrieval anchor
ANZ-420311,Health systems,ANZ-4203,3,Official ANZSRC Field retrieval anchor
ANZ-420312,Implementation science and evaluation,ANZ-4203,3,Official ANZSRC Field retrieval anchor
ANZ-420313,Mental health services,ANZ-4203,3,Official ANZSRC Field retrieval anchor
ANZ-420314,Multimorbidity,ANZ-4203,3,Official ANZSRC Field retrieval anchor
ANZ-420315,One health,ANZ-4203,3,Official ANZSRC Field retrieval anchor
ANZ-420316,Palliative care,ANZ-4203,3,Official ANZSRC Field retrieval anchor
ANZ-420317,Patient safety,ANZ-4203,3,Official ANZSRC Field retrieval anchor
ANZ-420318,People with disability,ANZ-4203,3,Official ANZSRC Field retrieval anchor
ANZ-420319,Primary health care,ANZ-4203,3,Official ANZSRC Field retrieval anchor
ANZ-420320,Residential client care,ANZ-4203,3,Official ANZSRC Field retrieval anchor
ANZ-420321,Rural and remote health services,ANZ-4203,3,Official ANZSRC Field retrieval anchor
ANZ-420399,Health services and systems not elsewhere classified,ANZ-4203,3,Official ANZSRC Field retrieval anchor
ANZ-4204,Midwifery,ANZ-42,2,Official ANZSRC Group
ANZ-420401,Clinical midwifery,ANZ-4204,3,Official ANZSRC Field retrieval anchor
ANZ-420402,Models of care and place of birth,ANZ-4204,3,Official ANZSRC Field retrieval anchor
ANZ-420403,Psychosocial aspects of childbirth and perinatal mental health,ANZ-4204,3,Official ANZSRC Field retrieval anchor
ANZ-420499,Midwifery not elsewhere classified,ANZ-4204,3,Official ANZSRC Field retrieval anchor
ANZ-4205,Nursing,ANZ-42,2,Official ANZSRC Group
ANZ-420501,Acute care,ANZ-4205,3,Official ANZSRC Field retrieval anchor
ANZ-420502,Aged care nursing,ANZ-4205,3,Official ANZSRC Field retrieval anchor
ANZ-420503,Community and primary care,ANZ-4205,3,Official ANZSRC Field retrieval anchor
ANZ-420504,Mental health nursing,ANZ-4205,3,Official ANZSRC Field retrieval anchor
ANZ-420505,Nursing workforce,ANZ-4205,3,Official ANZSRC Field retrieval anchor
ANZ-420506,Sub-acute care,ANZ-4205,3,Official ANZSRC Field retrieval anchor
ANZ-420599,Nursing not elsewhere classified,ANZ-4205,3,Official ANZSRC Field retrieval anchor
ANZ-4206,Public health,ANZ-42,2,Official ANZSRC Group
ANZ-420601,Community child health,ANZ-4206,3,Official ANZSRC Field retrieval anchor
ANZ-420602,Health equity,ANZ-4206,3,Official ANZSRC Field retrieval anchor
ANZ-420603,Health promotion,ANZ-4206,3,Official ANZSRC Field retrieval anchor
ANZ-420604,Injury prevention,ANZ-4206,3,Official ANZSRC Field retrieval anchor
ANZ-420605,Preventative health care,ANZ-4206,3,Official ANZSRC Field retrieval anchor
ANZ-420606,Social determinants of health,ANZ-4206,3,Official ANZSRC Field retrieval anchor
ANZ-420699,Public health not elsewhere classified,ANZ-4206,3,Official ANZSRC Field retrieval anchor
ANZ-4207,Sports science and exercise,ANZ-42,2,Official ANZSRC Group
ANZ-420701,Biomechanics,ANZ-4207,3,Official ANZSRC Field retrieval anchor
ANZ-420702,Exercise physiology,ANZ-4207,3,Official ANZSRC Field retrieval anchor
ANZ-420703,Motor control,ANZ-4207,3,Official ANZSRC Field retrieval anchor
ANZ-420799,Sports science and exercise not elsewhere classified,ANZ-4207,3,Official ANZSRC Field retrieval anchor
ANZ-4208,"Traditional, complementary and integrative medicine",ANZ-42,2,Official ANZSRC Group
ANZ-420801,Chiropractic,ANZ-4208,3,Official ANZSRC Field retrieval anchor
ANZ-420802,Naturopathy,ANZ-4208,3,Official ANZSRC Field retrieval anchor
ANZ-420803,Traditional Chinese medicine and treatments,ANZ-4208,3,Official ANZSRC Field retrieval anchor
ANZ-420899,"Traditional, complementary and integrative medicine not elsewhere classified",ANZ-4208,3,Official ANZSRC Field retrieval anchor
ANZ-4299,Other health sciences,ANZ-42,2,Official ANZSRC Group
ANZ-429999,Other health sciences not elsewhere classified,ANZ-4299,3,Official ANZSRC Field retrieval anchor
ANZ-43,"History, Heritage and Archaeology",ROOT,1,Official ANZSRC Division
ANZ-4301,Archaeology,ANZ-43,2,Official ANZSRC Group
ANZ-430101,Archaeological science,ANZ-4301,3,Official ANZSRC Field retrieval anchor
ANZ-430102,"Archaeology of Asia, Africa and the Americas",ANZ-4301,3,Official ANZSRC Field retrieval anchor
ANZ-430103,Archaeology of Australia (excl. Aboriginal and Torres Strait Islander),ANZ-4301,3,Official ANZSRC Field retrieval anchor
ANZ-430104,"Archaeology of Europe, the Mediterranean and the Levant",ANZ-4301,3,Official ANZSRC Field retrieval anchor
ANZ-430105,Archaeology of New Zealand (excl. Māori),ANZ-4301,3,Official ANZSRC Field retrieval anchor
ANZ-430106,Digital archaeology,ANZ-4301,3,Official ANZSRC Field retrieval anchor
ANZ-430107,Historical archaeology (incl. industrial archaeology),ANZ-4301,3,Official ANZSRC Field retrieval anchor
ANZ-430108,Maritime archaeology,ANZ-4301,3,Official ANZSRC Field retrieval anchor
ANZ-430199,Archaeology not elsewhere classified,ANZ-4301,3,Official ANZSRC Field retrieval anchor
ANZ-4302,"Heritage, archive and museum studies",ANZ-43,2,Official ANZSRC Group
ANZ-430201,"Archival, repository and related studies",ANZ-4302,3,Official ANZSRC Field retrieval anchor
ANZ-430202,"Critical heritage, museum and archive studies",ANZ-4302,3,Official ANZSRC Field retrieval anchor
ANZ-430203,Cultural heritage management (incl. world heritage),ANZ-4302,3,Official ANZSRC Field retrieval anchor
ANZ-430204,Digital heritage,ANZ-4302,3,Official ANZSRC Field retrieval anchor
ANZ-430205,Heritage and cultural conservation,ANZ-4302,3,Official ANZSRC Field retrieval anchor
ANZ-430206,Heritage collections and interpretations,ANZ-4302,3,Official ANZSRC Field retrieval anchor
ANZ-430207,"Heritage tourism, visitor and audience studies",ANZ-4302,3,Official ANZSRC Field retrieval anchor
ANZ-430208,Intangible heritage,ANZ-4302,3,Official ANZSRC Field retrieval anchor
ANZ-430209,Materials conservation,ANZ-4302,3,Official ANZSRC Field retrieval anchor
ANZ-430299,"Heritage, archive and museum studies not elsewhere classified",ANZ-4302,3,Official ANZSRC Field retrieval anchor
ANZ-4303,Historical studies,ANZ-43,2,Official ANZSRC Group
ANZ-430301,Asian history,ANZ-4303,3,Official ANZSRC Field retrieval anchor
ANZ-430302,Australian history,ANZ-4303,3,Official ANZSRC Field retrieval anchor
ANZ-430303,Biography,ANZ-4303,3,Official ANZSRC Field retrieval anchor
ANZ-430304,British history,ANZ-4303,3,Official ANZSRC Field retrieval anchor
ANZ-430305,Classical Greek and Roman history,ANZ-4303,3,Official ANZSRC Field retrieval anchor
ANZ-430306,Digital history,ANZ-4303,3,Official ANZSRC Field retrieval anchor
ANZ-430307,Environmental history,ANZ-4303,3,Official ANZSRC Field retrieval anchor
ANZ-430308,"European history (excl. British, classical Greek and Roman)",ANZ-4303,3,Official ANZSRC Field retrieval anchor
ANZ-430309,Gender history,ANZ-4303,3,Official ANZSRC Field retrieval anchor
ANZ-430310,Global and world history,ANZ-4303,3,Official ANZSRC Field retrieval anchor
ANZ-430311,Historical studies of crime,ANZ-4303,3,Official ANZSRC Field retrieval anchor
ANZ-430312,Histories of race,ANZ-4303,3,Official ANZSRC Field retrieval anchor
ANZ-430313,"History of empires, imperialism and colonialism",ANZ-4303,3,Official ANZSRC Field retrieval anchor
ANZ-430314,History of religion,ANZ-4303,3,Official ANZSRC Field retrieval anchor
ANZ-430315,History of the pacific,ANZ-4303,3,Official ANZSRC Field retrieval anchor
ANZ-430316,International history,ANZ-4303,3,Official ANZSRC Field retrieval anchor
ANZ-430317,Latin and South American history,ANZ-4303,3,Official ANZSRC Field retrieval anchor
ANZ-430318,Middle Eastern and North African history,ANZ-4303,3,Official ANZSRC Field retrieval anchor
ANZ-430319,Migration history,ANZ-4303,3,Official ANZSRC Field retrieval anchor
ANZ-430320,New Zealand history,ANZ-4303,3,Official ANZSRC Field retrieval anchor
ANZ-430321,North American history,ANZ-4303,3,Official ANZSRC Field retrieval anchor
ANZ-430322,Sub-Saharan African history,ANZ-4303,3,Official ANZSRC Field retrieval anchor
ANZ-430323,Transnational history,ANZ-4303,3,Official ANZSRC Field retrieval anchor
ANZ-430399,Historical studies not elsewhere classified,ANZ-4303,3,Official ANZSRC Field retrieval anchor
ANZ-4399,"Other history, heritage and archaeology",ANZ-43,2,Official ANZSRC Group
ANZ-439999,"Other history, heritage and archaeology not elsewhere classified",ANZ-4399,3,Official ANZSRC Field retrieval anchor
ANZ-44,Human Society,ROOT,1,Official ANZSRC Division
ANZ-4401,Anthropology,ANZ-44,2,Official ANZSRC Group
ANZ-440101,Anthropology of development,ANZ-4401,3,Official ANZSRC Field retrieval anchor
ANZ-440102,Anthropology of gender and sexuality,ANZ-4401,3,Official ANZSRC Field retrieval anchor
ANZ-440103,Biological (physical) anthropology,ANZ-4401,3,Official ANZSRC Field retrieval anchor
ANZ-440104,Environmental anthropology,ANZ-4401,3,Official ANZSRC Field retrieval anchor
ANZ-440105,Linguistic anthropology,ANZ-4401,3,Official ANZSRC Field retrieval anchor
ANZ-440106,Medical anthropology,ANZ-4401,3,Official ANZSRC Field retrieval anchor
ANZ-440107,Social and cultural anthropology,ANZ-4401,3,Official ANZSRC Field retrieval anchor
ANZ-440199,Anthropology not elsewhere classified,ANZ-4401,3,Official ANZSRC Field retrieval anchor
ANZ-4402,Criminology,ANZ-44,2,Official ANZSRC Group
ANZ-440201,Causes and prevention of crime,ANZ-4402,3,Official ANZSRC Field retrieval anchor
ANZ-440202,"Correctional theory, offender treatment and rehabilitation",ANZ-4402,3,Official ANZSRC Field retrieval anchor
ANZ-440203,Courts and sentencing,ANZ-4402,3,Official ANZSRC Field retrieval anchor
ANZ-440204,Crime and social justice,ANZ-4402,3,Official ANZSRC Field retrieval anchor
ANZ-440205,Criminological theories,ANZ-4402,3,Official ANZSRC Field retrieval anchor
ANZ-440206,Critical approaches to crime,ANZ-4402,3,Official ANZSRC Field retrieval anchor
ANZ-440207,Cybercrime,ANZ-4402,3,Official ANZSRC Field retrieval anchor
ANZ-440208,Environmental crime,ANZ-4402,3,Official ANZSRC Field retrieval anchor
ANZ-440209,Gender and crime,ANZ-4402,3,Official ANZSRC Field retrieval anchor
ANZ-440210,Organised crime,ANZ-4402,3,Official ANZSRC Field retrieval anchor
ANZ-440211,"Police administration, procedures and practice",ANZ-4402,3,Official ANZSRC Field retrieval anchor
ANZ-440212,Private policing and security services,ANZ-4402,3,Official ANZSRC Field retrieval anchor
ANZ-440213,Race/ethnicity and crime,ANZ-4402,3,Official ANZSRC Field retrieval anchor
ANZ-440214,Sociological studies of crime,ANZ-4402,3,Official ANZSRC Field retrieval anchor
ANZ-440215,State crime,ANZ-4402,3,Official ANZSRC Field retrieval anchor
ANZ-440216,"Technology, crime and surveillance",ANZ-4402,3,Official ANZSRC Field retrieval anchor
ANZ-440217,Terrorism,ANZ-4402,3,Official ANZSRC Field retrieval anchor
ANZ-440218,Victims,ANZ-4402,3,Official ANZSRC Field retrieval anchor
ANZ-440219,White collar crime,ANZ-4402,3,Official ANZSRC Field retrieval anchor
ANZ-440299,Criminology not elsewhere classified,ANZ-4402,3,Official ANZSRC Field retrieval anchor
ANZ-4403,Demography,ANZ-44,2,Official ANZSRC Group
ANZ-440301,Family and household studies,ANZ-4403,3,Official ANZSRC Field retrieval anchor
ANZ-440302,Fertility,ANZ-4403,3,Official ANZSRC Field retrieval anchor
ANZ-440303,Migration,ANZ-4403,3,Official ANZSRC Field retrieval anchor
ANZ-440304,Mortality,ANZ-4403,3,Official ANZSRC Field retrieval anchor
ANZ-440305,Population trends and policies,ANZ-4403,3,Official ANZSRC Field retrieval anchor
ANZ-440399,Demography not elsewhere classified,ANZ-4403,3,Official ANZSRC Field retrieval anchor
ANZ-4404,Development studies,ANZ-44,2,Official ANZSRC Group
ANZ-440401,Development cooperation,ANZ-4404,3,Official ANZSRC Field retrieval anchor
ANZ-440402,"Humanitarian disasters, conflict and peacebuilding",ANZ-4404,3,Official ANZSRC Field retrieval anchor
ANZ-440403,"Labour, migration and development",ANZ-4404,3,Official ANZSRC Field retrieval anchor
ANZ-440404,Political economy and social change,ANZ-4404,3,Official ANZSRC Field retrieval anchor
ANZ-440405,"Poverty, inclusivity and wellbeing",ANZ-4404,3,Official ANZSRC Field retrieval anchor
ANZ-440406,Rural community development,ANZ-4404,3,Official ANZSRC Field retrieval anchor
ANZ-440407,Socio-economic development,ANZ-4404,3,Official ANZSRC Field retrieval anchor
ANZ-440408,Urban community development,ANZ-4404,3,Official ANZSRC Field retrieval anchor
ANZ-440499,Development studies not elsewhere classified,ANZ-4404,3,Official ANZSRC Field retrieval anchor
ANZ-4405,Gender studies,ANZ-44,2,Official ANZSRC Group
ANZ-440501,Feminist and queer theory,ANZ-4405,3,Official ANZSRC Field retrieval anchor
ANZ-440502,Feminist methodologies,ANZ-4405,3,Official ANZSRC Field retrieval anchor
ANZ-440503,Feminist theory,ANZ-4405,3,Official ANZSRC Field retrieval anchor
ANZ-440504,Gender relations,ANZ-4405,3,Official ANZSRC Field retrieval anchor
ANZ-440505,Intersectional studies,ANZ-4405,3,Official ANZSRC Field retrieval anchor
ANZ-440506,Sexualities,ANZ-4405,3,Official ANZSRC Field retrieval anchor
ANZ-440507,Studies of men and masculinities,ANZ-4405,3,Official ANZSRC Field retrieval anchor
ANZ-440508,Transgender studies,ANZ-4405,3,Official ANZSRC Field retrieval anchor
ANZ-440509,Women's studies (incl. girls' studies),ANZ-4405,3,Official ANZSRC Field retrieval anchor
ANZ-440599,Gender studies not elsewhere classified,ANZ-4405,3,Official ANZSRC Field retrieval anchor
ANZ-4406,Human geography,ANZ-44,2,Official ANZSRC Group
ANZ-440601,Cultural geography,ANZ-4406,3,Official ANZSRC Field retrieval anchor
ANZ-440602,Development geography,ANZ-4406,3,Official ANZSRC Field retrieval anchor
ANZ-440603,Economic geography,ANZ-4406,3,Official ANZSRC Field retrieval anchor
ANZ-440604,Environmental geography,ANZ-4406,3,Official ANZSRC Field retrieval anchor
ANZ-440605,Health geography,ANZ-4406,3,Official ANZSRC Field retrieval anchor
ANZ-440606,Political geography,ANZ-4406,3,Official ANZSRC Field retrieval anchor
ANZ-440607,Population geography,ANZ-4406,3,Official ANZSRC Field retrieval anchor
ANZ-440608,"Recreation, leisure and tourism geography",ANZ-4406,3,Official ANZSRC Field retrieval anchor
ANZ-440609,Rural and regional geography,ANZ-4406,3,Official ANZSRC Field retrieval anchor
ANZ-440610,Social geography,ANZ-4406,3,Official ANZSRC Field retrieval anchor
ANZ-440611,Transport geography,ANZ-4406,3,Official ANZSRC Field retrieval anchor
ANZ-440612,Urban geography,ANZ-4406,3,Official ANZSRC Field retrieval anchor
ANZ-440699,Human geography not elsewhere classified,ANZ-4406,3,Official ANZSRC Field retrieval anchor
ANZ-4407,Policy and administration,ANZ-44,2,Official ANZSRC Group
ANZ-440701,Communications and media policy,ANZ-4407,3,Official ANZSRC Field retrieval anchor
ANZ-440702,Crime policy,ANZ-4407,3,Official ANZSRC Field retrieval anchor
ANZ-440703,Economic development policy,ANZ-4407,3,Official ANZSRC Field retrieval anchor
ANZ-440704,Environment policy,ANZ-4407,3,Official ANZSRC Field retrieval anchor
ANZ-440705,"Gender, policy and administration",ANZ-4407,3,Official ANZSRC Field retrieval anchor
ANZ-440706,Health policy,ANZ-4407,3,Official ANZSRC Field retrieval anchor
ANZ-440707,Housing policy,ANZ-4407,3,Official ANZSRC Field retrieval anchor
ANZ-440708,Public administration,ANZ-4407,3,Official ANZSRC Field retrieval anchor
ANZ-440709,Public policy,ANZ-4407,3,Official ANZSRC Field retrieval anchor
ANZ-440710,"Research, science and technology policy",ANZ-4407,3,Official ANZSRC Field retrieval anchor
ANZ-440711,Risk policy,ANZ-4407,3,Official ANZSRC Field retrieval anchor
ANZ-440712,Social policy,ANZ-4407,3,Official ANZSRC Field retrieval anchor
ANZ-440713,Tourism policy,ANZ-4407,3,Official ANZSRC Field retrieval anchor
ANZ-440714,Urban policy,ANZ-4407,3,Official ANZSRC Field retrieval anchor
ANZ-440799,Policy and administration not elsewhere classified,ANZ-4407,3,Official ANZSRC Field retrieval anchor
ANZ-4408,Political science,ANZ-44,2,Official ANZSRC Group
ANZ-440801,Australian government and politics,ANZ-4408,3,Official ANZSRC Field retrieval anchor
ANZ-440802,Citizenship,ANZ-4408,3,Official ANZSRC Field retrieval anchor
ANZ-440803,Comparative government and politics,ANZ-4408,3,Official ANZSRC Field retrieval anchor
ANZ-440804,Defence studies,ANZ-4408,3,Official ANZSRC Field retrieval anchor
ANZ-440805,Environmental politics,ANZ-4408,3,Official ANZSRC Field retrieval anchor
ANZ-440806,Gender and politics,ANZ-4408,3,Official ANZSRC Field retrieval anchor
ANZ-440807,Government and politics of Asia and the Pacific,ANZ-4408,3,Official ANZSRC Field retrieval anchor
ANZ-440808,International relations,ANZ-4408,3,Official ANZSRC Field retrieval anchor
ANZ-440809,New Zealand government and politics,ANZ-4408,3,Official ANZSRC Field retrieval anchor
ANZ-440810,Peace studies,ANZ-4408,3,Official ANZSRC Field retrieval anchor
ANZ-440811,Political theory and political philosophy,ANZ-4408,3,Official ANZSRC Field retrieval anchor
ANZ-440899,Political science not elsewhere classified,ANZ-4408,3,Official ANZSRC Field retrieval anchor
ANZ-4409,Social work,ANZ-44,2,Official ANZSRC Group
ANZ-440901,Clinical social work practice,ANZ-4409,3,Official ANZSRC Field retrieval anchor
ANZ-440902,"Counselling, wellbeing and community services",ANZ-4409,3,Official ANZSRC Field retrieval anchor
ANZ-440903,Social program evaluation,ANZ-4409,3,Official ANZSRC Field retrieval anchor
ANZ-440999,Social work not elsewhere classified,ANZ-4409,3,Official ANZSRC Field retrieval anchor
ANZ-4410,Sociology,ANZ-44,2,Official ANZSRC Group
ANZ-441001,"Applied sociology, program evaluation and social impact assessment",ANZ-4410,3,Official ANZSRC Field retrieval anchor
ANZ-441002,Environmental sociology,ANZ-4410,3,Official ANZSRC Field retrieval anchor
ANZ-441003,Rural sociology,ANZ-4410,3,Official ANZSRC Field retrieval anchor
ANZ-441004,Social change,ANZ-4410,3,Official ANZSRC Field retrieval anchor
ANZ-441005,Social theory,ANZ-4410,3,Official ANZSRC Field retrieval anchor
ANZ-441006,Sociological methodology and research methods,ANZ-4410,3,Official ANZSRC Field retrieval anchor
ANZ-441007,Sociology and social studies of science and technology,ANZ-4410,3,Official ANZSRC Field retrieval anchor
ANZ-441008,Sociology of culture,ANZ-4410,3,Official ANZSRC Field retrieval anchor
ANZ-441009,Sociology of family and relationships,ANZ-4410,3,Official ANZSRC Field retrieval anchor
ANZ-441010,Sociology of gender,ANZ-4410,3,Official ANZSRC Field retrieval anchor
ANZ-441011,Sociology of health,ANZ-4410,3,Official ANZSRC Field retrieval anchor
ANZ-441012,Sociology of inequalities,ANZ-4410,3,Official ANZSRC Field retrieval anchor
ANZ-441013,"Sociology of migration, ethnicity and multiculturalism",ANZ-4410,3,Official ANZSRC Field retrieval anchor
ANZ-441014,Sociology of religion,ANZ-4410,3,Official ANZSRC Field retrieval anchor
ANZ-441015,Sociology of the life course,ANZ-4410,3,Official ANZSRC Field retrieval anchor
ANZ-441016,Urban sociology and community studies,ANZ-4410,3,Official ANZSRC Field retrieval anchor
ANZ-441099,Sociology not elsewhere classified,ANZ-4410,3,Official ANZSRC Field retrieval anchor
ANZ-4499,Other human society,ANZ-44,2,Official ANZSRC Group
ANZ-449901,Studies of Asian society,ANZ-4499,3,Official ANZSRC Field retrieval anchor
ANZ-449999,Other human society not elsewhere classified,ANZ-4499,3,Official ANZSRC Field retrieval anchor
ANZ-45,Indigenous Studies,ROOT,1,Official ANZSRC Division
ANZ-4501,"Aboriginal and Torres Strait Islander culture, language and history",ANZ-45,2,Official ANZSRC Group
ANZ-450101,Aboriginal and Torres Strait Islander archaeology,ANZ-4501,3,Official ANZSRC Field retrieval anchor
ANZ-450102,Aboriginal and Torres Strait Islander artefacts,ANZ-4501,3,Official ANZSRC Field retrieval anchor
ANZ-450103,Aboriginal and Torres Strait Islander cultural history,ANZ-4501,3,Official ANZSRC Field retrieval anchor
ANZ-450104,Aboriginal and Torres Strait Islander culture,ANZ-4501,3,Official ANZSRC Field retrieval anchor
ANZ-450105,"Aboriginal and Torres Strait Islander curatorial, archives and museum studies",ANZ-4501,3,Official ANZSRC Field retrieval anchor
ANZ-450106,Aboriginal and Torres Strait Islander ethics,ANZ-4501,3,Official ANZSRC Field retrieval anchor
ANZ-450107,Aboriginal and Torres Strait Islander history,ANZ-4501,3,Official ANZSRC Field retrieval anchor
ANZ-450108,Aboriginal and Torres Strait Islander linguistics and languages,ANZ-4501,3,Official ANZSRC Field retrieval anchor
ANZ-450109,"Aboriginal and Torres Strait Islander literature, journalism and professional writing",ANZ-4501,3,Official ANZSRC Field retrieval anchor
ANZ-450110,"Aboriginal and Torres Strait Islander media, film, animation and photography",ANZ-4501,3,Official ANZSRC Field retrieval anchor
ANZ-450111,Aboriginal and Torres Strait Islander music and performing arts,ANZ-4501,3,Official ANZSRC Field retrieval anchor
ANZ-450112,Aboriginal and Torres Strait Islander philosophy,ANZ-4501,3,Official ANZSRC Field retrieval anchor
ANZ-450113,Aboriginal and Torres Strait Islander religion and religious studies,ANZ-4501,3,Official ANZSRC Field retrieval anchor
ANZ-450114,Aboriginal and Torres Strait Islander repatriation,ANZ-4501,3,Official ANZSRC Field retrieval anchor
ANZ-450115,Aboriginal and Torres Strait Islander research methods,ANZ-4501,3,Official ANZSRC Field retrieval anchor
ANZ-450116,Aboriginal and Torres Strait Islander visual arts and crafts,ANZ-4501,3,Official ANZSRC Field retrieval anchor
ANZ-450117,"Aboriginal and Torres Strait Islander ways of knowing, being and doing",ANZ-4501,3,Official ANZSRC Field retrieval anchor
ANZ-450118,Conservation of Aboriginal and Torres Strait Islander heritage,ANZ-4501,3,Official ANZSRC Field retrieval anchor
ANZ-450199,"Aboriginal and Torres Strait Islander culture, language and history not elsewhere classified",ANZ-4501,3,Official ANZSRC Field retrieval anchor
ANZ-4502,Aboriginal and Torres Strait Islander education,ANZ-45,2,Official ANZSRC Group
ANZ-450201,Aboriginal and Torres Strait Islander curriculum and pedagogy,ANZ-4502,3,Official ANZSRC Field retrieval anchor
ANZ-450202,Aboriginal and Torres Strait Islander early childhood education,ANZ-4502,3,Official ANZSRC Field retrieval anchor
ANZ-450203,Aboriginal and Torres Strait Islander educational methods,ANZ-4502,3,Official ANZSRC Field retrieval anchor
ANZ-450204,"Aboriginal and Torres Strait Islander technical, further, continuing and community education",ANZ-4502,3,Official ANZSRC Field retrieval anchor
ANZ-450205,Aboriginal and Torres Strait Islander higher education,ANZ-4502,3,Official ANZSRC Field retrieval anchor
ANZ-450206,Aboriginal and Torres Strait Islander language education,ANZ-4502,3,Official ANZSRC Field retrieval anchor
ANZ-450207,Aboriginal and Torres Strait Islander men's education,ANZ-4502,3,Official ANZSRC Field retrieval anchor
ANZ-450208,Aboriginal and Torres Strait Islander primary education,ANZ-4502,3,Official ANZSRC Field retrieval anchor
ANZ-450209,Aboriginal and Torres Strait Islander secondary education,ANZ-4502,3,Official ANZSRC Field retrieval anchor
ANZ-450210,Aboriginal and Torres Strait Islander student engagement and teaching,ANZ-4502,3,Official ANZSRC Field retrieval anchor
ANZ-450211,Aboriginal and Torres Strait Islander women's education,ANZ-4502,3,Official ANZSRC Field retrieval anchor
ANZ-450212,Cultural responsiveness and working with Aboriginal and Torres Strait Islander communities education,ANZ-4502,3,Official ANZSRC Field retrieval anchor
ANZ-450213,"Embedding Aboriginal and Torres Strait Islander knowledges, histories, culture, country, perspectives and ethics in education",ANZ-4502,3,Official ANZSRC Field retrieval anchor
ANZ-450299,Aboriginal and Torres Strait Islander education not elsewhere classified,ANZ-4502,3,Official ANZSRC Field retrieval anchor
ANZ-4503,Aboriginal and Torres Strait Islander environmental knowledges and management,ANZ-45,2,Official ANZSRC Group
ANZ-450301,Aboriginal and Torres Strait Islander agriculture and forestry,ANZ-4503,3,Official ANZSRC Field retrieval anchor
ANZ-450302,Aboriginal and Torres Strait Islander earth sciences,ANZ-4503,3,Official ANZSRC Field retrieval anchor
ANZ-450303,Aboriginal and Torres Strait Islander environmental conservation,ANZ-4503,3,Official ANZSRC Field retrieval anchor
ANZ-450304,Aboriginal and Torres Strait Islander environmental knowledges,ANZ-4503,3,Official ANZSRC Field retrieval anchor
ANZ-450305,Aboriginal and Torres Strait Islander fisheries and customary fisheries,ANZ-4503,3,Official ANZSRC Field retrieval anchor
ANZ-450306,Aboriginal and Torres Strait Islander land and water management,ANZ-4503,3,Official ANZSRC Field retrieval anchor
ANZ-450307,Aboriginal and Torres Strait Islander marine environment science,ANZ-4503,3,Official ANZSRC Field retrieval anchor
ANZ-450399,Aboriginal and Torres Strait Islander environmental knowledges and management not elsewhere classified,ANZ-4503,3,Official ANZSRC Field retrieval anchor
ANZ-4504,Aboriginal and Torres Strait Islander health and wellbeing,ANZ-45,2,Official ANZSRC Group
ANZ-450401,Aboriginal and Torres Strait Islander and disability,ANZ-4504,3,Official ANZSRC Field retrieval anchor
ANZ-450402,Aboriginal and Torres Strait Islander biomedical and clinical sciences,ANZ-4504,3,Official ANZSRC Field retrieval anchor
ANZ-450403,Aboriginal and Torres Strait Islander child health and wellbeing,ANZ-4504,3,Official ANZSRC Field retrieval anchor
ANZ-450404,Aboriginal and Torres Strait Islander cultural determinants of health,ANZ-4504,3,Official ANZSRC Field retrieval anchor
ANZ-450405,Aboriginal and Torres Strait Islander diet and nutrition,ANZ-4504,3,Official ANZSRC Field retrieval anchor
ANZ-450406,Aboriginal and Torres Strait Islander epidemiology,ANZ-4504,3,Official ANZSRC Field retrieval anchor
ANZ-450407,Aboriginal and Torres Strait Islander health policy,ANZ-4504,3,Official ANZSRC Field retrieval anchor
ANZ-450408,Aboriginal and Torres Strait Islander health promotion,ANZ-4504,3,Official ANZSRC Field retrieval anchor
ANZ-450409,Aboriginal and Torres Strait Islander health services,ANZ-4504,3,Official ANZSRC Field retrieval anchor
ANZ-450410,Aboriginal and Torres Strait Islander lifecourse,ANZ-4504,3,Official ANZSRC Field retrieval anchor
ANZ-450411,Aboriginal and Torres Strait Islander medicine and treatments,ANZ-4504,3,Official ANZSRC Field retrieval anchor
ANZ-450412,Aboriginal and Torres Strait Islander men's health and wellbeing,ANZ-4504,3,Official ANZSRC Field retrieval anchor
ANZ-450413,Aboriginal and Torres Strait Islander midwifery and paediatrics,ANZ-4504,3,Official ANZSRC Field retrieval anchor
ANZ-450414,Aboriginal and Torres Strait Islander mothers and babies health and wellbeing,ANZ-4504,3,Official ANZSRC Field retrieval anchor
ANZ-450415,Aboriginal and Torres Strait Islander nursing,ANZ-4504,3,Official ANZSRC Field retrieval anchor
ANZ-450416,Aboriginal and Torres Strait Islander psychology,ANZ-4504,3,Official ANZSRC Field retrieval anchor
ANZ-450417,Aboriginal and Torres Strait Islander public health and wellbeing,ANZ-4504,3,Official ANZSRC Field retrieval anchor
ANZ-450418,Aboriginal and Torres Strait Islander remote health,ANZ-4504,3,Official ANZSRC Field retrieval anchor
ANZ-450419,Aboriginal and Torres Strait Islander social determinants of health,ANZ-4504,3,Official ANZSRC Field retrieval anchor
ANZ-450420,"Aboriginal and Torres Strait Islander social, emotional, cultural and spiritual wellbeing",ANZ-4504,3,Official ANZSRC Field retrieval anchor
ANZ-450421,Aboriginal and Torres Strait Islander sport and physical activity,ANZ-4504,3,Official ANZSRC Field retrieval anchor
ANZ-450422,Aboriginal and Torres Strait Islander theory of change models for health,ANZ-4504,3,Official ANZSRC Field retrieval anchor
ANZ-450423,Aboriginal and Torres Strait Islander youth and family social and emotional wellbeing,ANZ-4504,3,Official ANZSRC Field retrieval anchor
ANZ-450499,Aboriginal and Torres Strait Islander health and wellbeing not elsewhere classified,ANZ-4504,3,Official ANZSRC Field retrieval anchor
ANZ-4505,"Aboriginal and Torres Strait Islander peoples, society and community",ANZ-45,2,Official ANZSRC Group
ANZ-450501,Aboriginal and Torres Strait Islander accounting,ANZ-4505,3,Official ANZSRC Field retrieval anchor
ANZ-450502,Aboriginal and Torres Strait Islander anthropology,ANZ-4505,3,Official ANZSRC Field retrieval anchor
ANZ-450503,Aboriginal and Torres Strait Islander architecture,ANZ-4505,3,Official ANZSRC Field retrieval anchor
ANZ-450504,Aboriginal and Torres Strait Islander commerce,ANZ-4505,3,Official ANZSRC Field retrieval anchor
ANZ-450505,Aboriginal and Torres Strait Islander community and regional development,ANZ-4505,3,Official ANZSRC Field retrieval anchor
ANZ-450506,Aboriginal and Torres Strait Islander community governance and decision making,ANZ-4505,3,Official ANZSRC Field retrieval anchor
ANZ-450507,Aboriginal and Torres Strait Islander community-based research,ANZ-4505,3,Official ANZSRC Field retrieval anchor
ANZ-450508,Aboriginal and Torres Strait Islander criminology,ANZ-4505,3,Official ANZSRC Field retrieval anchor
ANZ-450509,Aboriginal and Torres Strait Islander customary law,ANZ-4505,3,Official ANZSRC Field retrieval anchor
ANZ-450510,Aboriginal and Torres Strait Islander design practice and management,ANZ-4505,3,Official ANZSRC Field retrieval anchor
ANZ-450511,Aboriginal and Torres Strait Islander economics,ANZ-4505,3,Official ANZSRC Field retrieval anchor
ANZ-450512,Aboriginal and Torres Strait Islander finance,ANZ-4505,3,Official ANZSRC Field retrieval anchor
ANZ-450513,Aboriginal and Torres Strait Islander human geography and demography,ANZ-4505,3,Official ANZSRC Field retrieval anchor
ANZ-450514,Aboriginal and Torres Strait Islander legislation,ANZ-4505,3,Official ANZSRC Field retrieval anchor
ANZ-450515,Aboriginal and Torres Strait Islander management,ANZ-4505,3,Official ANZSRC Field retrieval anchor
ANZ-450516,Aboriginal and Torres Strait Islander marketing,ANZ-4505,3,Official ANZSRC Field retrieval anchor
ANZ-450517,Aboriginal and Torres Strait Islander not-for-profit social enterprises,ANZ-4505,3,Official ANZSRC Field retrieval anchor
ANZ-450518,Aboriginal and Torres Strait Islander peoples and the law,ANZ-4505,3,Official ANZSRC Field retrieval anchor
ANZ-450519,Aboriginal and Torres Strait Islander perspectives,ANZ-4505,3,Official ANZSRC Field retrieval anchor
ANZ-450520,Aboriginal and Torres Strait Islander political participation and representation,ANZ-4505,3,Official ANZSRC Field retrieval anchor
ANZ-450521,Aboriginal and Torres Strait Islander politics,ANZ-4505,3,Official ANZSRC Field retrieval anchor
ANZ-450522,Aboriginal and Torres Strait Islander social impact and program evaluation,ANZ-4505,3,Official ANZSRC Field retrieval anchor
ANZ-450523,Aboriginal and Torres Strait Islander social work and social justice,ANZ-4505,3,Official ANZSRC Field retrieval anchor
ANZ-450524,Aboriginal and Torres Strait Islander sociological studies,ANZ-4505,3,Official ANZSRC Field retrieval anchor
ANZ-450525,Aboriginal and Torres Strait Islander sociology,ANZ-4505,3,Official ANZSRC Field retrieval anchor
ANZ-450526,Aboriginal and Torres Strait Islander tourism,ANZ-4505,3,Official ANZSRC Field retrieval anchor
ANZ-450527,Aboriginal and Torres Strait Islander urban and regional planning,ANZ-4505,3,Official ANZSRC Field retrieval anchor
ANZ-450599,"Aboriginal and Torres Strait Islander peoples, society and community not elsewhere classified",ANZ-4505,3,Official ANZSRC Field retrieval anchor
ANZ-4506,Aboriginal and Torres Strait Islander sciences,ANZ-45,2,Official ANZSRC Group
ANZ-450601,Aboriginal and Torres Strait Islander astronomy and cosmology,ANZ-4506,3,Official ANZSRC Field retrieval anchor
ANZ-450602,Aboriginal and Torres Strait Islander biological sciences,ANZ-4506,3,Official ANZSRC Field retrieval anchor
ANZ-450603,Aboriginal and Torres Strait Islander computing technology use and design,ANZ-4506,3,Official ANZSRC Field retrieval anchor
ANZ-450604,Aboriginal and Torres Strait Islander engineering,ANZ-4506,3,Official ANZSRC Field retrieval anchor
ANZ-450605,Aboriginal and Torres Strait Islander genomics,ANZ-4506,3,Official ANZSRC Field retrieval anchor
ANZ-450606,Aboriginal and Torres Strait Islander information and knowledge management systems,ANZ-4506,3,Official ANZSRC Field retrieval anchor
ANZ-450607,Aboriginal and Torres Strait Islander innovation,ANZ-4506,3,Official ANZSRC Field retrieval anchor
ANZ-450608,Aboriginal and Torres Strait Islander knowledge management methods,ANZ-4506,3,Official ANZSRC Field retrieval anchor
ANZ-450609,"Aboriginal and Torres Strait Islander mathematical, physical and chemical sciences (excl. astronomy and cosmology)",ANZ-4506,3,Official ANZSRC Field retrieval anchor
ANZ-450699,Aboriginal and Torres Strait Islander sciences not elsewhere classified,ANZ-4506,3,Official ANZSRC Field retrieval anchor
ANZ-4507,"Te ahurea, reo me te hītori o te Māori (Māori culture, language and history)",ANZ-45,2,Official ANZSRC Group
ANZ-450701,Te whāomoomo i te tuku ihotanga Māori (conservation of Māori heritage),ANZ-4507,3,Official ANZSRC Field retrieval anchor
ANZ-450702,Te mana wahine (female status),ANZ-4507,3,Official ANZSRC Field retrieval anchor
ANZ-450703,Te mana tāne (male status),ANZ-4507,3,Official ANZSRC Field retrieval anchor
ANZ-450704,Te mātai whaipara Māori (Māori archaeology),ANZ-4507,3,Official ANZSRC Field retrieval anchor
ANZ-450705,Ngā taonga Māori nō mua (Māori artefacts),ANZ-4507,3,Official ANZSRC Field retrieval anchor
ANZ-450706,Te hītori ahurea Māori (Māori cultural history),ANZ-4507,3,Official ANZSRC Field retrieval anchor
ANZ-450707,Te ahurea Māori (Māori culture),ANZ-4507,3,Official ANZSRC Field retrieval anchor
ANZ-450708,"Ngā mātai kaitiaki, pūranga me ngā whare tongarewa o te Māori (Māori curatorial, archives and museum studies)",ANZ-4507,3,Official ANZSRC Field retrieval anchor
ANZ-450709,Ngā matatika o te Māori (Māori ethics),ANZ-4507,3,Official ANZSRC Field retrieval anchor
ANZ-450710,Te hītori Māori (Māori history),ANZ-4507,3,Official ANZSRC Field retrieval anchor
ANZ-450711,"Te whenua, ahurea me te tuakiri o te Māori (Māori land, culture and identity)",ANZ-4507,3,Official ANZSRC Field retrieval anchor
ANZ-450712,Te mātai i te reo Māori me te reo Māori (Māori linguistics and languages),ANZ-4507,3,Official ANZSRC Field retrieval anchor
ANZ-450713,"Te mātākōrero, te kawe kōrero me te tuhituhi ngaio o te Māori (Māori literature, journalism and professional writing)",ANZ-4507,3,Official ANZSRC Field retrieval anchor
ANZ-450714,"Ngā arapāho, ngā kiriata, te hākoritanga me te hopu whakaahua o te Māori (Māori media, film, animation and photography)",ANZ-4507,3,Official ANZSRC Field retrieval anchor
ANZ-450715,Te puoro me ngā mahi a te rēhia o te Māori (Māori music and performing arts),ANZ-4507,3,Official ANZSRC Field retrieval anchor
ANZ-450716,Te rapunga whakaaro o te Māori (Māori philosophy),ANZ-4507,3,Official ANZSRC Field retrieval anchor
ANZ-450717,Ngā Kaupapa Māori (Māori projects),ANZ-4507,3,Official ANZSRC Field retrieval anchor
ANZ-450718,Te whakapono me te mātai whakapono o te Māori (Māori religion and religious studies),ANZ-4507,3,Official ANZSRC Field retrieval anchor
ANZ-450719,Te whakahoki taonga a te Māori ki te kāinga (Māori repatriation),ANZ-4507,3,Official ANZSRC Field retrieval anchor
ANZ-450720,Ngā tikanga rangahau o te Māori (Māori research methods),ANZ-4507,3,Official ANZSRC Field retrieval anchor
ANZ-450721,Ngā toi ataata ngā mahi ā-rehe o te Māori (Māori visual arts and crafts),ANZ-4507,3,Official ANZSRC Field retrieval anchor
ANZ-450799,"Te ahurea, reo, me te hītori o te Māori kāore anō kia whakarōpūtia i wāhi kē (Māori culture, language and history not elsewhere classified)",ANZ-4507,3,Official ANZSRC Field retrieval anchor
ANZ-4508,Mātauranga Māori (Māori education),ANZ-45,2,Official ANZSRC Group
ANZ-450801,Ngā kōhanga reo (Māori curriculum and pedagogy),ANZ-4508,3,Official ANZSRC Field retrieval anchor
ANZ-450802,Te Whāriki - te mātauranga kōhungahunga Māori (Māori early childhood education),ANZ-4508,3,Official ANZSRC Field retrieval anchor
ANZ-450803,Ngā tikanga mātauranga o te Māori (Māori educational methods),ANZ-4508,3,Official ANZSRC Field retrieval anchor
ANZ-450804,Te mātauranga kura tuatoru Māori (Māori higher education),ANZ-4508,3,Official ANZSRC Field retrieval anchor
ANZ-450805,Te mātauranga reo Māori (Māori language education),ANZ-4508,3,Official ANZSRC Field retrieval anchor
ANZ-450806,Ngā kura kaupapa Māori (Māori primary education),ANZ-4508,3,Official ANZSRC Field retrieval anchor
ANZ-450807,Te urupare me te whai wāhi Māori ki te mātauranga (Māori responsiveness and engaged education),ANZ-4508,3,Official ANZSRC Field retrieval anchor
ANZ-450808,Te mātauranga kura tuarua Māori (Māori secondary education),ANZ-4508,3,Official ANZSRC Field retrieval anchor
ANZ-450809,Te whai wāhi ākonga me ngā mahi whakaako o te Māori (Māori student engagement and teaching),ANZ-4508,3,Official ANZSRC Field retrieval anchor
ANZ-450810,"Tō te Māori mātauranga hangarau, mātauranga atu anō, mātauranga haere tonu, me te mātauranga hapori (Māori technical, further, continuing and community education)",ANZ-4508,3,Official ANZSRC Field retrieval anchor
ANZ-450811,Te mātauranga Māori i roto i te mātauranga (Mātauranga Māori in education),ANZ-4508,3,Official ANZSRC Field retrieval anchor
ANZ-450899,Te mātauranga Māori kāore anō kia whakarōpūtia i wāhi kē (Māori education not elsewhere classified),ANZ-4508,3,Official ANZSRC Field retrieval anchor
ANZ-4509,Ngā mātauranga taiao o te Māori (Māori environmental knowledges),ANZ-45,2,Official ANZSRC Group
ANZ-450901,Te ahuwhenua me ngā mahi ngahere o te Māori (Māori agriculture and forestry),ANZ-4509,3,Official ANZSRC Field retrieval anchor
ANZ-450902,Ngā pūtaiao-ā-nuku o te Māori (Māori earth sciences),ANZ-4509,3,Official ANZSRC Field retrieval anchor
ANZ-450903,Te whāomoomo taiao o te Māori (Māori environmental conservation),ANZ-4509,3,Official ANZSRC Field retrieval anchor
ANZ-450904,Ngā mātauranga taiao o te Māori (Māori environmental knowledges),ANZ-4509,3,Official ANZSRC Field retrieval anchor
ANZ-450905,Te ahumoana me te ahumoana tuku iho o te Māori (Māori fisheries and customary fisheries),ANZ-4509,3,Official ANZSRC Field retrieval anchor
ANZ-450906,Te whakahaere whenua me te wai o te Māori (Māori land and water management),ANZ-4509,3,Official ANZSRC Field retrieval anchor
ANZ-450907,Te pūtaiao taiao moana o te Māori (Māori marine environment science),ANZ-4509,3,Official ANZSRC Field retrieval anchor
ANZ-450999,Ngā mātauranga taiao o te Māori kāore anō kia whakarōpūtia i wāhi kē (Māori environmental knowledges not elsewhere classified),ANZ-4509,3,Official ANZSRC Field retrieval anchor
ANZ-4510,Te hauora me te oranga o te Māori (Māori health and wellbeing),ANZ-45,2,Official ANZSRC Group
ANZ-451001,Te whaikaha me te Māori (Māori and disability),ANZ-4510,3,Official ANZSRC Field retrieval anchor
ANZ-451002,"Ngā pūtaiao koiora-hauora, haumanu hoki o te Māori (Māori biomedical and clinical sciences)",ANZ-4510,3,Official ANZSRC Field retrieval anchor
ANZ-451003,Ngā tokoingoa ahurea o te hauora o te Māori (Māori cultural determinants of health),ANZ-4510,3,Official ANZSRC Field retrieval anchor
ANZ-451004,Te horakai me ngā kai o te Māori (Māori diet and nutrition),ANZ-4510,3,Official ANZSRC Field retrieval anchor
ANZ-451005,Te mātai tahumaero o te Māori (Māori epidemiology),ANZ-4510,3,Official ANZSRC Field retrieval anchor
ANZ-451006,Ngā kaupapahere hauora o te Māori (Māori health policy),ANZ-4510,3,Official ANZSRC Field retrieval anchor
ANZ-451007,Te whakatairanga hauora o te Māori (Māori health promotion),ANZ-4510,3,Official ANZSRC Field retrieval anchor
ANZ-451008,Ngā wāhanga ora o te Māori (Māori life course),ANZ-4510,3,Official ANZSRC Field retrieval anchor
ANZ-451009,Ngā rongoā me ngā whakamaimoa o te Māori (Māori medicine and treatments),ANZ-4510,3,Official ANZSRC Field retrieval anchor
ANZ-451010,Ngā kaiwhakawhānau me te mātai mate tamariki o te Māori (Māori midwifery and paediatrics),ANZ-4510,3,Official ANZSRC Field retrieval anchor
ANZ-451011,"Te hauora me te oranga ā-whaea, ā-pēpi o te Māori (Māori mothers and babies health and wellbeing)",ANZ-4510,3,Official ANZSRC Field retrieval anchor
ANZ-451012,Te mahi tapuhi o te Māori (Māori nursing),ANZ-4510,3,Official ANZSRC Field retrieval anchor
ANZ-451013,Mātauranga hinengaro kaupapa Māori (Māori psychology),ANZ-4510,3,Official ANZSRC Field retrieval anchor
ANZ-451014,Ngā pūnaha mātauranga hinengaro o te Māori (Māori psychology knowledge systems),ANZ-4510,3,Official ANZSRC Field retrieval anchor
ANZ-451015,Te hauora me te oranga tūmatanui o te Māori (Māori public health and wellbeing),ANZ-4510,3,Official ANZSRC Field retrieval anchor
ANZ-451016,Te hauora mamao o te Māori (Māori remote health),ANZ-4510,3,Official ANZSRC Field retrieval anchor
ANZ-451017,"Te oranga ā-pāpori, ā-hinengaro, ā-ahurea, ā-wairua o te Māori (Māori social, cultural, emotional and spiritual wellbeing)",ANZ-4510,3,Official ANZSRC Field retrieval anchor
ANZ-451018,Ngā tokoingoa pāpori o te hauora o te Māori (Māori social determinants of health),ANZ-4510,3,Official ANZSRC Field retrieval anchor
ANZ-451019,Ngā hākinakina me te korikori tinana o te Māori (Māori sport and physical activity),ANZ-4510,3,Official ANZSRC Field retrieval anchor
ANZ-451020,Te ariā o ngā tauira panoni hauora o te Māori (Māori theory of change models for health),ANZ-4510,3,Official ANZSRC Field retrieval anchor
ANZ-451021,Ngā taiohi me ngā whānau Māori (Māori youth and family),ANZ-4510,3,Official ANZSRC Field retrieval anchor
ANZ-451099,Te hauora me te oranga o te Māori kāore anō kia whakarōpūhia i wāhi kē (Māori health and wellbeing not elsewhere classified),ANZ-4510,3,Official ANZSRC Field retrieval anchor
ANZ-4511,"Ngā tāngata, te porihanga me ngā hapori o te Māori (Māori peoples, society and community)",ANZ-45,2,Official ANZSRC Group
ANZ-451101,Te mahi kaute o te Māori (Māori accounting),ANZ-4511,3,Official ANZSRC Field retrieval anchor
ANZ-451102,Te mātauranga tikanga Māori (Māori anthropology),ANZ-4511,3,Official ANZSRC Field retrieval anchor
ANZ-451103,Te hoahoanga whare o te Māori (Māori architecture),ANZ-4511,3,Official ANZSRC Field retrieval anchor
ANZ-451104,Ngā mahi tauhokohoko o te Māori (Māori commerce),ANZ-4511,3,Official ANZSRC Field retrieval anchor
ANZ-451105,"Te whanaketanga ā-hapori, ā-rohe o te Māori (Māori community and regional development)",ANZ-4511,3,Official ANZSRC Field retrieval anchor
ANZ-451106,Te rangahau kei rō hapori o te Māori (Māori community-based research),ANZ-4511,3,Official ANZSRC Field retrieval anchor
ANZ-451107,"Te kāwana ā-hapori, whakatau take hoki o te Māori (Māori community governance and decision making)",ANZ-4511,3,Official ANZSRC Field retrieval anchor
ANZ-451108,Te mātauranga taihara Māori (Māori criminology),ANZ-4511,3,Official ANZSRC Field retrieval anchor
ANZ-451109,Ngā tikanga Māori (Māori customary law),ANZ-4511,3,Official ANZSRC Field retrieval anchor
ANZ-451110,Te whakaharatau me te whakahaere hoahoa o te Māori (Māori design practice and management),ANZ-4511,3,Official ANZSRC Field retrieval anchor
ANZ-451111,Te mātauranga ōhanga o te Māori (Māori economics),ANZ-4511,3,Official ANZSRC Field retrieval anchor
ANZ-451112,Te ahumoni Māori (Māori finance),ANZ-4511,3,Official ANZSRC Field retrieval anchor
ANZ-451113,Te mātauranga matawhenua ā-iwi me te tatauranga ā-iwi o te Māori (Māori human geography and demography),ANZ-4511,3,Official ANZSRC Field retrieval anchor
ANZ-451114,Te ture Whenua (Māori land law),ANZ-4511,3,Official ANZSRC Field retrieval anchor
ANZ-451115,Te ture me te tika Māori (Māori law and justice),ANZ-4511,3,Official ANZSRC Field retrieval anchor
ANZ-451116,Ngā ture Māori (Māori legislation),ANZ-4511,3,Official ANZSRC Field retrieval anchor
ANZ-451117,Te whakahaere o te Māori (Māori management),ANZ-4511,3,Official ANZSRC Field retrieval anchor
ANZ-451118,Te whakamākete o te Māori (Māori marketing),ANZ-4511,3,Official ANZSRC Field retrieval anchor
ANZ-451119,Ngā hinonga pāpori kaupapa atawhai o te Māori (Māori not-for-profit social enterprises),ANZ-4511,3,Official ANZSRC Field retrieval anchor
ANZ-451120,Ngā iwi Māori me te ture (Māori peoples and the law),ANZ-4511,3,Official ANZSRC Field retrieval anchor
ANZ-451121,Ngā tirohanga Māori (Māori perspectives),ANZ-4511,3,Official ANZSRC Field retrieval anchor
ANZ-451122,Te whai wāhi me te whakakanohi taha tōrāngapū o te Māori (Māori political participation and representation),ANZ-4511,3,Official ANZSRC Field retrieval anchor
ANZ-451123,Ngā mahi tōrangapū Māori (Māori politics),ANZ-4511,3,Official ANZSRC Field retrieval anchor
ANZ-451124,Ngā ture rawa Māori (Māori resource law),ANZ-4511,3,Official ANZSRC Field retrieval anchor
ANZ-451125,Te pāpātanga pāpori me te aromātai hōtaka o te Māori (Māori social impact and program evaluation),ANZ-4511,3,Official ANZSRC Field retrieval anchor
ANZ-451126,Ngā mahi tauwhiro me te tika pāpori o te Māori (Māori social work and social justice),ANZ-4511,3,Official ANZSRC Field retrieval anchor
ANZ-451127,Ngā mātai tikanga ā-iwi o te Māori (Māori sociological studies),ANZ-4511,3,Official ANZSRC Field retrieval anchor
ANZ-451128,Te mātauranga pāpori o te Māori (Māori sociology),ANZ-4511,3,Official ANZSRC Field retrieval anchor
ANZ-451129,Te mahi tāpoi Māori (Māori tourism),ANZ-4511,3,Official ANZSRC Field retrieval anchor
ANZ-451130,Te Tiriti o Waitangi (The Treaty of Waitangi),ANZ-4511,3,Official ANZSRC Field retrieval anchor
ANZ-451131,"Te whakamahere ā-tāone, ā-rohe o te Māori (Māori urban and regional planning)",ANZ-4511,3,Official ANZSRC Field retrieval anchor
ANZ-451199,"Ngā tāngata, te porihanga me ngā hapori o te Māori kāore anō kia whakarōpūtia i wāhi kē (Māori peoples, society and community not elsewhere classified)",ANZ-4511,3,Official ANZSRC Field retrieval anchor
ANZ-4512,Ngā pūtaiao Māori (Māori sciences),ANZ-45,2,Official ANZSRC Group
ANZ-451201,Te mātai arorangi me te mātai tuarangi o te Māori (Māori astronomy and cosmology),ANZ-4512,3,Official ANZSRC Field retrieval anchor
ANZ-451202,Ngā pūtaiao koiora o te Māori (Māori biological sciences),ANZ-4512,3,Official ANZSRC Field retrieval anchor
ANZ-451203,Te whakamahi me te hoahoa o te hangarau rorohiko o te Māori (Māori computing technology use and design),ANZ-4512,3,Official ANZSRC Field retrieval anchor
ANZ-451204,Te mana motuhake o ngā raraunga Māori (Māori data sovereignty),ANZ-4512,3,Official ANZSRC Field retrieval anchor
ANZ-451205,Te mātauranga pūkaha o te Māori (Māori engineering),ANZ-4512,3,Official ANZSRC Field retrieval anchor
ANZ-451206,Te mātai huingaira o te Māori (Māori genomics),ANZ-4512,3,Official ANZSRC Field retrieval anchor
ANZ-451207,Ngā pūnaha whakahaere mōhiohio me te mātauranga o te Māori (Māori information and knowledge management systems),ANZ-4512,3,Official ANZSRC Field retrieval anchor
ANZ-451208,Te wairua auaha o te Māori (Māori innovation),ANZ-4512,3,Official ANZSRC Field retrieval anchor
ANZ-451209,Ngā tikanga whakahaere mōhiotanga Māori (Māori knowledge management methods),ANZ-4512,3,Official ANZSRC Field retrieval anchor
ANZ-451210,"Ngā pūtaiao pāngarau, ōkiko, matū hoki - hāunga te mātai arorangi me te mātai tuarangi o te Māori (Māori mathematical, physical and chemical sciences - excl. astronomy and cosmology)",ANZ-4512,3,Official ANZSRC Field retrieval anchor
ANZ-451211,Te tukatuka reo noa o te Māori (Māori natural language processing),ANZ-4512,3,Official ANZSRC Field retrieval anchor
ANZ-451299,Ngā pūtaiao Māori kāore anō kia whakarōpūhia i wāhi kē (Māori sciences not elsewhere classified),ANZ-4512,3,Official ANZSRC Field retrieval anchor
ANZ-4513,"Pacific Peoples culture, language and history",ANZ-45,2,Official ANZSRC Group
ANZ-451301,Archaeology of New Guinea and Pacific Islands (excl. New Zealand),ANZ-4513,3,Official ANZSRC Field retrieval anchor
ANZ-451302,Conservation of Pacific Peoples heritage,ANZ-4513,3,Official ANZSRC Field retrieval anchor
ANZ-451303,Pacific Peoples artefacts,ANZ-4513,3,Official ANZSRC Field retrieval anchor
ANZ-451304,Pacific Peoples cultural history,ANZ-4513,3,Official ANZSRC Field retrieval anchor
ANZ-451305,Pacific Peoples culture,ANZ-4513,3,Official ANZSRC Field retrieval anchor
ANZ-451306,"Pacific Peoples curatorial, archives and museum studies",ANZ-4513,3,Official ANZSRC Field retrieval anchor
ANZ-451307,Pacific Peoples ethics,ANZ-4513,3,Official ANZSRC Field retrieval anchor
ANZ-451308,Pacific Peoples history,ANZ-4513,3,Official ANZSRC Field retrieval anchor
ANZ-451309,"Pacific Peoples land, culture and identity",ANZ-4513,3,Official ANZSRC Field retrieval anchor
ANZ-451310,Pacific Peoples linguistics and languages,ANZ-4513,3,Official ANZSRC Field retrieval anchor
ANZ-451311,"Pacific Peoples literature, journalism and professional writing",ANZ-4513,3,Official ANZSRC Field retrieval anchor
ANZ-451312,"Pacific Peoples media, film, animation and photography",ANZ-4513,3,Official ANZSRC Field retrieval anchor
ANZ-451313,Pacific Peoples music and performing arts,ANZ-4513,3,Official ANZSRC Field retrieval anchor
ANZ-451314,Pacific Peoples philosophy,ANZ-4513,3,Official ANZSRC Field retrieval anchor
ANZ-451315,Pacific Peoples religion and religious studies,ANZ-4513,3,Official ANZSRC Field retrieval anchor
ANZ-451316,Pacific Peoples repatriation,ANZ-4513,3,Official ANZSRC Field retrieval anchor
ANZ-451317,Pacific Peoples research methods,ANZ-4513,3,Official ANZSRC Field retrieval anchor
ANZ-451318,Pacific Peoples visual arts and crafts,ANZ-4513,3,Official ANZSRC Field retrieval anchor
ANZ-451319,"Pacific Peoples ways of knowing, being and doing",ANZ-4513,3,Official ANZSRC Field retrieval anchor
ANZ-451399,"Pacific Peoples culture, language and history not elsewhere classified",ANZ-4513,3,Official ANZSRC Field retrieval anchor
ANZ-4514,Pacific Peoples education,ANZ-45,2,Official ANZSRC Group
ANZ-451401,Cultural responsiveness and working with Pacific Peoples communities education,ANZ-4514,3,Official ANZSRC Field retrieval anchor
ANZ-451402,"Embedding Pacific Peoples knowledges, histories, culture, country, perspectives and ethics in education",ANZ-4514,3,Official ANZSRC Field retrieval anchor
ANZ-451403,Pacific Peoples curriculum and pedagogy,ANZ-4514,3,Official ANZSRC Field retrieval anchor
ANZ-451404,Pacific Peoples early childhood education,ANZ-4514,3,Official ANZSRC Field retrieval anchor
ANZ-451405,Pacific Peoples educational methods,ANZ-4514,3,Official ANZSRC Field retrieval anchor
ANZ-451406,"Pacific Peoples technical, further, continuing and community education",ANZ-4514,3,Official ANZSRC Field retrieval anchor
ANZ-451407,Pacific Peoples higher education,ANZ-4514,3,Official ANZSRC Field retrieval anchor
ANZ-451408,Pacific Peoples language education,ANZ-4514,3,Official ANZSRC Field retrieval anchor
ANZ-451409,Pacific Peoples men’s education,ANZ-4514,3,Official ANZSRC Field retrieval anchor
ANZ-451410,Pacific Peoples primary education,ANZ-4514,3,Official ANZSRC Field retrieval anchor
ANZ-451411,Pacific Peoples secondary education,ANZ-4514,3,Official ANZSRC Field retrieval anchor
ANZ-451412,Pacific Peoples student engagement and teaching,ANZ-4514,3,Official ANZSRC Field retrieval anchor
ANZ-451413,Pacific Peoples women’s education,ANZ-4514,3,Official ANZSRC Field retrieval anchor
ANZ-451499,Pacific Peoples education not elsewhere classified,ANZ-4514,3,Official ANZSRC Field retrieval anchor
ANZ-4515,Pacific Peoples environmental knowledges,ANZ-45,2,Official ANZSRC Group
ANZ-451501,Pacific Peoples agriculture and forestry,ANZ-4515,3,Official ANZSRC Field retrieval anchor
ANZ-451502,Pacific Peoples earth sciences,ANZ-4515,3,Official ANZSRC Field retrieval anchor
ANZ-451503,Pacific Peoples environmental conservation,ANZ-4515,3,Official ANZSRC Field retrieval anchor
ANZ-451504,Pacific Peoples environmental knowledges,ANZ-4515,3,Official ANZSRC Field retrieval anchor
ANZ-451505,Pacific Peoples fisheries and customary fisheries,ANZ-4515,3,Official ANZSRC Field retrieval anchor
ANZ-451506,Pacific Peoples land and water management,ANZ-4515,3,Official ANZSRC Field retrieval anchor
ANZ-451507,Pacific Peoples marine environment science,ANZ-4515,3,Official ANZSRC Field retrieval anchor
ANZ-451599,Pacific Peoples environmental knowledges not elsewhere classified,ANZ-4515,3,Official ANZSRC Field retrieval anchor
ANZ-4516,Pacific Peoples health and wellbeing,ANZ-45,2,Official ANZSRC Group
ANZ-451601,Pacific Peoples and disability,ANZ-4516,3,Official ANZSRC Field retrieval anchor
ANZ-451602,Pacific Peoples biomedical and clinical science,ANZ-4516,3,Official ANZSRC Field retrieval anchor
ANZ-451603,Pacific Peoples cultural determinants of health,ANZ-4516,3,Official ANZSRC Field retrieval anchor
ANZ-451604,Pacific Peoples diet and nutrition,ANZ-4516,3,Official ANZSRC Field retrieval anchor
ANZ-451605,Pacific Peoples epidemiology,ANZ-4516,3,Official ANZSRC Field retrieval anchor
ANZ-451606,Pacific Peoples health policy,ANZ-4516,3,Official ANZSRC Field retrieval anchor
ANZ-451607,Pacific Peoples health promotion,ANZ-4516,3,Official ANZSRC Field retrieval anchor
ANZ-451608,Pacific Peoples life course,ANZ-4516,3,Official ANZSRC Field retrieval anchor
ANZ-451609,Pacific Peoples medicine and treatments,ANZ-4516,3,Official ANZSRC Field retrieval anchor
ANZ-451610,Pacific Peoples midwifery and paediatrics,ANZ-4516,3,Official ANZSRC Field retrieval anchor
ANZ-451611,Pacific Peoples mothers and babies health and wellbeing,ANZ-4516,3,Official ANZSRC Field retrieval anchor
ANZ-451612,Pacific Peoples nursing,ANZ-4516,3,Official ANZSRC Field retrieval anchor
ANZ-451613,Pacific Peoples psychology,ANZ-4516,3,Official ANZSRC Field retrieval anchor
ANZ-451614,Pacific Peoples public health and wellbeing,ANZ-4516,3,Official ANZSRC Field retrieval anchor
ANZ-451615,Pacific Peoples remote health,ANZ-4516,3,Official ANZSRC Field retrieval anchor
ANZ-451616,Pacific Peoples social determinants of health,ANZ-4516,3,Official ANZSRC Field retrieval anchor
ANZ-451617,"Pacific Peoples social, cultural, emotional and spiritual wellbeing",ANZ-4516,3,Official ANZSRC Field retrieval anchor
ANZ-451618,Pacific Peoples sport and physical activity,ANZ-4516,3,Official ANZSRC Field retrieval anchor
ANZ-451619,Pacific Peoples theory of change models for health,ANZ-4516,3,Official ANZSRC Field retrieval anchor
ANZ-451620,Pacific Peoples youth and family,ANZ-4516,3,Official ANZSRC Field retrieval anchor
ANZ-451699,Pacific Peoples health and wellbeing not elsewhere classified,ANZ-4516,3,Official ANZSRC Field retrieval anchor
ANZ-4517,Pacific Peoples sciences,ANZ-45,2,Official ANZSRC Group
ANZ-451701,Pacific Peoples astronomy and cosmology,ANZ-4517,3,Official ANZSRC Field retrieval anchor
ANZ-451702,Pacific Peoples biological sciences,ANZ-4517,3,Official ANZSRC Field retrieval anchor
ANZ-451703,Pacific Peoples computing technology use and design,ANZ-4517,3,Official ANZSRC Field retrieval anchor
ANZ-451704,Pacific Peoples engineering,ANZ-4517,3,Official ANZSRC Field retrieval anchor
ANZ-451705,Pacific Peoples genomics,ANZ-4517,3,Official ANZSRC Field retrieval anchor
ANZ-451706,Pacific Peoples information and knowledge management systems,ANZ-4517,3,Official ANZSRC Field retrieval anchor
ANZ-451707,Pacific Peoples innovation,ANZ-4517,3,Official ANZSRC Field retrieval anchor
ANZ-451708,Pacific Peoples knowledge management methods,ANZ-4517,3,Official ANZSRC Field retrieval anchor
ANZ-451709,"Pacific Peoples mathematical, physical and chemical sciences (excl. astronomy and cosmology)",ANZ-4517,3,Official ANZSRC Field retrieval anchor
ANZ-451799,Pacific Peoples sciences not elsewhere classified,ANZ-4517,3,Official ANZSRC Field retrieval anchor
ANZ-4518,Pacific Peoples society and community,ANZ-45,2,Official ANZSRC Group
ANZ-451801,Pacific Peoples and the law,ANZ-4518,3,Official ANZSRC Field retrieval anchor
ANZ-451802,Pacific Peoples anthropology,ANZ-4518,3,Official ANZSRC Field retrieval anchor
ANZ-451803,Pacific Peoples architecture,ANZ-4518,3,Official ANZSRC Field retrieval anchor
ANZ-451804,Pacific Peoples commerce,ANZ-4518,3,Official ANZSRC Field retrieval anchor
ANZ-451805,Pacific Peoples community and regional development,ANZ-4518,3,Official ANZSRC Field retrieval anchor
ANZ-451806,Pacific Peoples community governance and decision making,ANZ-4518,3,Official ANZSRC Field retrieval anchor
ANZ-451807,Pacific Peoples community-based research,ANZ-4518,3,Official ANZSRC Field retrieval anchor
ANZ-451808,Pacific Peoples criminology,ANZ-4518,3,Official ANZSRC Field retrieval anchor
ANZ-451809,Pacific Peoples customary law,ANZ-4518,3,Official ANZSRC Field retrieval anchor
ANZ-451810,Pacific Peoples design practice and management,ANZ-4518,3,Official ANZSRC Field retrieval anchor
ANZ-451811,Pacific Peoples economics,ANZ-4518,3,Official ANZSRC Field retrieval anchor
ANZ-451812,Pacific Peoples finance,ANZ-4518,3,Official ANZSRC Field retrieval anchor
ANZ-451813,Pacific Peoples human geography and demography,ANZ-4518,3,Official ANZSRC Field retrieval anchor
ANZ-451814,Pacific Peoples legislation,ANZ-4518,3,Official ANZSRC Field retrieval anchor
ANZ-451815,Pacific Peoples management,ANZ-4518,3,Official ANZSRC Field retrieval anchor
ANZ-451816,Pacific Peoples marketing,ANZ-4518,3,Official ANZSRC Field retrieval anchor
ANZ-451817,Pacific Peoples not-for-profit social enterprises,ANZ-4518,3,Official ANZSRC Field retrieval anchor
ANZ-451818,Pacific Peoples perspectives,ANZ-4518,3,Official ANZSRC Field retrieval anchor
ANZ-451819,Pacific Peoples political participation and representation,ANZ-4518,3,Official ANZSRC Field retrieval anchor
ANZ-451820,Pacific Peoples politics,ANZ-4518,3,Official ANZSRC Field retrieval anchor
ANZ-451821,Pacific Peoples social impact and program evaluation,ANZ-4518,3,Official ANZSRC Field retrieval anchor
ANZ-451822,Pacific Peoples social work and social justice,ANZ-4518,3,Official ANZSRC Field retrieval anchor
ANZ-451823,Pacific Peoples sociological studies,ANZ-4518,3,Official ANZSRC Field retrieval anchor
ANZ-451824,Pacific Peoples sociology,ANZ-4518,3,Official ANZSRC Field retrieval anchor
ANZ-451825,Pacific Peoples tourism,ANZ-4518,3,Official ANZSRC Field retrieval anchor
ANZ-451826,Pacific Peoples urban and regional planning,ANZ-4518,3,Official ANZSRC Field retrieval anchor
ANZ-451899,"Pacific Peoples, society and community not elsewhere classified",ANZ-4518,3,Official ANZSRC Field retrieval anchor
ANZ-4519,"Other Indigenous data, methodologies and global Indigenous studies",ANZ-45,2,Official ANZSRC Group
ANZ-451901,"Global Indigenous studies culture, language and history",ANZ-4519,3,Official ANZSRC Field retrieval anchor
ANZ-451902,Global Indigenous studies environmental knowledges and management,ANZ-4519,3,Official ANZSRC Field retrieval anchor
ANZ-451903,Global Indigenous studies health and wellbeing,ANZ-4519,3,Official ANZSRC Field retrieval anchor
ANZ-451904,"Global Indigenous studies peoples, society and community",ANZ-4519,3,Official ANZSRC Field retrieval anchor
ANZ-451905,Global Indigenous studies sciences,ANZ-4519,3,Official ANZSRC Field retrieval anchor
ANZ-451906,Indigenous data and data technologies,ANZ-4519,3,Official ANZSRC Field retrieval anchor
ANZ-451907,Indigenous methodologies,ANZ-4519,3,Official ANZSRC Field retrieval anchor
ANZ-451999,"Other Indigenous data, methodologies and global Indigenous studies not elsewhere classified",ANZ-4519,3,Official ANZSRC Field retrieval anchor
ANZ-4599,Other Indigenous studies,ANZ-45,2,Official ANZSRC Group
ANZ-459999,Other Indigenous studies not elsewhere classified,ANZ-4599,3,Official ANZSRC Field retrieval anchor
ANZ-46,Information and Computing Sciences,ROOT,1,Official ANZSRC Division
ANZ-4601,Applied computing,ANZ-46,2,Official ANZSRC Group
ANZ-460101,Applications in arts and humanities,ANZ-4601,3,Official ANZSRC Field retrieval anchor
ANZ-460102,Applications in health,ANZ-4601,3,Official ANZSRC Field retrieval anchor
ANZ-460103,Applications in life sciences,ANZ-4601,3,Official ANZSRC Field retrieval anchor
ANZ-460104,Applications in physical sciences,ANZ-4601,3,Official ANZSRC Field retrieval anchor
ANZ-460105,Applications in social sciences and education,ANZ-4601,3,Official ANZSRC Field retrieval anchor
ANZ-460106,Spatial data and applications,ANZ-4601,3,Official ANZSRC Field retrieval anchor
ANZ-460199,Applied computing not elsewhere classified,ANZ-4601,3,Official ANZSRC Field retrieval anchor
ANZ-4602,Artificial intelligence,ANZ-46,2,Official ANZSRC Group
ANZ-460201,Artificial life and complex adaptive systems,ANZ-4602,3,Official ANZSRC Field retrieval anchor
ANZ-460202,Autonomous agents and multiagent systems,ANZ-4602,3,Official ANZSRC Field retrieval anchor
ANZ-460203,Evolutionary computation,ANZ-4602,3,Official ANZSRC Field retrieval anchor
ANZ-460204,Fuzzy computation,ANZ-4602,3,Official ANZSRC Field retrieval anchor
ANZ-460205,Intelligent robotics,ANZ-4602,3,Official ANZSRC Field retrieval anchor
ANZ-460206,Knowledge representation and reasoning,ANZ-4602,3,Official ANZSRC Field retrieval anchor
ANZ-460207,Modelling and simulation,ANZ-4602,3,Official ANZSRC Field retrieval anchor
ANZ-460208,Natural language processing,ANZ-4602,3,Official ANZSRC Field retrieval anchor
ANZ-460209,Planning and decision making,ANZ-4602,3,Official ANZSRC Field retrieval anchor
ANZ-460210,Satisfiability and optimisation,ANZ-4602,3,Official ANZSRC Field retrieval anchor
ANZ-460211,Speech production,ANZ-4602,3,Official ANZSRC Field retrieval anchor
ANZ-460212,Speech recognition,ANZ-4602,3,Official ANZSRC Field retrieval anchor
ANZ-460299,Artificial intelligence not elsewhere classified,ANZ-4602,3,Official ANZSRC Field retrieval anchor
ANZ-4603,Computer vision and multimedia computation,ANZ-46,2,Official ANZSRC Group
ANZ-460301,Active sensing,ANZ-4603,3,Official ANZSRC Field retrieval anchor
ANZ-460302,Audio processing,ANZ-4603,3,Official ANZSRC Field retrieval anchor
ANZ-460303,Computational imaging,ANZ-4603,3,Official ANZSRC Field retrieval anchor
ANZ-460304,Computer vision,ANZ-4603,3,Official ANZSRC Field retrieval anchor
ANZ-460305,Image and video coding,ANZ-4603,3,Official ANZSRC Field retrieval anchor
ANZ-460306,Image processing,ANZ-4603,3,Official ANZSRC Field retrieval anchor
ANZ-460307,Multimodal analysis and synthesis,ANZ-4603,3,Official ANZSRC Field retrieval anchor
ANZ-460308,Pattern recognition,ANZ-4603,3,Official ANZSRC Field retrieval anchor
ANZ-460309,Video processing,ANZ-4603,3,Official ANZSRC Field retrieval anchor
ANZ-460399,Computer vision and multimedia computation not elsewhere classified,ANZ-4603,3,Official ANZSRC Field retrieval anchor
ANZ-4604,Cybersecurity and privacy,ANZ-46,2,Official ANZSRC Group
ANZ-460401,Cryptography,ANZ-4604,3,Official ANZSRC Field retrieval anchor
ANZ-460402,Data and information privacy,ANZ-4604,3,Official ANZSRC Field retrieval anchor
ANZ-460403,Data security and protection,ANZ-4604,3,Official ANZSRC Field retrieval anchor
ANZ-460404,Digital forensics,ANZ-4604,3,Official ANZSRC Field retrieval anchor
ANZ-460405,Hardware security,ANZ-4604,3,Official ANZSRC Field retrieval anchor
ANZ-460406,Software and application security,ANZ-4604,3,Official ANZSRC Field retrieval anchor
ANZ-460407,System and network security,ANZ-4604,3,Official ANZSRC Field retrieval anchor
ANZ-460499,Cybersecurity and privacy not elsewhere classified,ANZ-4604,3,Official ANZSRC Field retrieval anchor
ANZ-4605,Data management and data science,ANZ-46,2,Official ANZSRC Group
ANZ-460501,Data engineering and data science,ANZ-4605,3,Official ANZSRC Field retrieval anchor
ANZ-460502,Data mining and knowledge discovery,ANZ-4605,3,Official ANZSRC Field retrieval anchor
ANZ-460503,"Data models, storage and indexing",ANZ-4605,3,Official ANZSRC Field retrieval anchor
ANZ-460504,Data quality,ANZ-4605,3,Official ANZSRC Field retrieval anchor
ANZ-460505,Database systems,ANZ-4605,3,Official ANZSRC Field retrieval anchor
ANZ-460506,"Graph, social and multimedia data",ANZ-4605,3,Official ANZSRC Field retrieval anchor
ANZ-460507,Information extraction and fusion,ANZ-4605,3,Official ANZSRC Field retrieval anchor
ANZ-460508,Information retrieval and web search,ANZ-4605,3,Official ANZSRC Field retrieval anchor
ANZ-460509,Query processing and optimisation,ANZ-4605,3,Official ANZSRC Field retrieval anchor
ANZ-460510,Recommender systems,ANZ-4605,3,Official ANZSRC Field retrieval anchor
ANZ-460511,Stream and sensor data,ANZ-4605,3,Official ANZSRC Field retrieval anchor
ANZ-460599,Data management and data science not elsewhere classified,ANZ-4605,3,Official ANZSRC Field retrieval anchor
ANZ-4606,Distributed computing and systems software,ANZ-46,2,Official ANZSRC Group
ANZ-460601,Cloud computing,ANZ-4606,3,Official ANZSRC Field retrieval anchor
ANZ-460602,Concurrent/parallel systems and technologies,ANZ-4606,3,Official ANZSRC Field retrieval anchor
ANZ-460603,Cyberphysical systems and internet of things,ANZ-4606,3,Official ANZSRC Field retrieval anchor
ANZ-460604,Dependable systems,ANZ-4606,3,Official ANZSRC Field retrieval anchor
ANZ-460605,Distributed systems and algorithms,ANZ-4606,3,Official ANZSRC Field retrieval anchor
ANZ-460606,Energy-efficient computing,ANZ-4606,3,Official ANZSRC Field retrieval anchor
ANZ-460607,High performance computing,ANZ-4606,3,Official ANZSRC Field retrieval anchor
ANZ-460608,Mobile computing,ANZ-4606,3,Official ANZSRC Field retrieval anchor
ANZ-460609,Networking and communications,ANZ-4606,3,Official ANZSRC Field retrieval anchor
ANZ-460610,Operating systems,ANZ-4606,3,Official ANZSRC Field retrieval anchor
ANZ-460611,Performance evaluation,ANZ-4606,3,Official ANZSRC Field retrieval anchor
ANZ-460612,Service oriented computing,ANZ-4606,3,Official ANZSRC Field retrieval anchor
ANZ-460699,Distributed computing and systems software not elsewhere classified,ANZ-4606,3,Official ANZSRC Field retrieval anchor
ANZ-4607,"Graphics, augmented reality and games",ANZ-46,2,Official ANZSRC Group
ANZ-460701,Computer aided design,ANZ-4607,3,Official ANZSRC Field retrieval anchor
ANZ-460702,Computer graphics,ANZ-4607,3,Official ANZSRC Field retrieval anchor
ANZ-460703,Entertainment and gaming,ANZ-4607,3,Official ANZSRC Field retrieval anchor
ANZ-460704,Interactive narrative,ANZ-4607,3,Official ANZSRC Field retrieval anchor
ANZ-460705,Procedural content generation,ANZ-4607,3,Official ANZSRC Field retrieval anchor
ANZ-460706,Serious games,ANZ-4607,3,Official ANZSRC Field retrieval anchor
ANZ-460707,Sound and music computing,ANZ-4607,3,Official ANZSRC Field retrieval anchor
ANZ-460708,Virtual and mixed reality,ANZ-4607,3,Official ANZSRC Field retrieval anchor
ANZ-460799,"Graphics, augmented reality and games not elsewhere classified",ANZ-4607,3,Official ANZSRC Field retrieval anchor
ANZ-4608,Human-centred computing,ANZ-46,2,Official ANZSRC Group
ANZ-460801,Accessible computing,ANZ-4608,3,Official ANZSRC Field retrieval anchor
ANZ-460802,Affective computing,ANZ-4608,3,Official ANZSRC Field retrieval anchor
ANZ-460803,Collaborative and social computing,ANZ-4608,3,Official ANZSRC Field retrieval anchor
ANZ-460804,Computing education,ANZ-4608,3,Official ANZSRC Field retrieval anchor
ANZ-460805,"Fairness, accountability, transparency, trust and ethics of computer systems",ANZ-4608,3,Official ANZSRC Field retrieval anchor
ANZ-460806,Human-computer interaction,ANZ-4608,3,Official ANZSRC Field retrieval anchor
ANZ-460807,Information visualisation,ANZ-4608,3,Official ANZSRC Field retrieval anchor
ANZ-460808,Mixed initiative and human-in-the-loop,ANZ-4608,3,Official ANZSRC Field retrieval anchor
ANZ-460809,Pervasive computing,ANZ-4608,3,Official ANZSRC Field retrieval anchor
ANZ-460810,Social robotics,ANZ-4608,3,Official ANZSRC Field retrieval anchor
ANZ-460899,Human-centred computing not elsewhere classified,ANZ-4608,3,Official ANZSRC Field retrieval anchor
ANZ-4609,Information systems,ANZ-46,2,Official ANZSRC Group
ANZ-460901,Business process management,ANZ-4609,3,Official ANZSRC Field retrieval anchor
ANZ-460902,Decision support and group support systems,ANZ-4609,3,Official ANZSRC Field retrieval anchor
ANZ-460903,"Information modelling, management and ontologies",ANZ-4609,3,Official ANZSRC Field retrieval anchor
ANZ-460904,Information security management,ANZ-4609,3,Official ANZSRC Field retrieval anchor
ANZ-460905,Information systems development methodologies and practice,ANZ-4609,3,Official ANZSRC Field retrieval anchor
ANZ-460906,Information systems education,ANZ-4609,3,Official ANZSRC Field retrieval anchor
ANZ-460907,Information systems for sustainable development and the public good,ANZ-4609,3,Official ANZSRC Field retrieval anchor
ANZ-460908,Information systems organisation and management,ANZ-4609,3,Official ANZSRC Field retrieval anchor
ANZ-460909,"Information systems philosophy, research methods and theory",ANZ-4609,3,Official ANZSRC Field retrieval anchor
ANZ-460910,Information systems user experience design and development,ANZ-4609,3,Official ANZSRC Field retrieval anchor
ANZ-460911,"Inter-organisational, extra-organisational and global information systems",ANZ-4609,3,Official ANZSRC Field retrieval anchor
ANZ-460912,Knowledge and information management,ANZ-4609,3,Official ANZSRC Field retrieval anchor
ANZ-460999,Information systems not elsewhere classified,ANZ-4609,3,Official ANZSRC Field retrieval anchor
ANZ-4610,Library and information studies,ANZ-46,2,Official ANZSRC Group
ANZ-461001,Digital curation and preservation,ANZ-4610,3,Official ANZSRC Field retrieval anchor
ANZ-461002,Human information behaviour,ANZ-4610,3,Official ANZSRC Field retrieval anchor
ANZ-461003,Human information interaction and retrieval,ANZ-4610,3,Official ANZSRC Field retrieval anchor
ANZ-461004,"Information governance, policy and ethics",ANZ-4610,3,Official ANZSRC Field retrieval anchor
ANZ-461005,Informetrics,ANZ-4610,3,Official ANZSRC Field retrieval anchor
ANZ-461006,Library studies,ANZ-4610,3,Official ANZSRC Field retrieval anchor
ANZ-461007,Open access,ANZ-4610,3,Official ANZSRC Field retrieval anchor
ANZ-461008,Organisation of information and knowledge resources,ANZ-4610,3,Official ANZSRC Field retrieval anchor
ANZ-461009,Recordkeeping informatics,ANZ-4610,3,Official ANZSRC Field retrieval anchor
ANZ-461010,Social and community informatics,ANZ-4610,3,Official ANZSRC Field retrieval anchor
ANZ-461099,Library and information studies not elsewhere classified,ANZ-4610,3,Official ANZSRC Field retrieval anchor
ANZ-4611,Machine learning,ANZ-46,2,Official ANZSRC Group
ANZ-461101,Adversarial machine learning,ANZ-4611,3,Official ANZSRC Field retrieval anchor
ANZ-461102,Context learning,ANZ-4611,3,Official ANZSRC Field retrieval anchor
ANZ-461103,Deep learning,ANZ-4611,3,Official ANZSRC Field retrieval anchor
ANZ-461104,Neural networks,ANZ-4611,3,Official ANZSRC Field retrieval anchor
ANZ-461105,Reinforcement learning,ANZ-4611,3,Official ANZSRC Field retrieval anchor
ANZ-461106,Semi- and unsupervised learning,ANZ-4611,3,Official ANZSRC Field retrieval anchor
ANZ-461199,Machine learning not elsewhere classified,ANZ-4611,3,Official ANZSRC Field retrieval anchor
ANZ-4612,Software engineering,ANZ-46,2,Official ANZSRC Group
ANZ-461201,Automated software engineering,ANZ-4612,3,Official ANZSRC Field retrieval anchor
ANZ-461202,Empirical software engineering,ANZ-4612,3,Official ANZSRC Field retrieval anchor
ANZ-461203,Formal methods for software,ANZ-4612,3,Official ANZSRC Field retrieval anchor
ANZ-461204,Programming languages,ANZ-4612,3,Official ANZSRC Field retrieval anchor
ANZ-461205,Requirements engineering,ANZ-4612,3,Official ANZSRC Field retrieval anchor
ANZ-461206,Software architecture,ANZ-4612,3,Official ANZSRC Field retrieval anchor
ANZ-461207,"Software quality, processes and metrics",ANZ-4612,3,Official ANZSRC Field retrieval anchor
ANZ-461208,"Software testing, verification and validation",ANZ-4612,3,Official ANZSRC Field retrieval anchor
ANZ-461299,Software engineering not elsewhere classified,ANZ-4612,3,Official ANZSRC Field retrieval anchor
ANZ-4613,Theory of computation,ANZ-46,2,Official ANZSRC Group
ANZ-461301,"Coding, information theory and compression",ANZ-4613,3,Official ANZSRC Field retrieval anchor
ANZ-461302,Computational complexity and computability,ANZ-4613,3,Official ANZSRC Field retrieval anchor
ANZ-461303,Computational logic and formal languages,ANZ-4613,3,Official ANZSRC Field retrieval anchor
ANZ-461304,Concurrency theory,ANZ-4613,3,Official ANZSRC Field retrieval anchor
ANZ-461305,Data structures and algorithms,ANZ-4613,3,Official ANZSRC Field retrieval anchor
ANZ-461306,Numerical computation and mathematical software,ANZ-4613,3,Official ANZSRC Field retrieval anchor
ANZ-461307,Quantum computation,ANZ-4613,3,Official ANZSRC Field retrieval anchor
ANZ-461399,Theory of computation not elsewhere classified,ANZ-4613,3,Official ANZSRC Field retrieval anchor
ANZ-4699,Other information and computing sciences,ANZ-46,2,Official ANZSRC Group
ANZ-469999,Other information and computing sciences not elsewhere classified,ANZ-4699,3,Official ANZSRC Field retrieval anchor
ANZ-47,"Language, Communication and Culture",ROOT,1,Official ANZSRC Division
ANZ-4701,Communication and media studies,ANZ-47,2,Official ANZSRC Group
ANZ-470101,Communication studies,ANZ-4701,3,Official ANZSRC Field retrieval anchor
ANZ-470102,Communication technology and digital media studies,ANZ-4701,3,Official ANZSRC Field retrieval anchor
ANZ-470103,Environmental communication,ANZ-4701,3,Official ANZSRC Field retrieval anchor
ANZ-470104,International and development communication,ANZ-4701,3,Official ANZSRC Field retrieval anchor
ANZ-470105,Journalism studies,ANZ-4701,3,Official ANZSRC Field retrieval anchor
ANZ-470106,Media industry studies,ANZ-4701,3,Official ANZSRC Field retrieval anchor
ANZ-470107,Media studies,ANZ-4701,3,Official ANZSRC Field retrieval anchor
ANZ-470108,"Organisational, interpersonal and intercultural communication",ANZ-4701,3,Official ANZSRC Field retrieval anchor
ANZ-470199,Communication and media studies not elsewhere classified,ANZ-4701,3,Official ANZSRC Field retrieval anchor
ANZ-4702,Cultural studies,ANZ-47,2,Official ANZSRC Group
ANZ-470201,Arts and cultural policy,ANZ-4702,3,Official ANZSRC Field retrieval anchor
ANZ-470202,Asian cultural studies,ANZ-4702,3,Official ANZSRC Field retrieval anchor
ANZ-470203,Consumption and everyday life,ANZ-4702,3,Official ANZSRC Field retrieval anchor
ANZ-470204,Cultural and creative industries,ANZ-4702,3,Official ANZSRC Field retrieval anchor
ANZ-470205,"Cultural studies of agriculture, food and wine",ANZ-4702,3,Official ANZSRC Field retrieval anchor
ANZ-470206,Cultural studies of nation and region,ANZ-4702,3,Official ANZSRC Field retrieval anchor
ANZ-470207,Cultural theory,ANZ-4702,3,Official ANZSRC Field retrieval anchor
ANZ-470208,"Culture, representation and identity",ANZ-4702,3,Official ANZSRC Field retrieval anchor
ANZ-470209,Environment and culture,ANZ-4702,3,Official ANZSRC Field retrieval anchor
ANZ-470210,Globalisation and culture,ANZ-4702,3,Official ANZSRC Field retrieval anchor
ANZ-470211,Migrant cultural studies,ANZ-4702,3,Official ANZSRC Field retrieval anchor
ANZ-470212,"Multicultural, intercultural and cross-cultural studies",ANZ-4702,3,Official ANZSRC Field retrieval anchor
ANZ-470213,Postcolonial studies,ANZ-4702,3,Official ANZSRC Field retrieval anchor
ANZ-470214,Screen and media culture,ANZ-4702,3,Official ANZSRC Field retrieval anchor
ANZ-470299,Cultural studies not elsewhere classified,ANZ-4702,3,Official ANZSRC Field retrieval anchor
ANZ-4703,Language studies,ANZ-47,2,Official ANZSRC Group
ANZ-470301,African languages,ANZ-4703,3,Official ANZSRC Field retrieval anchor
ANZ-470302,Central and Eastern European languages (incl. Russian),ANZ-4703,3,Official ANZSRC Field retrieval anchor
ANZ-470303,Chinese languages,ANZ-4703,3,Official ANZSRC Field retrieval anchor
ANZ-470304,Comparative language studies,ANZ-4703,3,Official ANZSRC Field retrieval anchor
ANZ-470305,Early English languages,ANZ-4703,3,Official ANZSRC Field retrieval anchor
ANZ-470306,English as a second language,ANZ-4703,3,Official ANZSRC Field retrieval anchor
ANZ-470307,English language,ANZ-4703,3,Official ANZSRC Field retrieval anchor
ANZ-470308,French language,ANZ-4703,3,Official ANZSRC Field retrieval anchor
ANZ-470309,German language,ANZ-4703,3,Official ANZSRC Field retrieval anchor
ANZ-470310,Iberian languages,ANZ-4703,3,Official ANZSRC Field retrieval anchor
ANZ-470311,Indian languages,ANZ-4703,3,Official ANZSRC Field retrieval anchor
ANZ-470312,Indonesian languages,ANZ-4703,3,Official ANZSRC Field retrieval anchor
ANZ-470313,Italian language,ANZ-4703,3,Official ANZSRC Field retrieval anchor
ANZ-470314,Japanese language,ANZ-4703,3,Official ANZSRC Field retrieval anchor
ANZ-470315,Korean language,ANZ-4703,3,Official ANZSRC Field retrieval anchor
ANZ-470316,Latin and classical Greek languages,ANZ-4703,3,Official ANZSRC Field retrieval anchor
ANZ-470317,Middle Eastern languages,ANZ-4703,3,Official ANZSRC Field retrieval anchor
ANZ-470318,Other Asian languages (excl. South-East Asian),ANZ-4703,3,Official ANZSRC Field retrieval anchor
ANZ-470319,Other European languages,ANZ-4703,3,Official ANZSRC Field retrieval anchor
ANZ-470320,South-East Asian languages (excl. Indonesian),ANZ-4703,3,Official ANZSRC Field retrieval anchor
ANZ-470321,Translation and interpretation studies,ANZ-4703,3,Official ANZSRC Field retrieval anchor
ANZ-470399,Language studies not elsewhere classified,ANZ-4703,3,Official ANZSRC Field retrieval anchor
ANZ-4704,Linguistics,ANZ-47,2,Official ANZSRC Group
ANZ-470401,Applied linguistics and educational linguistics,ANZ-4704,3,Official ANZSRC Field retrieval anchor
ANZ-470402,Child language acquisition,ANZ-4704,3,Official ANZSRC Field retrieval anchor
ANZ-470403,Computational linguistics,ANZ-4704,3,Official ANZSRC Field retrieval anchor
ANZ-470404,Corpus linguistics,ANZ-4704,3,Official ANZSRC Field retrieval anchor
ANZ-470405,Discourse and pragmatics,ANZ-4704,3,Official ANZSRC Field retrieval anchor
ANZ-470406,"Historical, comparative and typological linguistics",ANZ-4704,3,Official ANZSRC Field retrieval anchor
ANZ-470407,Language documentation and description,ANZ-4704,3,Official ANZSRC Field retrieval anchor
ANZ-470408,Lexicography and semantics,ANZ-4704,3,Official ANZSRC Field retrieval anchor
ANZ-470409,"Linguistic structures (incl. phonology, morphology and syntax)",ANZ-4704,3,Official ANZSRC Field retrieval anchor
ANZ-470410,Phonetics and speech science,ANZ-4704,3,Official ANZSRC Field retrieval anchor
ANZ-470411,Sociolinguistics,ANZ-4704,3,Official ANZSRC Field retrieval anchor
ANZ-470499,Linguistics not elsewhere classified,ANZ-4704,3,Official ANZSRC Field retrieval anchor
ANZ-4705,Literary studies,ANZ-47,2,Official ANZSRC Group
ANZ-470501,African literature,ANZ-4705,3,Official ANZSRC Field retrieval anchor
ANZ-470502,Australian literature (excl. Aboriginal and Torres Strait Islander literature),ANZ-4705,3,Official ANZSRC Field retrieval anchor
ANZ-470503,Book history,ANZ-4705,3,Official ANZSRC Field retrieval anchor
ANZ-470504,British and Irish literature,ANZ-4705,3,Official ANZSRC Field retrieval anchor
ANZ-470505,Central and Eastern European literature (incl. Russian),ANZ-4705,3,Official ANZSRC Field retrieval anchor
ANZ-470506,Children's literature,ANZ-4705,3,Official ANZSRC Field retrieval anchor
ANZ-470507,Comparative and transnational literature,ANZ-4705,3,Official ANZSRC Field retrieval anchor
ANZ-470508,Digital literature,ANZ-4705,3,Official ANZSRC Field retrieval anchor
ANZ-470509,Ecocriticism,ANZ-4705,3,Official ANZSRC Field retrieval anchor
ANZ-470510,Indian literature,ANZ-4705,3,Official ANZSRC Field retrieval anchor
ANZ-470511,Indonesian literature,ANZ-4705,3,Official ANZSRC Field retrieval anchor
ANZ-470512,Korean literature,ANZ-4705,3,Official ANZSRC Field retrieval anchor
ANZ-470513,Latin and classical Greek literature,ANZ-4705,3,Official ANZSRC Field retrieval anchor
ANZ-470514,Literary theory,ANZ-4705,3,Official ANZSRC Field retrieval anchor
ANZ-470515,Literature in Chinese,ANZ-4705,3,Official ANZSRC Field retrieval anchor
ANZ-470516,Literature in French,ANZ-4705,3,Official ANZSRC Field retrieval anchor
ANZ-470517,Literature in German,ANZ-4705,3,Official ANZSRC Field retrieval anchor
ANZ-470518,Literature in Italian,ANZ-4705,3,Official ANZSRC Field retrieval anchor
ANZ-470519,Literature in Japanese,ANZ-4705,3,Official ANZSRC Field retrieval anchor
ANZ-470520,Literature in Spanish and Portuguese,ANZ-4705,3,Official ANZSRC Field retrieval anchor
ANZ-470521,Middle Eastern literature,ANZ-4705,3,Official ANZSRC Field retrieval anchor
ANZ-470522,New Zealand literature (excl. Māori literature),ANZ-4705,3,Official ANZSRC Field retrieval anchor
ANZ-470523,North American literature,ANZ-4705,3,Official ANZSRC Field retrieval anchor
ANZ-470524,Other Asian literature (excl. South-East Asian),ANZ-4705,3,Official ANZSRC Field retrieval anchor
ANZ-470525,Other European literature,ANZ-4705,3,Official ANZSRC Field retrieval anchor
ANZ-470526,Other literatures in English,ANZ-4705,3,Official ANZSRC Field retrieval anchor
ANZ-470527,Popular and genre literature,ANZ-4705,3,Official ANZSRC Field retrieval anchor
ANZ-470528,Print culture,ANZ-4705,3,Official ANZSRC Field retrieval anchor
ANZ-470529,South-East Asian literature (excl. Indonesian),ANZ-4705,3,Official ANZSRC Field retrieval anchor
ANZ-470530,Stylistics and textual analysis,ANZ-4705,3,Official ANZSRC Field retrieval anchor
ANZ-470531,Young adult literature,ANZ-4705,3,Official ANZSRC Field retrieval anchor
ANZ-470599,Literary studies not elsewhere classified,ANZ-4705,3,Official ANZSRC Field retrieval anchor
ANZ-4799,"Other language, communication and culture",ANZ-47,2,Official ANZSRC Group
ANZ-479999,"Other language, communication and culture not elsewhere classified",ANZ-4799,3,Official ANZSRC Field retrieval anchor
ANZ-48,Law and Legal Studies,ROOT,1,Official ANZSRC Division
ANZ-4801,Commercial law,ANZ-48,2,Official ANZSRC Group
ANZ-480101,"Banking, finance and securities law",ANZ-4801,3,Official ANZSRC Field retrieval anchor
ANZ-480102,Commercial law,ANZ-4801,3,Official ANZSRC Field retrieval anchor
ANZ-480103,Corporations and associations law,ANZ-4801,3,Official ANZSRC Field retrieval anchor
ANZ-480104,Labour law,ANZ-4801,3,Official ANZSRC Field retrieval anchor
ANZ-480105,Not-for-profit law,ANZ-4801,3,Official ANZSRC Field retrieval anchor
ANZ-480106,Taxation law,ANZ-4801,3,Official ANZSRC Field retrieval anchor
ANZ-480199,Commercial law not elsewhere classified,ANZ-4801,3,Official ANZSRC Field retrieval anchor
ANZ-4802,Environmental and resources law,ANZ-48,2,Official ANZSRC Group
ANZ-480201,Animal law,ANZ-4802,3,Official ANZSRC Field retrieval anchor
ANZ-480202,Climate change law,ANZ-4802,3,Official ANZSRC Field retrieval anchor
ANZ-480203,Environmental law,ANZ-4802,3,Official ANZSRC Field retrieval anchor
ANZ-480204,"Mining, energy and natural resources law",ANZ-4802,3,Official ANZSRC Field retrieval anchor
ANZ-480299,Environmental and resources law not elsewhere classified,ANZ-4802,3,Official ANZSRC Field retrieval anchor
ANZ-4803,International and comparative law,ANZ-48,2,Official ANZSRC Group
ANZ-480301,Asian and Pacific law,ANZ-4803,3,Official ANZSRC Field retrieval anchor
ANZ-480302,Comparative law,ANZ-4803,3,Official ANZSRC Field retrieval anchor
ANZ-480303,Conflict of laws (incl. private international law),ANZ-4803,3,Official ANZSRC Field retrieval anchor
ANZ-480304,European Union law,ANZ-4803,3,Official ANZSRC Field retrieval anchor
ANZ-480305,International arbitration,ANZ-4803,3,Official ANZSRC Field retrieval anchor
ANZ-480306,International criminal law,ANZ-4803,3,Official ANZSRC Field retrieval anchor
ANZ-480307,International humanitarian and human rights law,ANZ-4803,3,Official ANZSRC Field retrieval anchor
ANZ-480308,International trade and investment law,ANZ-4803,3,Official ANZSRC Field retrieval anchor
ANZ-480309,Ocean law and governance,ANZ-4803,3,Official ANZSRC Field retrieval anchor
ANZ-480310,Public international law,ANZ-4803,3,Official ANZSRC Field retrieval anchor
ANZ-480311,"Space, maritime and aviation law",ANZ-4803,3,Official ANZSRC Field retrieval anchor
ANZ-480399,International and comparative law not elsewhere classified,ANZ-4803,3,Official ANZSRC Field retrieval anchor
ANZ-4804,Law in context,ANZ-48,2,Official ANZSRC Group
ANZ-480401,Criminal law,ANZ-4804,3,Official ANZSRC Field retrieval anchor
ANZ-480402,Family law,ANZ-4804,3,Official ANZSRC Field retrieval anchor
ANZ-480403,Law and humanities,ANZ-4804,3,Official ANZSRC Field retrieval anchor
ANZ-480404,Law and religion,ANZ-4804,3,Official ANZSRC Field retrieval anchor
ANZ-480405,Law and society and socio-legal research,ANZ-4804,3,Official ANZSRC Field retrieval anchor
ANZ-480406,Law reform,ANZ-4804,3,Official ANZSRC Field retrieval anchor
ANZ-480407,"Law, gender and sexuality (incl. feminist legal scholarship)",ANZ-4804,3,Official ANZSRC Field retrieval anchor
ANZ-480408,"Law, science and technology",ANZ-4804,3,Official ANZSRC Field retrieval anchor
ANZ-480409,Legal education,ANZ-4804,3,Official ANZSRC Field retrieval anchor
ANZ-480410,"Legal theory, jurisprudence and legal interpretation",ANZ-4804,3,Official ANZSRC Field retrieval anchor
ANZ-480411,Media and communication law,ANZ-4804,3,Official ANZSRC Field retrieval anchor
ANZ-480412,Medical and health law,ANZ-4804,3,Official ANZSRC Field retrieval anchor
ANZ-480413,"Race, ethnicity and law",ANZ-4804,3,Official ANZSRC Field retrieval anchor
ANZ-480414,Sports law,ANZ-4804,3,Official ANZSRC Field retrieval anchor
ANZ-480499,Law in context not elsewhere classified,ANZ-4804,3,Official ANZSRC Field retrieval anchor
ANZ-4805,Legal systems,ANZ-48,2,Official ANZSRC Group
ANZ-480501,Access to justice,ANZ-4805,3,Official ANZSRC Field retrieval anchor
ANZ-480502,Civil procedure,ANZ-4805,3,Official ANZSRC Field retrieval anchor
ANZ-480503,Criminal procedure,ANZ-4805,3,Official ANZSRC Field retrieval anchor
ANZ-480504,Legal institutions (incl. courts and justice systems),ANZ-4805,3,Official ANZSRC Field retrieval anchor
ANZ-480505,"Legal practice, lawyering and the legal profession",ANZ-4805,3,Official ANZSRC Field retrieval anchor
ANZ-480506,"Litigation, adjudication and dispute resolution",ANZ-4805,3,Official ANZSRC Field retrieval anchor
ANZ-480507,Youth justice,ANZ-4805,3,Official ANZSRC Field retrieval anchor
ANZ-480599,Legal systems not elsewhere classified,ANZ-4805,3,Official ANZSRC Field retrieval anchor
ANZ-4806,Private law and civil obligations,ANZ-48,2,Official ANZSRC Group
ANZ-480601,Contract law,ANZ-4806,3,Official ANZSRC Field retrieval anchor
ANZ-480602,Equity and trusts law,ANZ-4806,3,Official ANZSRC Field retrieval anchor
ANZ-480603,Intellectual property law,ANZ-4806,3,Official ANZSRC Field retrieval anchor
ANZ-480604,Property law (excl. intellectual property law),ANZ-4806,3,Official ANZSRC Field retrieval anchor
ANZ-480605,Tort law,ANZ-4806,3,Official ANZSRC Field retrieval anchor
ANZ-480699,Private law and civil obligations not elsewhere classified,ANZ-4806,3,Official ANZSRC Field retrieval anchor
ANZ-4807,Public law,ANZ-48,2,Official ANZSRC Group
ANZ-480701,Administrative law,ANZ-4807,3,Official ANZSRC Field retrieval anchor
ANZ-480702,Constitutional law,ANZ-4807,3,Official ANZSRC Field retrieval anchor
ANZ-480703,Domestic human rights law,ANZ-4807,3,Official ANZSRC Field retrieval anchor
ANZ-480704,"Migration, asylum and refugee law",ANZ-4807,3,Official ANZSRC Field retrieval anchor
ANZ-480705,Military law and justice,ANZ-4807,3,Official ANZSRC Field retrieval anchor
ANZ-480706,Privacy and data rights,ANZ-4807,3,Official ANZSRC Field retrieval anchor
ANZ-480707,"Welfare, insurance, disability and social security law",ANZ-4807,3,Official ANZSRC Field retrieval anchor
ANZ-480799,Public law not elsewhere classified,ANZ-4807,3,Official ANZSRC Field retrieval anchor
ANZ-4899,Other law and legal studies,ANZ-48,2,Official ANZSRC Group
ANZ-489999,Other law and legal studies not elsewhere classified,ANZ-4899,3,Official ANZSRC Field retrieval anchor
ANZ-49,Mathematical Sciences,ROOT,1,Official ANZSRC Division
ANZ-4901,Applied mathematics,ANZ-49,2,Official ANZSRC Group
ANZ-490101,Approximation theory and asymptotic methods,ANZ-4901,3,Official ANZSRC Field retrieval anchor
ANZ-490102,Biological mathematics,ANZ-4901,3,Official ANZSRC Field retrieval anchor
ANZ-490103,"Calculus of variations, mathematical aspects of systems theory and control theory",ANZ-4901,3,Official ANZSRC Field retrieval anchor
ANZ-490104,Complex systems,ANZ-4901,3,Official ANZSRC Field retrieval anchor
ANZ-490105,Dynamical systems in applications,ANZ-4901,3,Official ANZSRC Field retrieval anchor
ANZ-490106,Financial mathematics,ANZ-4901,3,Official ANZSRC Field retrieval anchor
ANZ-490107,Mathematical methods and special functions,ANZ-4901,3,Official ANZSRC Field retrieval anchor
ANZ-490108,Operations research,ANZ-4901,3,Official ANZSRC Field retrieval anchor
ANZ-490109,Theoretical and applied mechanics,ANZ-4901,3,Official ANZSRC Field retrieval anchor
ANZ-490199,Applied mathematics not elsewhere classified,ANZ-4901,3,Official ANZSRC Field retrieval anchor
ANZ-4902,Mathematical physics,ANZ-49,2,Official ANZSRC Group
ANZ-490201,Algebraic structures in mathematical physics,ANZ-4902,3,Official ANZSRC Field retrieval anchor
ANZ-490202,Integrable systems (classical and quantum),ANZ-4902,3,Official ANZSRC Field retrieval anchor
ANZ-490203,"Mathematical aspects of classical mechanics, quantum mechanics and quantum information theory",ANZ-4902,3,Official ANZSRC Field retrieval anchor
ANZ-490204,Mathematical aspects of general relativity,ANZ-4902,3,Official ANZSRC Field retrieval anchor
ANZ-490205,"Mathematical aspects of quantum and conformal field theory, quantum gravity and string theory",ANZ-4902,3,Official ANZSRC Field retrieval anchor
ANZ-490206,"Statistical mechanics, physical combinatorics and mathematical aspects of condensed matter",ANZ-4902,3,Official ANZSRC Field retrieval anchor
ANZ-490299,Mathematical physics not elsewhere classified,ANZ-4902,3,Official ANZSRC Field retrieval anchor
ANZ-4903,Numerical and computational mathematics,ANZ-49,2,Official ANZSRC Group
ANZ-490301,Experimental mathematics,ANZ-4903,3,Official ANZSRC Field retrieval anchor
ANZ-490302,Numerical analysis,ANZ-4903,3,Official ANZSRC Field retrieval anchor
ANZ-490303,Numerical solution of differential and integral equations,ANZ-4903,3,Official ANZSRC Field retrieval anchor
ANZ-490304,Optimisation,ANZ-4903,3,Official ANZSRC Field retrieval anchor
ANZ-490399,Numerical and computational mathematics not elsewhere classified,ANZ-4903,3,Official ANZSRC Field retrieval anchor
ANZ-4904,Pure mathematics,ANZ-49,2,Official ANZSRC Group
ANZ-490401,Algebra and number theory,ANZ-4904,3,Official ANZSRC Field retrieval anchor
ANZ-490402,Algebraic and differential geometry,ANZ-4904,3,Official ANZSRC Field retrieval anchor
ANZ-490403,"Category theory, k theory, homological algebra",ANZ-4904,3,Official ANZSRC Field retrieval anchor
ANZ-490404,Combinatorics and discrete mathematics (excl. physical combinatorics),ANZ-4904,3,Official ANZSRC Field retrieval anchor
ANZ-490405,Group theory and generalisations,ANZ-4904,3,Official ANZSRC Field retrieval anchor
ANZ-490406,"Lie groups, harmonic and Fourier analysis",ANZ-4904,3,Official ANZSRC Field retrieval anchor
ANZ-490407,"Mathematical logic, set theory, lattices and universal algebra",ANZ-4904,3,Official ANZSRC Field retrieval anchor
ANZ-490408,Operator algebras and functional analysis,ANZ-4904,3,Official ANZSRC Field retrieval anchor
ANZ-490409,"Ordinary differential equations, difference equations and dynamical systems",ANZ-4904,3,Official ANZSRC Field retrieval anchor
ANZ-490410,Partial differential equations,ANZ-4904,3,Official ANZSRC Field retrieval anchor
ANZ-490411,Real and complex functions (incl. several variables),ANZ-4904,3,Official ANZSRC Field retrieval anchor
ANZ-490412,Topology,ANZ-4904,3,Official ANZSRC Field retrieval anchor
ANZ-490499,Pure mathematics not elsewhere classified,ANZ-4904,3,Official ANZSRC Field retrieval anchor
ANZ-4905,Statistics,ANZ-49,2,Official ANZSRC Group
ANZ-490501,Applied statistics,ANZ-4905,3,Official ANZSRC Field retrieval anchor
ANZ-490502,Biostatistics,ANZ-4905,3,Official ANZSRC Field retrieval anchor
ANZ-490503,Computational statistics,ANZ-4905,3,Official ANZSRC Field retrieval anchor
ANZ-490504,"Forensic evaluation, inference and statistics",ANZ-4905,3,Official ANZSRC Field retrieval anchor
ANZ-490505,Large and complex data theory,ANZ-4905,3,Official ANZSRC Field retrieval anchor
ANZ-490506,Probability theory,ANZ-4905,3,Official ANZSRC Field retrieval anchor
ANZ-490507,Spatial statistics,ANZ-4905,3,Official ANZSRC Field retrieval anchor
ANZ-490508,Statistical data science,ANZ-4905,3,Official ANZSRC Field retrieval anchor
ANZ-490509,Statistical theory,ANZ-4905,3,Official ANZSRC Field retrieval anchor
ANZ-490510,Stochastic analysis and modelling,ANZ-4905,3,Official ANZSRC Field retrieval anchor
ANZ-490511,Time series and spatial modelling,ANZ-4905,3,Official ANZSRC Field retrieval anchor
ANZ-490599,Statistics not elsewhere classified,ANZ-4905,3,Official ANZSRC Field retrieval anchor
ANZ-4999,Other mathematical sciences,ANZ-49,2,Official ANZSRC Group
ANZ-499999,Other mathematical sciences not elsewhere classified,ANZ-4999,3,Official ANZSRC Field retrieval anchor
ANZ-50,Philosophy and Religious Studies,ROOT,1,Official ANZSRC Division
ANZ-5001,Applied ethics,ANZ-50,2,Official ANZSRC Group
ANZ-500101,Bioethics,ANZ-5001,3,Official ANZSRC Field retrieval anchor
ANZ-500102,Business ethics,ANZ-5001,3,Official ANZSRC Field retrieval anchor
ANZ-500103,Ethical use of new technology,ANZ-5001,3,Official ANZSRC Field retrieval anchor
ANZ-500104,Human rights and justice issues (excl. law),ANZ-5001,3,Official ANZSRC Field retrieval anchor
ANZ-500105,Legal ethics,ANZ-5001,3,Official ANZSRC Field retrieval anchor
ANZ-500106,Medical ethics,ANZ-5001,3,Official ANZSRC Field retrieval anchor
ANZ-500107,Professional ethics,ANZ-5001,3,Official ANZSRC Field retrieval anchor
ANZ-500199,Applied ethics not elsewhere classified,ANZ-5001,3,Official ANZSRC Field retrieval anchor
ANZ-5002,History and philosophy of specific fields,ANZ-50,2,Official ANZSRC Group
ANZ-500201,History and philosophy of engineering and technology,ANZ-5002,3,Official ANZSRC Field retrieval anchor
ANZ-500202,History and philosophy of law and justice,ANZ-5002,3,Official ANZSRC Field retrieval anchor
ANZ-500203,History and philosophy of medicine,ANZ-5002,3,Official ANZSRC Field retrieval anchor
ANZ-500204,History and philosophy of science,ANZ-5002,3,Official ANZSRC Field retrieval anchor
ANZ-500205,History and philosophy of the humanities,ANZ-5002,3,Official ANZSRC Field retrieval anchor
ANZ-500206,History and philosophy of the social sciences,ANZ-5002,3,Official ANZSRC Field retrieval anchor
ANZ-500207,History of ideas,ANZ-5002,3,Official ANZSRC Field retrieval anchor
ANZ-500208,History of philosophy,ANZ-5002,3,Official ANZSRC Field retrieval anchor
ANZ-500299,History and philosophy of specific fields not elsewhere classified,ANZ-5002,3,Official ANZSRC Field retrieval anchor
ANZ-5003,Philosophy,ANZ-50,2,Official ANZSRC Group
ANZ-500301,Aesthetics,ANZ-5003,3,Official ANZSRC Field retrieval anchor
ANZ-500302,Critical theory,ANZ-5003,3,Official ANZSRC Field retrieval anchor
ANZ-500303,Decision theory,ANZ-5003,3,Official ANZSRC Field retrieval anchor
ANZ-500304,Environmental philosophy,ANZ-5003,3,Official ANZSRC Field retrieval anchor
ANZ-500305,Epistemology,ANZ-5003,3,Official ANZSRC Field retrieval anchor
ANZ-500306,Ethical theory,ANZ-5003,3,Official ANZSRC Field retrieval anchor
ANZ-500307,Hermeneutics,ANZ-5003,3,Official ANZSRC Field retrieval anchor
ANZ-500308,Logic,ANZ-5003,3,Official ANZSRC Field retrieval anchor
ANZ-500309,Metaphysics,ANZ-5003,3,Official ANZSRC Field retrieval anchor
ANZ-500310,Phenomenology,ANZ-5003,3,Official ANZSRC Field retrieval anchor
ANZ-500311,Philosophical psychology (incl. moral psychology and philosophy of action),ANZ-5003,3,Official ANZSRC Field retrieval anchor
ANZ-500312,Philosophy of cognition,ANZ-5003,3,Official ANZSRC Field retrieval anchor
ANZ-500313,Philosophy of gender,ANZ-5003,3,Official ANZSRC Field retrieval anchor
ANZ-500314,Philosophy of language,ANZ-5003,3,Official ANZSRC Field retrieval anchor
ANZ-500315,Philosophy of mind (excl. cognition),ANZ-5003,3,Official ANZSRC Field retrieval anchor
ANZ-500316,Philosophy of religion,ANZ-5003,3,Official ANZSRC Field retrieval anchor
ANZ-500317,Philosophy of science (excl. history and philosophy of specific fields),ANZ-5003,3,Official ANZSRC Field retrieval anchor
ANZ-500318,Philosophy of specific cultures (incl. comparative philosophy),ANZ-5003,3,Official ANZSRC Field retrieval anchor
ANZ-500319,Poststructuralism,ANZ-5003,3,Official ANZSRC Field retrieval anchor
ANZ-500320,Psychoanalytic philosophy,ANZ-5003,3,Official ANZSRC Field retrieval anchor
ANZ-500321,Social and political philosophy,ANZ-5003,3,Official ANZSRC Field retrieval anchor
ANZ-500399,Philosophy not elsewhere classified,ANZ-5003,3,Official ANZSRC Field retrieval anchor
ANZ-5004,Religious studies,ANZ-50,2,Official ANZSRC Group
ANZ-500401,Christian studies,ANZ-5004,3,Official ANZSRC Field retrieval anchor
ANZ-500402,Comparative religious studies,ANZ-5004,3,Official ANZSRC Field retrieval anchor
ANZ-500403,Islamic studies,ANZ-5004,3,Official ANZSRC Field retrieval anchor
ANZ-500404,Jewish studies,ANZ-5004,3,Official ANZSRC Field retrieval anchor
ANZ-500405,"Religion, society and culture",ANZ-5004,3,Official ANZSRC Field retrieval anchor
ANZ-500406,Studies in eastern religious traditions,ANZ-5004,3,Official ANZSRC Field retrieval anchor
ANZ-500407,"Studies in religious traditions (excl. Eastern, Jewish, Christian and Islamic traditions)",ANZ-5004,3,Official ANZSRC Field retrieval anchor
ANZ-500499,Religious studies not elsewhere classified,ANZ-5004,3,Official ANZSRC Field retrieval anchor
ANZ-5005,Theology,ANZ-50,2,Official ANZSRC Group
ANZ-500501,Theology,ANZ-5005,3,Official ANZSRC Field retrieval anchor
ANZ-500599,Theology not elsewhere classified,ANZ-5005,3,Official ANZSRC Field retrieval anchor
ANZ-5099,Other philosophy and religious studies,ANZ-50,2,Official ANZSRC Group
ANZ-509999,Other philosophy and religious studies not elsewhere classified,ANZ-5099,3,Official ANZSRC Field retrieval anchor
ANZ-51,Physical Sciences,ROOT,1,Official ANZSRC Division
ANZ-5101,Astronomical sciences,ANZ-51,2,Official ANZSRC Group
ANZ-510101,Astrobiology,ANZ-5101,3,Official ANZSRC Field retrieval anchor
ANZ-510102,Astronomical instrumentation,ANZ-5101,3,Official ANZSRC Field retrieval anchor
ANZ-510103,Cosmology and extragalactic astronomy,ANZ-5101,3,Official ANZSRC Field retrieval anchor
ANZ-510104,Galactic astronomy,ANZ-5101,3,Official ANZSRC Field retrieval anchor
ANZ-510105,General relativity and gravitational waves,ANZ-5101,3,Official ANZSRC Field retrieval anchor
ANZ-510106,High energy astrophysics and galactic cosmic rays,ANZ-5101,3,Official ANZSRC Field retrieval anchor
ANZ-510107,Planetary science (excl. solar system and planetary geology),ANZ-5101,3,Official ANZSRC Field retrieval anchor
ANZ-510108,Solar physics,ANZ-5101,3,Official ANZSRC Field retrieval anchor
ANZ-510109,Stellar astronomy and planetary systems,ANZ-5101,3,Official ANZSRC Field retrieval anchor
ANZ-510199,Astronomical sciences not elsewhere classified,ANZ-5101,3,Official ANZSRC Field retrieval anchor
ANZ-5102,"Atomic, molecular and optical physics",ANZ-51,2,Official ANZSRC Group
ANZ-510201,Atomic and molecular physics,ANZ-5102,3,Official ANZSRC Field retrieval anchor
ANZ-510202,Lasers and quantum electronics,ANZ-5102,3,Official ANZSRC Field retrieval anchor
ANZ-510203,Nonlinear optics and spectroscopy,ANZ-5102,3,Official ANZSRC Field retrieval anchor
ANZ-510204,"Photonics, optoelectronics and optical communications",ANZ-5102,3,Official ANZSRC Field retrieval anchor
ANZ-510205,Terahertz physics,ANZ-5102,3,Official ANZSRC Field retrieval anchor
ANZ-510299,"Atomic, molecular and optical physics not elsewhere classified",ANZ-5102,3,Official ANZSRC Field retrieval anchor
ANZ-5103,Classical physics,ANZ-51,2,Official ANZSRC Group
ANZ-510301,Acoustics and acoustical devices; waves,ANZ-5103,3,Official ANZSRC Field retrieval anchor
ANZ-510302,Classical and physical optics,ANZ-5103,3,Official ANZSRC Field retrieval anchor
ANZ-510303,Electrostatics and electrodynamics,ANZ-5103,3,Official ANZSRC Field retrieval anchor
ANZ-510304,Thermodynamics and statistical physics,ANZ-5103,3,Official ANZSRC Field retrieval anchor
ANZ-510399,Classical physics not elsewhere classified,ANZ-5103,3,Official ANZSRC Field retrieval anchor
ANZ-5104,Condensed matter physics,ANZ-51,2,Official ANZSRC Group
ANZ-510401,Condensed matter characterisation technique development,ANZ-5104,3,Official ANZSRC Field retrieval anchor
ANZ-510402,Condensed matter imaging,ANZ-5104,3,Official ANZSRC Field retrieval anchor
ANZ-510403,Condensed matter modelling and density functional theory,ANZ-5104,3,Official ANZSRC Field retrieval anchor
ANZ-510404,Electronic and magnetic properties of condensed matter; superconductivity,ANZ-5104,3,Official ANZSRC Field retrieval anchor
ANZ-510405,Soft condensed matter,ANZ-5104,3,Official ANZSRC Field retrieval anchor
ANZ-510406,Structural properties of condensed matter,ANZ-5104,3,Official ANZSRC Field retrieval anchor
ANZ-510407,Surface properties of condensed matter,ANZ-5104,3,Official ANZSRC Field retrieval anchor
ANZ-510499,Condensed matter physics not elsewhere classified,ANZ-5104,3,Official ANZSRC Field retrieval anchor
ANZ-5105,Medical and biological physics,ANZ-51,2,Official ANZSRC Group
ANZ-510501,Biological physics,ANZ-5105,3,Official ANZSRC Field retrieval anchor
ANZ-510502,Medical physics,ANZ-5105,3,Official ANZSRC Field retrieval anchor
ANZ-510599,Medical and biological physics not elsewhere classified,ANZ-5105,3,Official ANZSRC Field retrieval anchor
ANZ-5106,Nuclear and plasma physics,ANZ-51,2,Official ANZSRC Group
ANZ-510601,Nuclear physics,ANZ-5106,3,Official ANZSRC Field retrieval anchor
ANZ-510602,Plasma physics; fusion plasmas; electrical discharges,ANZ-5106,3,Official ANZSRC Field retrieval anchor
ANZ-510699,Nuclear and plasma physics not elsewhere classified,ANZ-5106,3,Official ANZSRC Field retrieval anchor
ANZ-5107,Particle and high energy physics,ANZ-51,2,Official ANZSRC Group
ANZ-510701,Astroparticle physics and particle cosmology,ANZ-5107,3,Official ANZSRC Field retrieval anchor
ANZ-510702,Field theory and string theory,ANZ-5107,3,Official ANZSRC Field retrieval anchor
ANZ-510703,Particle physics,ANZ-5107,3,Official ANZSRC Field retrieval anchor
ANZ-510799,Particle and high energy physics not elsewhere classified,ANZ-5107,3,Official ANZSRC Field retrieval anchor
ANZ-5108,Quantum physics,ANZ-51,2,Official ANZSRC Group
ANZ-510801,Degenerate quantum gases and atom optics,ANZ-5108,3,Official ANZSRC Field retrieval anchor
ANZ-510802,Foundations of quantum mechanics,ANZ-5108,3,Official ANZSRC Field retrieval anchor
ANZ-510803,"Quantum information, computation and communication",ANZ-5108,3,Official ANZSRC Field retrieval anchor
ANZ-510804,Quantum optics and quantum optomechanics,ANZ-5108,3,Official ANZSRC Field retrieval anchor
ANZ-510805,Quantum technologies,ANZ-5108,3,Official ANZSRC Field retrieval anchor
ANZ-510899,Quantum physics not elsewhere classified,ANZ-5108,3,Official ANZSRC Field retrieval anchor
ANZ-5109,Space sciences,ANZ-51,2,Official ANZSRC Group
ANZ-510901,Astrodynamics and space situational awareness,ANZ-5109,3,Official ANZSRC Field retrieval anchor
ANZ-510902,Heliophysics and space weather,ANZ-5109,3,Official ANZSRC Field retrieval anchor
ANZ-510903,"Mesospheric, thermospheric, ionospheric and magnetospheric physics",ANZ-5109,3,Official ANZSRC Field retrieval anchor
ANZ-510904,Solar system energetic particles,ANZ-5109,3,Official ANZSRC Field retrieval anchor
ANZ-510905,Solar system planetary science (excl. planetary geology),ANZ-5109,3,Official ANZSRC Field retrieval anchor
ANZ-510906,Space instrumentation,ANZ-5109,3,Official ANZSRC Field retrieval anchor
ANZ-510999,Space sciences not elsewhere classified,ANZ-5109,3,Official ANZSRC Field retrieval anchor
ANZ-5110,Synchrotrons and accelerators,ANZ-51,2,Official ANZSRC Group
ANZ-511001,Accelerators,ANZ-5110,3,Official ANZSRC Field retrieval anchor
ANZ-511002,Instruments and techniques,ANZ-5110,3,Official ANZSRC Field retrieval anchor
ANZ-511003,Synchrotrons,ANZ-5110,3,Official ANZSRC Field retrieval anchor
ANZ-511099,Synchrotrons and accelerators not elsewhere classified,ANZ-5110,3,Official ANZSRC Field retrieval anchor
ANZ-5199,Other physical sciences,ANZ-51,2,Official ANZSRC Group
ANZ-519901,Complex physical systems,ANZ-5199,3,Official ANZSRC Field retrieval anchor
ANZ-519999,Other physical sciences not elsewhere classified,ANZ-5199,3,Official ANZSRC Field retrieval anchor
ANZ-52,Psychology,ROOT,1,Official ANZSRC Division
ANZ-5201,Applied and developmental psychology,ANZ-52,2,Official ANZSRC Group
ANZ-520101,Child and adolescent development,ANZ-5201,3,Official ANZSRC Field retrieval anchor
ANZ-520102,Educational psychology,ANZ-5201,3,Official ANZSRC Field retrieval anchor
ANZ-520103,Forensic psychology,ANZ-5201,3,Official ANZSRC Field retrieval anchor
ANZ-520104,Industrial and organisational psychology (incl. human factors),ANZ-5201,3,Official ANZSRC Field retrieval anchor
ANZ-520105,"Psychological methodology, design and analysis",ANZ-5201,3,Official ANZSRC Field retrieval anchor
ANZ-520106,Psychology of ageing,ANZ-5201,3,Official ANZSRC Field retrieval anchor
ANZ-520107,Sport and exercise psychology,ANZ-5201,3,Official ANZSRC Field retrieval anchor
ANZ-520108,"Testing, assessment and psychometrics",ANZ-5201,3,Official ANZSRC Field retrieval anchor
ANZ-520199,Applied and developmental psychology not elsewhere classified,ANZ-5201,3,Official ANZSRC Field retrieval anchor
ANZ-5202,Biological psychology,ANZ-52,2,Official ANZSRC Group
ANZ-520201,Behavioural genetics,ANZ-5202,3,Official ANZSRC Field retrieval anchor
ANZ-520202,Behavioural neuroscience,ANZ-5202,3,Official ANZSRC Field retrieval anchor
ANZ-520203,Cognitive neuroscience,ANZ-5202,3,Official ANZSRC Field retrieval anchor
ANZ-520204,Evolutionary psychological studies,ANZ-5202,3,Official ANZSRC Field retrieval anchor
ANZ-520205,Psychopharmacology,ANZ-5202,3,Official ANZSRC Field retrieval anchor
ANZ-520206,Psychophysiology,ANZ-5202,3,Official ANZSRC Field retrieval anchor
ANZ-520207,Social and affective neuroscience,ANZ-5202,3,Official ANZSRC Field retrieval anchor
ANZ-520299,Biological psychology not elsewhere classified,ANZ-5202,3,Official ANZSRC Field retrieval anchor
ANZ-5203,Clinical and health psychology,ANZ-52,2,Official ANZSRC Group
ANZ-520301,Clinical neuropsychology,ANZ-5203,3,Official ANZSRC Field retrieval anchor
ANZ-520302,Clinical psychology,ANZ-5203,3,Official ANZSRC Field retrieval anchor
ANZ-520303,Counselling psychology,ANZ-5203,3,Official ANZSRC Field retrieval anchor
ANZ-520304,Health psychology,ANZ-5203,3,Official ANZSRC Field retrieval anchor
ANZ-520399,Clinical and health psychology not elsewhere classified,ANZ-5203,3,Official ANZSRC Field retrieval anchor
ANZ-5204,Cognitive and computational psychology,ANZ-52,2,Official ANZSRC Group
ANZ-520401,Cognition,ANZ-5204,3,Official ANZSRC Field retrieval anchor
ANZ-520402,Decision making,ANZ-5204,3,Official ANZSRC Field retrieval anchor
ANZ-520403,"Learning, motivation and emotion",ANZ-5204,3,Official ANZSRC Field retrieval anchor
ANZ-520404,Memory and attention,ANZ-5204,3,Official ANZSRC Field retrieval anchor
ANZ-520405,Psycholinguistics (incl. speech production and comprehension),ANZ-5204,3,Official ANZSRC Field retrieval anchor
ANZ-520406,"Sensory processes, perception and performance",ANZ-5204,3,Official ANZSRC Field retrieval anchor
ANZ-520499,Cognitive and computational psychology not elsewhere classified,ANZ-5204,3,Official ANZSRC Field retrieval anchor
ANZ-5205,Social and personality psychology,ANZ-52,2,Official ANZSRC Group
ANZ-520501,Community psychology,ANZ-5205,3,Official ANZSRC Field retrieval anchor
ANZ-520502,Gender psychology,ANZ-5205,3,Official ANZSRC Field retrieval anchor
ANZ-520503,Personality and individual differences,ANZ-5205,3,Official ANZSRC Field retrieval anchor
ANZ-520504,Psychology of religion,ANZ-5205,3,Official ANZSRC Field retrieval anchor
ANZ-520505,Social psychology,ANZ-5205,3,Official ANZSRC Field retrieval anchor
ANZ-520599,Social and personality psychology not elsewhere classified,ANZ-5205,3,Official ANZSRC Field retrieval anchor
ANZ-5299,Other psychology,ANZ-52,2,Official ANZSRC Group
ANZ-529999,Other psychology not elsewhere classified,ANZ-5299,3,Official ANZSRC Field retrieval anchor
OV-CROSS,Cross-domain mechanisms,ROOT,1,"Search, inference, adaptation, feedback, criticality, transport, emergence, and other recurring mechanisms."
OV-COMPLEX,Complex systems and network science,ROOT,1,"Complex adaptive systems, networks, nonlinear dynamics, collective behavior, and emergence."
OV-MEAS,Scientific measurement and metrology,ROOT,1,"Measurement, uncertainty, calibration, traceability, observables, and instruments."
OV-EXPDES,Experimental design and research methodology,ROOT,1,"Design, randomization, controls, power, replication, causal methodology, and validation."
OV-SCISCI,Science of science and bibliometrics,ROOT,1,"Scientometrics, bibliometrics, research evaluation, scholarly communication, and research policy."
OV-MATH,Independent mathematics ontology,ROOT,1,"Mathematical objects, structures, operators, equations, stochastic processes, proofs, and numerical methods."
OV-DISCOVERY,Computation and scientific discovery,ROOT,1,"Program and algorithm discovery, automated reasoning, causal discovery, and automated experimentation."
OV-UNCONV,Unconventional and physical computation,ROOT,1,"Analog, optical, chemical, DNA, neuromorphic, reservoir, and in-memory computation."
OV-ALIFE,Artificial life,ROOT,1,"Digital evolution, self-reproduction, morphogenesis, embodied systems, and open-ended evolution."
OV-QUANTUM,Quantum science and technology,ROOT,1,"Quantum phenomena, computation, communication, sensing, control, hardware, and theory."
OV-QBIO,Quantum biology,OV-QUANTUM,2,Field-native terminology for experimentally and theoretically studied quantum-biological phenomena.
