concept_id,term,term_type,context
CF-300101,Agricultural biotechnology diagnostics (incl. biosensors),search_phrase,Canonical ANZSRC field phrase
CF-300101,Agricultural biotechnology,broader,Immediate ANZSRC broader research group
CF-300102,Agricultural marine biotechnology,search_phrase,Canonical ANZSRC field phrase
CF-300102,Agricultural biotechnology,broader,Immediate ANZSRC broader research group
CF-300103,Agricultural molecular engineering of nucleic acids and proteins,search_phrase,Canonical ANZSRC field phrase
CF-300103,Agricultural biotechnology,broader,Immediate ANZSRC broader research group
CF-300104,Genetically modified animals,search_phrase,Canonical ANZSRC field phrase
CF-300104,Agricultural biotechnology,broader,Immediate ANZSRC broader research group
CF-300105,Genetically modified field crops and pasture,search_phrase,Canonical ANZSRC field phrase
CF-300105,Agricultural biotechnology,broader,Immediate ANZSRC broader research group
CF-300106,Genetically modified horticulture plants,search_phrase,Canonical ANZSRC field phrase
CF-300106,Agricultural biotechnology,broader,Immediate ANZSRC broader research group
CF-300107,Genetically modified trees,search_phrase,Canonical ANZSRC field phrase
CF-300107,Agricultural biotechnology,broader,Immediate ANZSRC broader research group
CF-300108,Livestock cloning,search_phrase,Canonical ANZSRC field phrase
CF-300108,Agricultural biotechnology,broader,Immediate ANZSRC broader research group
CF-300109,Non-genetically modified uses of biotechnology,search_phrase,Canonical ANZSRC field phrase
CF-300109,Agricultural biotechnology,broader,Immediate ANZSRC broader research group
CF-300110,Transgenesis,search_phrase,Canonical ANZSRC field phrase
CF-300110,Agricultural biotechnology,broader,Immediate ANZSRC broader research group
CF-300199,Agricultural biotechnology not elsewhere classified,search_phrase,Canonical ANZSRC field phrase
CF-300199,Agricultural biotechnology,broader,Immediate ANZSRC broader research group
CF-300201,Agricultural hydrology,search_phrase,Canonical ANZSRC field phrase
CF-300201,"Agriculture, land and farm management",broader,Immediate ANZSRC broader research group
CF-300202,Agricultural land management,search_phrase,Canonical ANZSRC field phrase
CF-300202,"Agriculture, land and farm management",broader,Immediate ANZSRC broader research group
CF-300203,Agricultural land planning,search_phrase,Canonical ANZSRC field phrase
CF-300203,"Agriculture, land and farm management",broader,Immediate ANZSRC broader research group
CF-300204,Agricultural management of nutrients,search_phrase,Canonical ANZSRC field phrase
CF-300204,"Agriculture, land and farm management",broader,Immediate ANZSRC broader research group
CF-300205,Agricultural production systems simulation,search_phrase,Canonical ANZSRC field phrase
CF-300205,"Agriculture, land and farm management",broader,Immediate ANZSRC broader research group
CF-300206,Agricultural spatial analysis and modelling,search_phrase,Canonical ANZSRC field phrase
CF-300206,"Agriculture, land and farm management",broader,Immediate ANZSRC broader research group
CF-300207,Agricultural systems analysis and modelling,search_phrase,Canonical ANZSRC field phrase
CF-300207,"Agriculture, land and farm management",broader,Immediate ANZSRC broader research group
CF-300208,"Farm management, rural management and agribusiness",search_phrase,Canonical ANZSRC field phrase
CF-300208,"Agriculture, land and farm management",broader,Immediate ANZSRC broader research group
CF-300209,Germplasm management,search_phrase,Canonical ANZSRC field phrase
CF-300209,"Agriculture, land and farm management",broader,Immediate ANZSRC broader research group
CF-300210,Sustainable agricultural development,search_phrase,Canonical ANZSRC field phrase
CF-300210,"Agriculture, land and farm management",broader,Immediate ANZSRC broader research group
CF-300299,"Agriculture, land and farm management not elsewhere classified",search_phrase,Canonical ANZSRC field phrase
CF-300299,"Agriculture, land and farm management",broader,Immediate ANZSRC broader research group
CF-300301,Animal growth and development,search_phrase,Canonical ANZSRC field phrase
CF-300301,Animal production,broader,Immediate ANZSRC broader research group
CF-300302,Animal management,search_phrase,Canonical ANZSRC field phrase
CF-300302,Animal production,broader,Immediate ANZSRC broader research group
CF-300303,Animal nutrition,search_phrase,Canonical ANZSRC field phrase
CF-300303,Animal production,broader,Immediate ANZSRC broader research group
CF-300304,Animal protection (incl. pests and pathogens),search_phrase,Canonical ANZSRC field phrase
CF-300304,Animal production,broader,Immediate ANZSRC broader research group
CF-300305,Animal reproduction and breeding,search_phrase,Canonical ANZSRC field phrase
CF-300305,Animal production,broader,Immediate ANZSRC broader research group
CF-300306,Animal welfare,search_phrase,Canonical ANZSRC field phrase
CF-300306,Animal production,broader,Immediate ANZSRC broader research group
CF-300307,Environmental studies in animal production,search_phrase,Canonical ANZSRC field phrase
CF-300307,Animal production,broader,Immediate ANZSRC broader research group
CF-300399,Animal production not elsewhere classified,search_phrase,Canonical ANZSRC field phrase
CF-300399,Animal production,broader,Immediate ANZSRC broader research group
CF-300401,Agrochemicals and biocides (incl. application),search_phrase,Canonical ANZSRC field phrase
CF-300401,Crop and pasture production,broader,Immediate ANZSRC broader research group
CF-300402,Agro-ecosystem function and prediction,search_phrase,Canonical ANZSRC field phrase
CF-300402,Crop and pasture production,broader,Immediate ANZSRC broader research group
CF-300403,Agronomy,search_phrase,Canonical ANZSRC field phrase
CF-300403,Crop and pasture production,broader,Immediate ANZSRC broader research group
CF-300404,Crop and pasture biochemistry and physiology,search_phrase,Canonical ANZSRC field phrase
CF-300404,Crop and pasture production,broader,Immediate ANZSRC broader research group
CF-300405,Crop and pasture biomass and bioproducts,search_phrase,Canonical ANZSRC field phrase
CF-300405,Crop and pasture production,broader,Immediate ANZSRC broader research group
CF-300406,Crop and pasture improvement (incl. selection and breeding),search_phrase,Canonical ANZSRC field phrase
CF-300406,Crop and pasture production,broader,Immediate ANZSRC broader research group
CF-300407,Crop and pasture nutrition,search_phrase,Canonical ANZSRC field phrase
CF-300407,Crop and pasture production,broader,Immediate ANZSRC broader research group
CF-300408,Crop and pasture post harvest technologies (incl. transportation and storage),search_phrase,Canonical ANZSRC field phrase
CF-300408,Crop and pasture production,broader,Immediate ANZSRC broader research group
CF-300409,"Crop and pasture protection (incl. pests, diseases and weeds)",search_phrase,Canonical ANZSRC field phrase
CF-300409,Crop and pasture production,broader,Immediate ANZSRC broader research group
CF-300410,Crop and pasture waste water use,search_phrase,Canonical ANZSRC field phrase
CF-300410,Crop and pasture production,broader,Immediate ANZSRC broader research group
CF-300411,Fertilisers (incl. application),search_phrase,Canonical ANZSRC field phrase
CF-300411,Crop and pasture production,broader,Immediate ANZSRC broader research group
CF-300412,Organic and low chemical input crop production,search_phrase,Canonical ANZSRC field phrase
CF-300412,Crop and pasture production,broader,Immediate ANZSRC broader research group
CF-300413,Pollination biology and systems,search_phrase,Canonical ANZSRC field phrase
CF-300413,Crop and pasture production,broader,Immediate ANZSRC broader research group
CF-300499,Crop and pasture production not elsewhere classified,search_phrase,Canonical ANZSRC field phrase
CF-300499,Crop and pasture production,broader,Immediate ANZSRC broader research group
CF-300501,Aquaculture,search_phrase,Canonical ANZSRC field phrase
CF-300501,Fisheries sciences,broader,Immediate ANZSRC broader research group
CF-300502,Aquaculture and fisheries stock assessment,search_phrase,Canonical ANZSRC field phrase
CF-300502,Fisheries sciences,broader,Immediate ANZSRC broader research group
CF-300503,Fish pests and diseases,search_phrase,Canonical ANZSRC field phrase
CF-300503,Fisheries sciences,broader,Immediate ANZSRC broader research group
CF-300504,Fish physiology and genetics,search_phrase,Canonical ANZSRC field phrase
CF-300504,Fisheries sciences,broader,Immediate ANZSRC broader research group
CF-300505,Fisheries management,search_phrase,Canonical ANZSRC field phrase
CF-300505,Fisheries sciences,broader,Immediate ANZSRC broader research group
CF-300506,Post-harvest fisheries technologies (incl. transportation),search_phrase,Canonical ANZSRC field phrase
CF-300506,Fisheries sciences,broader,Immediate ANZSRC broader research group
CF-300599,Fisheries sciences not elsewhere classified,search_phrase,Canonical ANZSRC field phrase
CF-300599,Fisheries sciences,broader,Immediate ANZSRC broader research group
CF-300601,Beverage chemistry and beverage sensory science,search_phrase,Canonical ANZSRC field phrase
CF-300601,Food sciences,broader,Immediate ANZSRC broader research group
CF-300602,Food chemistry and food sensory science,search_phrase,Canonical ANZSRC field phrase
CF-300602,Food sciences,broader,Immediate ANZSRC broader research group
CF-300603,Food nutritional balance,search_phrase,Canonical ANZSRC field phrase
CF-300603,Food sciences,broader,Immediate ANZSRC broader research group
CF-300604,"Food packaging, preservation and processing",search_phrase,Canonical ANZSRC field phrase
CF-300604,Food sciences,broader,Immediate ANZSRC broader research group
CF-300605,"Food safety, traceability, certification and authenticity",search_phrase,Canonical ANZSRC field phrase
CF-300605,Food sciences,broader,Immediate ANZSRC broader research group
CF-300606,Food sustainability,search_phrase,Canonical ANZSRC field phrase
CF-300606,Food sciences,broader,Immediate ANZSRC broader research group
CF-300607,Food technology,search_phrase,Canonical ANZSRC field phrase
CF-300607,Food sciences,broader,Immediate ANZSRC broader research group
CF-300699,Food sciences not elsewhere classified,search_phrase,Canonical ANZSRC field phrase
CF-300699,Food sciences,broader,Immediate ANZSRC broader research group
CF-300701,Agroforestry,search_phrase,Canonical ANZSRC field phrase
CF-300701,Forestry sciences,broader,Immediate ANZSRC broader research group
CF-300702,Forest biodiversity,search_phrase,Canonical ANZSRC field phrase
CF-300702,Forestry sciences,broader,Immediate ANZSRC broader research group
CF-300703,Forest ecosystems,search_phrase,Canonical ANZSRC field phrase
CF-300703,Forestry sciences,broader,Immediate ANZSRC broader research group
CF-300704,Forest health and pathology,search_phrase,Canonical ANZSRC field phrase
CF-300704,Forestry sciences,broader,Immediate ANZSRC broader research group
CF-300705,Forestry biomass and bioproducts,search_phrase,Canonical ANZSRC field phrase
CF-300705,Forestry sciences,broader,Immediate ANZSRC broader research group
CF-300706,Forestry fire management,search_phrase,Canonical ANZSRC field phrase
CF-300706,Forestry sciences,broader,Immediate ANZSRC broader research group
CF-300707,Forestry management and environment,search_phrase,Canonical ANZSRC field phrase
CF-300707,Forestry sciences,broader,Immediate ANZSRC broader research group
CF-300708,Forestry product quality assessment,search_phrase,Canonical ANZSRC field phrase
CF-300708,Forestry sciences,broader,Immediate ANZSRC broader research group
CF-300709,Tree improvement (incl. selection and breeding),search_phrase,Canonical ANZSRC field phrase
CF-300709,Forestry sciences,broader,Immediate ANZSRC broader research group
CF-300710,Tree nutrition and physiology,search_phrase,Canonical ANZSRC field phrase
CF-300710,Forestry sciences,broader,Immediate ANZSRC broader research group
CF-300711,Wood fibre processing,search_phrase,Canonical ANZSRC field phrase
CF-300711,Forestry sciences,broader,Immediate ANZSRC broader research group
CF-300712,Wood processing,search_phrase,Canonical ANZSRC field phrase
CF-300712,Forestry sciences,broader,Immediate ANZSRC broader research group
CF-300799,Forestry sciences not elsewhere classified,search_phrase,Canonical ANZSRC field phrase
CF-300799,Forestry sciences,broader,Immediate ANZSRC broader research group
CF-300801,Field organic and low chemical input horticulture,search_phrase,Canonical ANZSRC field phrase
CF-300801,Horticultural production,broader,Immediate ANZSRC broader research group
CF-300802,Horticultural crop growth and development,search_phrase,Canonical ANZSRC field phrase
CF-300802,Horticultural production,broader,Immediate ANZSRC broader research group
CF-300803,Horticultural crop improvement (incl. selection and breeding),search_phrase,Canonical ANZSRC field phrase
CF-300803,Horticultural production,broader,Immediate ANZSRC broader research group
CF-300804,"Horticultural crop protection (incl. pests, diseases and weeds)",search_phrase,Canonical ANZSRC field phrase
CF-300804,Horticultural production,broader,Immediate ANZSRC broader research group
CF-300805,Oenology and viticulture,search_phrase,Canonical ANZSRC field phrase
CF-300805,Horticultural production,broader,Immediate ANZSRC broader research group
CF-300806,Post harvest horticultural technologies (incl. transportation and storage),search_phrase,Canonical ANZSRC field phrase
CF-300806,Horticultural production,broader,Immediate ANZSRC broader research group
CF-300899,Horticultural production not elsewhere classified,search_phrase,Canonical ANZSRC field phrase
CF-300899,Horticultural production,broader,Immediate ANZSRC broader research group
CF-300901,Veterinary anaesthesiology and intensive care,search_phrase,Canonical ANZSRC field phrase
CF-300901,Veterinary sciences,broader,Immediate ANZSRC broader research group
CF-300902,Veterinary anatomy and physiology,search_phrase,Canonical ANZSRC field phrase
CF-300902,Veterinary sciences,broader,Immediate ANZSRC broader research group
CF-300903,Veterinary bacteriology,search_phrase,Canonical ANZSRC field phrase
CF-300903,Veterinary sciences,broader,Immediate ANZSRC broader research group
CF-300904,Veterinary diagnosis and diagnostics,search_phrase,Canonical ANZSRC field phrase
CF-300904,Veterinary sciences,broader,Immediate ANZSRC broader research group
CF-300905,Veterinary epidemiology,search_phrase,Canonical ANZSRC field phrase
CF-300905,Veterinary sciences,broader,Immediate ANZSRC broader research group
CF-300906,Veterinary immunology,search_phrase,Canonical ANZSRC field phrase
CF-300906,Veterinary sciences,broader,Immediate ANZSRC broader research group
CF-300907,Veterinary medicine (excl. urology),search_phrase,Canonical ANZSRC field phrase
CF-300907,Veterinary sciences,broader,Immediate ANZSRC broader research group
CF-300908,Veterinary mycology,search_phrase,Canonical ANZSRC field phrase
CF-300908,Veterinary sciences,broader,Immediate ANZSRC broader research group
CF-300909,Veterinary parasitology,search_phrase,Canonical ANZSRC field phrase
CF-300909,Veterinary sciences,broader,Immediate ANZSRC broader research group
CF-300910,Veterinary pathology,search_phrase,Canonical ANZSRC field phrase
CF-300910,Veterinary sciences,broader,Immediate ANZSRC broader research group
CF-300911,Veterinary pharmacology,search_phrase,Canonical ANZSRC field phrase
CF-300911,Veterinary sciences,broader,Immediate ANZSRC broader research group
CF-300912,Veterinary surgery,search_phrase,Canonical ANZSRC field phrase
CF-300912,Veterinary sciences,broader,Immediate ANZSRC broader research group
CF-300913,Veterinary urology,search_phrase,Canonical ANZSRC field phrase
CF-300913,Veterinary sciences,broader,Immediate ANZSRC broader research group
CF-300914,Veterinary virology,search_phrase,Canonical ANZSRC field phrase
CF-300914,Veterinary sciences,broader,Immediate ANZSRC broader research group
CF-300999,Veterinary sciences not elsewhere classified,search_phrase,Canonical ANZSRC field phrase
CF-300999,Veterinary sciences,broader,Immediate ANZSRC broader research group
CF-309999,"Other agricultural, veterinary and food sciences not elsewhere classified",search_phrase,Canonical ANZSRC field phrase
CF-309999,"Other agricultural, veterinary and food sciences",broader,Immediate ANZSRC broader research group
CF-310101,Analytical biochemistry,search_phrase,Canonical ANZSRC field phrase
CF-310101,Biochemistry and cell biology,broader,Immediate ANZSRC broader research group
CF-310102,"Cell development, proliferation and death",search_phrase,Canonical ANZSRC field phrase
CF-310102,Biochemistry and cell biology,broader,Immediate ANZSRC broader research group
CF-310103,Cell metabolism,search_phrase,Canonical ANZSRC field phrase
CF-310103,Biochemistry and cell biology,broader,Immediate ANZSRC broader research group
CF-310104,Cell neurochemistry,search_phrase,Canonical ANZSRC field phrase
CF-310104,Biochemistry and cell biology,broader,Immediate ANZSRC broader research group
CF-310105,"Cellular interactions (incl. adhesion, matrix, cell wall)",search_phrase,Canonical ANZSRC field phrase
CF-310105,Biochemistry and cell biology,broader,Immediate ANZSRC broader research group
CF-310106,Enzymes,search_phrase,Canonical ANZSRC field phrase
CF-310106,Biochemistry and cell biology,broader,Immediate ANZSRC broader research group
CF-310107,Glycobiology,search_phrase,Canonical ANZSRC field phrase
CF-310107,Biochemistry and cell biology,broader,Immediate ANZSRC broader research group
CF-310108,Protein trafficking,search_phrase,Canonical ANZSRC field phrase
CF-310108,Biochemistry and cell biology,broader,Immediate ANZSRC broader research group
CF-310109,Proteomics and intermolecular interactions (excl. medical proteomics),search_phrase,Canonical ANZSRC field phrase
CF-310109,Biochemistry and cell biology,broader,Immediate ANZSRC broader research group
CF-310110,Receptors and membrane biology,search_phrase,Canonical ANZSRC field phrase
CF-310110,Biochemistry and cell biology,broader,Immediate ANZSRC broader research group
CF-310111,Signal transduction,search_phrase,Canonical ANZSRC field phrase
CF-310111,Biochemistry and cell biology,broader,Immediate ANZSRC broader research group
CF-310112,Structural biology (incl. macromolecular modelling),search_phrase,Canonical ANZSRC field phrase
CF-310112,Biochemistry and cell biology,broader,Immediate ANZSRC broader research group
CF-310113,Synthetic biology,search_phrase,Canonical ANZSRC field phrase
CF-310113,Biochemistry and cell biology,broader,Immediate ANZSRC broader research group
CF-310114,Systems biology,search_phrase,Canonical ANZSRC field phrase
CF-310114,Biochemistry and cell biology,broader,Immediate ANZSRC broader research group
CF-310199,Biochemistry and cell biology not elsewhere classified,search_phrase,Canonical ANZSRC field phrase
CF-310199,Biochemistry and cell biology,broader,Immediate ANZSRC broader research group
CF-310201,Bioinformatic methods development,search_phrase,Canonical ANZSRC field phrase
CF-310201,Bioinformatics and computational biology,broader,Immediate ANZSRC broader research group
CF-310202,Biological network analysis,search_phrase,Canonical ANZSRC field phrase
CF-310202,Bioinformatics and computational biology,broader,Immediate ANZSRC broader research group
CF-310203,Computational ecology and phylogenetics,search_phrase,Canonical ANZSRC field phrase
CF-310203,Bioinformatics and computational biology,broader,Immediate ANZSRC broader research group
CF-310204,Genomics and transcriptomics,search_phrase,Canonical ANZSRC field phrase
CF-310204,Bioinformatics and computational biology,broader,Immediate ANZSRC broader research group
CF-310205,Proteomics and metabolomics,search_phrase,Canonical ANZSRC field phrase
CF-310205,Bioinformatics and computational biology,broader,Immediate ANZSRC broader research group
CF-310206,Sequence analysis,search_phrase,Canonical ANZSRC field phrase
CF-310206,Bioinformatics and computational biology,broader,Immediate ANZSRC broader research group
CF-310207,Statistical and quantitative genetics,search_phrase,Canonical ANZSRC field phrase
CF-310207,Bioinformatics and computational biology,broader,Immediate ANZSRC broader research group
CF-310208,Translational and applied bioinformatics,search_phrase,Canonical ANZSRC field phrase
CF-310208,Bioinformatics and computational biology,broader,Immediate ANZSRC broader research group
CF-310299,Bioinformatics and computational biology not elsewhere classified,search_phrase,Canonical ANZSRC field phrase
CF-310299,Bioinformatics and computational biology,broader,Immediate ANZSRC broader research group
CF-310301,Behavioural ecology,search_phrase,Canonical ANZSRC field phrase
CF-310301,Ecology,broader,Immediate ANZSRC broader research group
CF-310302,Community ecology (excl. invasive species ecology),search_phrase,Canonical ANZSRC field phrase
CF-310302,Ecology,broader,Immediate ANZSRC broader research group
CF-310303,Ecological physiology,search_phrase,Canonical ANZSRC field phrase
CF-310303,Ecology,broader,Immediate ANZSRC broader research group
CF-310304,Freshwater ecology,search_phrase,Canonical ANZSRC field phrase
CF-310304,Ecology,broader,Immediate ANZSRC broader research group
CF-310305,Marine and estuarine ecology (incl. marine ichthyology),search_phrase,Canonical ANZSRC field phrase
CF-310305,Ecology,broader,Immediate ANZSRC broader research group
CF-310306,Palaeoecology,search_phrase,Canonical ANZSRC field phrase
CF-310306,Ecology,broader,Immediate ANZSRC broader research group
CF-310307,Population ecology,search_phrase,Canonical ANZSRC field phrase
CF-310307,Ecology,broader,Immediate ANZSRC broader research group
CF-310308,Terrestrial ecology,search_phrase,Canonical ANZSRC field phrase
CF-310308,Ecology,broader,Immediate ANZSRC broader research group
CF-310399,Ecology not elsewhere classified,search_phrase,Canonical ANZSRC field phrase
CF-310399,Ecology,broader,Immediate ANZSRC broader research group
CF-310401,Animal systematics and taxonomy,search_phrase,Canonical ANZSRC field phrase
CF-310401,Evolutionary biology,broader,Immediate ANZSRC broader research group
CF-310402,Biogeography and phylogeography,search_phrase,Canonical ANZSRC field phrase
CF-310402,Evolutionary biology,broader,Immediate ANZSRC broader research group
CF-310403,Biological adaptation,search_phrase,Canonical ANZSRC field phrase
CF-310403,Evolutionary biology,broader,Immediate ANZSRC broader research group
CF-310404,Evolution of developmental systems,search_phrase,Canonical ANZSRC field phrase
CF-310404,Evolutionary biology,broader,Immediate ANZSRC broader research group
CF-310405,Evolutionary ecology,search_phrase,Canonical ANZSRC field phrase
CF-310405,Evolutionary biology,broader,Immediate ANZSRC broader research group
CF-310406,Evolutionary impacts of climate change,search_phrase,Canonical ANZSRC field phrase
CF-310406,Evolutionary biology,broader,Immediate ANZSRC broader research group
CF-310407,Host-parasite interactions,search_phrase,Canonical ANZSRC field phrase
CF-310407,Evolutionary biology,broader,Immediate ANZSRC broader research group
CF-310408,Life histories,search_phrase,Canonical ANZSRC field phrase
CF-310408,Evolutionary biology,broader,Immediate ANZSRC broader research group
CF-310409,Microbial taxonomy,search_phrase,Canonical ANZSRC field phrase
CF-310409,Evolutionary biology,broader,Immediate ANZSRC broader research group
CF-310410,Phylogeny and comparative analysis,search_phrase,Canonical ANZSRC field phrase
CF-310410,Evolutionary biology,broader,Immediate ANZSRC broader research group
CF-310411,Plant and fungus systematics and taxonomy,search_phrase,Canonical ANZSRC field phrase
CF-310411,Evolutionary biology,broader,Immediate ANZSRC broader research group
CF-310412,Speciation and extinction,search_phrase,Canonical ANZSRC field phrase
CF-310412,Evolutionary biology,broader,Immediate ANZSRC broader research group
CF-310499,Evolutionary biology not elsewhere classified,search_phrase,Canonical ANZSRC field phrase
CF-310499,Evolutionary biology,broader,Immediate ANZSRC broader research group
CF-310501,Anthropological genetics,search_phrase,Canonical ANZSRC field phrase
CF-310501,Genetics,broader,Immediate ANZSRC broader research group
CF-310502,Cell and nuclear division,search_phrase,Canonical ANZSRC field phrase
CF-310502,Genetics,broader,Immediate ANZSRC broader research group
CF-310503,Developmental genetics (incl. sex determination),search_phrase,Canonical ANZSRC field phrase
CF-310503,Genetics,broader,Immediate ANZSRC broader research group
CF-310504,Epigenetics (incl. genome methylation and epigenomics),search_phrase,Canonical ANZSRC field phrase
CF-310504,Genetics,broader,Immediate ANZSRC broader research group
CF-310505,Gene expression (incl. microarray and other genome-wide approaches),search_phrase,Canonical ANZSRC field phrase
CF-310505,Genetics,broader,Immediate ANZSRC broader research group
CF-310506,Gene mapping,search_phrase,Canonical ANZSRC field phrase
CF-310506,Genetics,broader,Immediate ANZSRC broader research group
CF-310507,Genetic immunology,search_phrase,Canonical ANZSRC field phrase
CF-310507,Genetics,broader,Immediate ANZSRC broader research group
CF-310508,Genome structure and regulation,search_phrase,Canonical ANZSRC field phrase
CF-310508,Genetics,broader,Immediate ANZSRC broader research group
CF-310509,Genomics,search_phrase,Canonical ANZSRC field phrase
CF-310509,Genetics,broader,Immediate ANZSRC broader research group
CF-310510,Molecular evolution,search_phrase,Canonical ANZSRC field phrase
CF-310510,Genetics,broader,Immediate ANZSRC broader research group
CF-310511,Neurogenetics,search_phrase,Canonical ANZSRC field phrase
CF-310511,Genetics,broader,Immediate ANZSRC broader research group
CF-310599,Genetics not elsewhere classified,search_phrase,Canonical ANZSRC field phrase
CF-310599,Genetics,broader,Immediate ANZSRC broader research group
CF-310601,Biocatalysis and enzyme technology,search_phrase,Canonical ANZSRC field phrase
CF-310601,Industrial biotechnology,broader,Immediate ANZSRC broader research group
CF-310602,"Bioprocessing, bioproduction and bioproducts",search_phrase,Canonical ANZSRC field phrase
CF-310602,Industrial biotechnology,broader,Immediate ANZSRC broader research group
CF-310603,Fermentation,search_phrase,Canonical ANZSRC field phrase
CF-310603,Industrial biotechnology,broader,Immediate ANZSRC broader research group
CF-310604,Industrial biotechnology diagnostics (incl. biosensors),search_phrase,Canonical ANZSRC field phrase
CF-310604,Industrial biotechnology,broader,Immediate ANZSRC broader research group
CF-310605,Industrial microbiology (incl. biofeedstocks),search_phrase,Canonical ANZSRC field phrase
CF-310605,Industrial biotechnology,broader,Immediate ANZSRC broader research group
CF-310606,Industrial molecular engineering of nucleic acids and proteins,search_phrase,Canonical ANZSRC field phrase
CF-310606,Industrial biotechnology,broader,Immediate ANZSRC broader research group
CF-310607,Nanobiotechnology,search_phrase,Canonical ANZSRC field phrase
CF-310607,Industrial biotechnology,broader,Immediate ANZSRC broader research group
CF-310699,Industrial biotechnology not elsewhere classified,search_phrase,Canonical ANZSRC field phrase
CF-310699,Industrial biotechnology,broader,Immediate ANZSRC broader research group
CF-310701,Bacteriology,search_phrase,Canonical ANZSRC field phrase
CF-310701,Microbiology,broader,Immediate ANZSRC broader research group
CF-310702,Infectious agents,search_phrase,Canonical ANZSRC field phrase
CF-310702,Microbiology,broader,Immediate ANZSRC broader research group
CF-310703,Microbial ecology,search_phrase,Canonical ANZSRC field phrase
CF-310703,Microbiology,broader,Immediate ANZSRC broader research group
CF-310704,Microbial genetics,search_phrase,Canonical ANZSRC field phrase
CF-310704,Microbiology,broader,Immediate ANZSRC broader research group
CF-310705,Mycology,search_phrase,Canonical ANZSRC field phrase
CF-310705,Microbiology,broader,Immediate ANZSRC broader research group
CF-310706,Virology,search_phrase,Canonical ANZSRC field phrase
CF-310706,Microbiology,broader,Immediate ANZSRC broader research group
CF-310799,Microbiology not elsewhere classified,search_phrase,Canonical ANZSRC field phrase
CF-310799,Microbiology,broader,Immediate ANZSRC broader research group
CF-310801,Phycology (incl. marine grasses),search_phrase,Canonical ANZSRC field phrase
CF-310801,Plant biology,broader,Immediate ANZSRC broader research group
CF-310802,Plant biochemistry,search_phrase,Canonical ANZSRC field phrase
CF-310802,Plant biology,broader,Immediate ANZSRC broader research group
CF-310803,Plant cell and molecular biology,search_phrase,Canonical ANZSRC field phrase
CF-310803,Plant biology,broader,Immediate ANZSRC broader research group
CF-310804,Plant developmental and reproductive biology,search_phrase,Canonical ANZSRC field phrase
CF-310804,Plant biology,broader,Immediate ANZSRC broader research group
CF-310805,Plant pathology,search_phrase,Canonical ANZSRC field phrase
CF-310805,Plant biology,broader,Immediate ANZSRC broader research group
CF-310806,Plant physiology,search_phrase,Canonical ANZSRC field phrase
CF-310806,Plant biology,broader,Immediate ANZSRC broader research group
CF-310899,Plant biology not elsewhere classified,search_phrase,Canonical ANZSRC field phrase
CF-310899,Plant biology,broader,Immediate ANZSRC broader research group
CF-310901,Animal behaviour,search_phrase,Canonical ANZSRC field phrase
CF-310901,Zoology,broader,Immediate ANZSRC broader research group
CF-310902,Animal cell and molecular biology,search_phrase,Canonical ANZSRC field phrase
CF-310902,Zoology,broader,Immediate ANZSRC broader research group
CF-310903,Animal developmental and reproductive biology,search_phrase,Canonical ANZSRC field phrase
CF-310903,Zoology,broader,Immediate ANZSRC broader research group
CF-310904,Animal diet and nutrition,search_phrase,Canonical ANZSRC field phrase
CF-310904,Zoology,broader,Immediate ANZSRC broader research group
CF-310905,Animal immunology,search_phrase,Canonical ANZSRC field phrase
CF-310905,Zoology,broader,Immediate ANZSRC broader research group
CF-310906,Animal neurobiology,search_phrase,Canonical ANZSRC field phrase
CF-310906,Zoology,broader,Immediate ANZSRC broader research group
CF-310907,Animal physiological ecology,search_phrase,Canonical ANZSRC field phrase
CF-310907,Zoology,broader,Immediate ANZSRC broader research group
CF-310908,Animal physiology - biophysics,search_phrase,Canonical ANZSRC field phrase
CF-310908,Zoology,broader,Immediate ANZSRC broader research group
CF-310909,Animal physiology - cell,search_phrase,Canonical ANZSRC field phrase
CF-310909,Zoology,broader,Immediate ANZSRC broader research group
CF-310910,Animal physiology - systems,search_phrase,Canonical ANZSRC field phrase
CF-310910,Zoology,broader,Immediate ANZSRC broader research group
CF-310911,Animal structure and function,search_phrase,Canonical ANZSRC field phrase
CF-310911,Zoology,broader,Immediate ANZSRC broader research group
CF-310912,Comparative physiology,search_phrase,Canonical ANZSRC field phrase
CF-310912,Zoology,broader,Immediate ANZSRC broader research group
CF-310913,Invertebrate biology,search_phrase,Canonical ANZSRC field phrase
CF-310913,Zoology,broader,Immediate ANZSRC broader research group
CF-310914,Vertebrate biology,search_phrase,Canonical ANZSRC field phrase
CF-310914,Zoology,broader,Immediate ANZSRC broader research group
CF-310999,Zoology not elsewhere classified,search_phrase,Canonical ANZSRC field phrase
CF-310999,Zoology,broader,Immediate ANZSRC broader research group
CF-319901,Forensic biology,search_phrase,Canonical ANZSRC field phrase
CF-319901,Other biological sciences,broader,Immediate ANZSRC broader research group
CF-319902,Global change biology,search_phrase,Canonical ANZSRC field phrase
CF-319902,Other biological sciences,broader,Immediate ANZSRC broader research group
CF-319999,Other biological sciences not elsewhere classified,search_phrase,Canonical ANZSRC field phrase
CF-319999,Other biological sciences,broader,Immediate ANZSRC broader research group
CF-320101,Cardiology (incl. cardiovascular diseases),search_phrase,Canonical ANZSRC field phrase
CF-320101,Cardiovascular medicine and haematology,broader,Immediate ANZSRC broader research group
CF-320102,Haematology,search_phrase,Canonical ANZSRC field phrase
CF-320102,Cardiovascular medicine and haematology,broader,Immediate ANZSRC broader research group
CF-320103,Respiratory diseases,search_phrase,Canonical ANZSRC field phrase
CF-320103,Cardiovascular medicine and haematology,broader,Immediate ANZSRC broader research group
CF-320199,Cardiovascular medicine and haematology not elsewhere classified,search_phrase,Canonical ANZSRC field phrase
CF-320199,Cardiovascular medicine and haematology,broader,Immediate ANZSRC broader research group
CF-320201,Anaesthesiology,search_phrase,Canonical ANZSRC field phrase
CF-320201,Clinical sciences,broader,Immediate ANZSRC broader research group
CF-320202,Clinical chemistry (incl. diagnostics),search_phrase,Canonical ANZSRC field phrase
CF-320202,Clinical sciences,broader,Immediate ANZSRC broader research group
CF-320203,Clinical microbiology,search_phrase,Canonical ANZSRC field phrase
CF-320203,Clinical sciences,broader,Immediate ANZSRC broader research group
CF-320204,Clinimetrics,search_phrase,Canonical ANZSRC field phrase
CF-320204,Clinical sciences,broader,Immediate ANZSRC broader research group
CF-320205,Dermatology,search_phrase,Canonical ANZSRC field phrase
CF-320205,Clinical sciences,broader,Immediate ANZSRC broader research group
CF-320206,Diagnostic radiography,search_phrase,Canonical ANZSRC field phrase
CF-320206,Clinical sciences,broader,Immediate ANZSRC broader research group
CF-320207,Emergency medicine,search_phrase,Canonical ANZSRC field phrase
CF-320207,Clinical sciences,broader,Immediate ANZSRC broader research group
CF-320208,Endocrinology,search_phrase,Canonical ANZSRC field phrase
CF-320208,Clinical sciences,broader,Immediate ANZSRC broader research group
CF-320209,Gastroenterology and hepatology,search_phrase,Canonical ANZSRC field phrase
CF-320209,Clinical sciences,broader,Immediate ANZSRC broader research group
CF-320210,Geriatrics and gerontology,search_phrase,Canonical ANZSRC field phrase
CF-320210,Clinical sciences,broader,Immediate ANZSRC broader research group
CF-320211,Infectious diseases,search_phrase,Canonical ANZSRC field phrase
CF-320211,Clinical sciences,broader,Immediate ANZSRC broader research group
CF-320212,Intensive care,search_phrase,Canonical ANZSRC field phrase
CF-320212,Clinical sciences,broader,Immediate ANZSRC broader research group
CF-320213,Medical genetics (excl. cancer genetics),search_phrase,Canonical ANZSRC field phrase
CF-320213,Clinical sciences,broader,Immediate ANZSRC broader research group
CF-320214,Nephrology and urology,search_phrase,Canonical ANZSRC field phrase
CF-320214,Clinical sciences,broader,Immediate ANZSRC broader research group
CF-320215,Nuclear medicine,search_phrase,Canonical ANZSRC field phrase
CF-320215,Clinical sciences,broader,Immediate ANZSRC broader research group
CF-320216,Orthopaedics,search_phrase,Canonical ANZSRC field phrase
CF-320216,Clinical sciences,broader,Immediate ANZSRC broader research group
CF-320217,Otorhinolaryngology,search_phrase,Canonical ANZSRC field phrase
CF-320217,Clinical sciences,broader,Immediate ANZSRC broader research group
CF-320218,Pain,search_phrase,Canonical ANZSRC field phrase
CF-320218,Clinical sciences,broader,Immediate ANZSRC broader research group
CF-320219,Paramedicine,search_phrase,Canonical ANZSRC field phrase
CF-320219,Clinical sciences,broader,Immediate ANZSRC broader research group
CF-320220,Pathology (excl. oral pathology),search_phrase,Canonical ANZSRC field phrase
CF-320220,Clinical sciences,broader,Immediate ANZSRC broader research group
CF-320221,Psychiatry (incl. psychotherapy),search_phrase,Canonical ANZSRC field phrase
CF-320221,Clinical sciences,broader,Immediate ANZSRC broader research group
CF-320222,Radiology and organ imaging,search_phrase,Canonical ANZSRC field phrase
CF-320222,Clinical sciences,broader,Immediate ANZSRC broader research group
CF-320223,Rheumatology and arthritis,search_phrase,Canonical ANZSRC field phrase
CF-320223,Clinical sciences,broader,Immediate ANZSRC broader research group
CF-320224,Rural clinical health,search_phrase,Canonical ANZSRC field phrase
CF-320224,Clinical sciences,broader,Immediate ANZSRC broader research group
CF-320225,Sports medicine,search_phrase,Canonical ANZSRC field phrase
CF-320225,Clinical sciences,broader,Immediate ANZSRC broader research group
CF-320226,Surgery,search_phrase,Canonical ANZSRC field phrase
CF-320226,Clinical sciences,broader,Immediate ANZSRC broader research group
CF-320227,Venereology,search_phrase,Canonical ANZSRC field phrase
CF-320227,Clinical sciences,broader,Immediate ANZSRC broader research group
CF-320299,Clinical sciences not elsewhere classified,search_phrase,Canonical ANZSRC field phrase
CF-320299,Clinical sciences,broader,Immediate ANZSRC broader research group
CF-320301,Craniofacial biology,search_phrase,Canonical ANZSRC field phrase
CF-320301,Dentistry,broader,Immediate ANZSRC broader research group
CF-320302,Dental materials and equipment,search_phrase,Canonical ANZSRC field phrase
CF-320302,Dentistry,broader,Immediate ANZSRC broader research group
CF-320303,"Dental therapeutics, pharmacology and toxicology",search_phrase,Canonical ANZSRC field phrase
CF-320303,Dentistry,broader,Immediate ANZSRC broader research group
CF-320304,Endodontics,search_phrase,Canonical ANZSRC field phrase
CF-320304,Dentistry,broader,Immediate ANZSRC broader research group
CF-320305,Oral and maxillofacial surgery,search_phrase,Canonical ANZSRC field phrase
CF-320305,Dentistry,broader,Immediate ANZSRC broader research group
CF-320306,Oral implantology,search_phrase,Canonical ANZSRC field phrase
CF-320306,Dentistry,broader,Immediate ANZSRC broader research group
CF-320307,Oral medicine and pathology,search_phrase,Canonical ANZSRC field phrase
CF-320307,Dentistry,broader,Immediate ANZSRC broader research group
CF-320308,Orthodontics and dentofacial orthopaedics,search_phrase,Canonical ANZSRC field phrase
CF-320308,Dentistry,broader,Immediate ANZSRC broader research group
CF-320309,Paedodontics,search_phrase,Canonical ANZSRC field phrase
CF-320309,Dentistry,broader,Immediate ANZSRC broader research group
CF-320310,Periodontics,search_phrase,Canonical ANZSRC field phrase
CF-320310,Dentistry,broader,Immediate ANZSRC broader research group
CF-320311,Prosthodontics,search_phrase,Canonical ANZSRC field phrase
CF-320311,Dentistry,broader,Immediate ANZSRC broader research group
CF-320312,Special needs dentistry,search_phrase,Canonical ANZSRC field phrase
CF-320312,Dentistry,broader,Immediate ANZSRC broader research group
CF-320399,Dentistry not elsewhere classified,search_phrase,Canonical ANZSRC field phrase
CF-320399,Dentistry,broader,Immediate ANZSRC broader research group
CF-320401,Allergy,search_phrase,Canonical ANZSRC field phrase
CF-320401,Immunology,broader,Immediate ANZSRC broader research group
CF-320402,"Applied immunology (incl. antibody engineering, xenotransplantation and t-cell therapies)",search_phrase,Canonical ANZSRC field phrase
CF-320402,Immunology,broader,Immediate ANZSRC broader research group
CF-320403,Autoimmunity,search_phrase,Canonical ANZSRC field phrase
CF-320403,Immunology,broader,Immediate ANZSRC broader research group
CF-320404,Cellular immunology,search_phrase,Canonical ANZSRC field phrase
CF-320404,Immunology,broader,Immediate ANZSRC broader research group
CF-320405,Humoural immunology and immunochemistry,search_phrase,Canonical ANZSRC field phrase
CF-320405,Immunology,broader,Immediate ANZSRC broader research group
CF-320406,Immunogenetics (incl. genetic immunology),search_phrase,Canonical ANZSRC field phrase
CF-320406,Immunology,broader,Immediate ANZSRC broader research group
CF-320407,Innate immunity,search_phrase,Canonical ANZSRC field phrase
CF-320407,Immunology,broader,Immediate ANZSRC broader research group
CF-320408,Transplantation immunology,search_phrase,Canonical ANZSRC field phrase
CF-320408,Immunology,broader,Immediate ANZSRC broader research group
CF-320409,Tumour immunology,search_phrase,Canonical ANZSRC field phrase
CF-320409,Immunology,broader,Immediate ANZSRC broader research group
CF-320499,Immunology not elsewhere classified,search_phrase,Canonical ANZSRC field phrase
CF-320499,Immunology,broader,Immediate ANZSRC broader research group
CF-320501,Medical biochemistry - amino acids and metabolites,search_phrase,Canonical ANZSRC field phrase
CF-320501,Medical biochemistry and metabolomics,broader,Immediate ANZSRC broader research group
CF-320502,Medical biochemistry - carbohydrates,search_phrase,Canonical ANZSRC field phrase
CF-320502,Medical biochemistry and metabolomics,broader,Immediate ANZSRC broader research group
CF-320503,Medical biochemistry - inorganic elements and compounds,search_phrase,Canonical ANZSRC field phrase
CF-320503,Medical biochemistry and metabolomics,broader,Immediate ANZSRC broader research group
CF-320504,Medical biochemistry - lipids,search_phrase,Canonical ANZSRC field phrase
CF-320504,Medical biochemistry and metabolomics,broader,Immediate ANZSRC broader research group
CF-320505,Medical biochemistry - nucleic acids,search_phrase,Canonical ANZSRC field phrase
CF-320505,Medical biochemistry and metabolomics,broader,Immediate ANZSRC broader research group
CF-320506,Medical biochemistry - proteins and peptides (incl. medical proteomics),search_phrase,Canonical ANZSRC field phrase
CF-320506,Medical biochemistry and metabolomics,broader,Immediate ANZSRC broader research group
CF-320507,Metabolic medicine,search_phrase,Canonical ANZSRC field phrase
CF-320507,Medical biochemistry and metabolomics,broader,Immediate ANZSRC broader research group
CF-320599,Medical biochemistry and metabolomics not elsewhere classified,search_phrase,Canonical ANZSRC field phrase
CF-320599,Medical biochemistry and metabolomics,broader,Immediate ANZSRC broader research group
CF-320601,Gene and molecular therapy,search_phrase,Canonical ANZSRC field phrase
CF-320601,Medical biotechnology,broader,Immediate ANZSRC broader research group
CF-320602,Medical biotechnology diagnostics (incl. biosensors),search_phrase,Canonical ANZSRC field phrase
CF-320602,Medical biotechnology,broader,Immediate ANZSRC broader research group
CF-320603,Medical molecular engineering of nucleic acids and proteins,search_phrase,Canonical ANZSRC field phrase
CF-320603,Medical biotechnology,broader,Immediate ANZSRC broader research group
CF-320604,Nanomedicine,search_phrase,Canonical ANZSRC field phrase
CF-320604,Medical biotechnology,broader,Immediate ANZSRC broader research group
CF-320605,"Nanotoxicology, health and safety",search_phrase,Canonical ANZSRC field phrase
CF-320605,Medical biotechnology,broader,Immediate ANZSRC broader research group
CF-320606,Regenerative medicine (incl. stem cells),search_phrase,Canonical ANZSRC field phrase
CF-320606,Medical biotechnology,broader,Immediate ANZSRC broader research group
CF-320699,Medical biotechnology not elsewhere classified,search_phrase,Canonical ANZSRC field phrase
CF-320699,Medical biotechnology,broader,Immediate ANZSRC broader research group
CF-320701,Medical bacteriology,search_phrase,Canonical ANZSRC field phrase
CF-320701,Medical microbiology,broader,Immediate ANZSRC broader research group
CF-320702,Medical infection agents (incl. prions),search_phrase,Canonical ANZSRC field phrase
CF-320702,Medical microbiology,broader,Immediate ANZSRC broader research group
CF-320703,Medical mycology,search_phrase,Canonical ANZSRC field phrase
CF-320703,Medical microbiology,broader,Immediate ANZSRC broader research group
CF-320704,Medical parasitology,search_phrase,Canonical ANZSRC field phrase
CF-320704,Medical microbiology,broader,Immediate ANZSRC broader research group
CF-320705,Medical virology,search_phrase,Canonical ANZSRC field phrase
CF-320705,Medical microbiology,broader,Immediate ANZSRC broader research group
CF-320799,Medical microbiology not elsewhere classified,search_phrase,Canonical ANZSRC field phrase
CF-320799,Medical microbiology,broader,Immediate ANZSRC broader research group
CF-320801,Cell physiology,search_phrase,Canonical ANZSRC field phrase
CF-320801,Medical physiology,broader,Immediate ANZSRC broader research group
CF-320802,Human biophysics,search_phrase,Canonical ANZSRC field phrase
CF-320802,Medical physiology,broader,Immediate ANZSRC broader research group
CF-320803,Systems physiology,search_phrase,Canonical ANZSRC field phrase
CF-320803,Medical physiology,broader,Immediate ANZSRC broader research group
CF-320899,Medical physiology not elsewhere classified,search_phrase,Canonical ANZSRC field phrase
CF-320899,Medical physiology,broader,Immediate ANZSRC broader research group
CF-320901,Autonomic nervous system,search_phrase,Canonical ANZSRC field phrase
CF-320901,Neurosciences,broader,Immediate ANZSRC broader research group
CF-320902,Cellular nervous system,search_phrase,Canonical ANZSRC field phrase
CF-320902,Neurosciences,broader,Immediate ANZSRC broader research group
CF-320903,Central nervous system,search_phrase,Canonical ANZSRC field phrase
CF-320903,Neurosciences,broader,Immediate ANZSRC broader research group
CF-320904,Computational neuroscience (incl. mathematical neuroscience and theoretical neuroscience),search_phrase,Canonical ANZSRC field phrase
CF-320904,Neurosciences,broader,Immediate ANZSRC broader research group
CF-320905,Neurology and neuromuscular diseases,search_phrase,Canonical ANZSRC field phrase
CF-320905,Neurosciences,broader,Immediate ANZSRC broader research group
CF-320906,Peripheral nervous system,search_phrase,Canonical ANZSRC field phrase
CF-320906,Neurosciences,broader,Immediate ANZSRC broader research group
CF-320907,Sensory systems,search_phrase,Canonical ANZSRC field phrase
CF-320907,Neurosciences,broader,Immediate ANZSRC broader research group
CF-320999,Neurosciences not elsewhere classified,search_phrase,Canonical ANZSRC field phrase
CF-320999,Neurosciences,broader,Immediate ANZSRC broader research group
CF-321001,Clinical nutrition,search_phrase,Canonical ANZSRC field phrase
CF-321001,Nutrition and dietetics,broader,Immediate ANZSRC broader research group
CF-321002,Food properties (incl. characteristics and health benefits),search_phrase,Canonical ANZSRC field phrase
CF-321002,Nutrition and dietetics,broader,Immediate ANZSRC broader research group
CF-321003,Nutrigenomics and personalised nutrition,search_phrase,Canonical ANZSRC field phrase
CF-321003,Nutrition and dietetics,broader,Immediate ANZSRC broader research group
CF-321004,Nutritional science,search_phrase,Canonical ANZSRC field phrase
CF-321004,Nutrition and dietetics,broader,Immediate ANZSRC broader research group
CF-321005,Public health nutrition,search_phrase,Canonical ANZSRC field phrase
CF-321005,Nutrition and dietetics,broader,Immediate ANZSRC broader research group
CF-321006,Sport and exercise nutrition,search_phrase,Canonical ANZSRC field phrase
CF-321006,Nutrition and dietetics,broader,Immediate ANZSRC broader research group
CF-321099,Nutrition and dietetics not elsewhere classified,search_phrase,Canonical ANZSRC field phrase
CF-321099,Nutrition and dietetics,broader,Immediate ANZSRC broader research group
CF-321101,Cancer cell biology,search_phrase,Canonical ANZSRC field phrase
CF-321101,Oncology and carcinogenesis,broader,Immediate ANZSRC broader research group
CF-321102,Cancer diagnosis,search_phrase,Canonical ANZSRC field phrase
CF-321102,Oncology and carcinogenesis,broader,Immediate ANZSRC broader research group
CF-321103,Cancer genetics,search_phrase,Canonical ANZSRC field phrase
CF-321103,Oncology and carcinogenesis,broader,Immediate ANZSRC broader research group
CF-321104,Cancer therapy (excl. chemotherapy and radiation therapy),search_phrase,Canonical ANZSRC field phrase
CF-321104,Oncology and carcinogenesis,broader,Immediate ANZSRC broader research group
CF-321105,Chemotherapy,search_phrase,Canonical ANZSRC field phrase
CF-321105,Oncology and carcinogenesis,broader,Immediate ANZSRC broader research group
CF-321106,Haematological tumours,search_phrase,Canonical ANZSRC field phrase
CF-321106,Oncology and carcinogenesis,broader,Immediate ANZSRC broader research group
CF-321107,Liquid biopsies,search_phrase,Canonical ANZSRC field phrase
CF-321107,Oncology and carcinogenesis,broader,Immediate ANZSRC broader research group
CF-321108,Molecular targets,search_phrase,Canonical ANZSRC field phrase
CF-321108,Oncology and carcinogenesis,broader,Immediate ANZSRC broader research group
CF-321109,Predictive and prognostic markers,search_phrase,Canonical ANZSRC field phrase
CF-321109,Oncology and carcinogenesis,broader,Immediate ANZSRC broader research group
CF-321110,Radiation therapy,search_phrase,Canonical ANZSRC field phrase
CF-321110,Oncology and carcinogenesis,broader,Immediate ANZSRC broader research group
CF-321111,Solid tumours,search_phrase,Canonical ANZSRC field phrase
CF-321111,Oncology and carcinogenesis,broader,Immediate ANZSRC broader research group
CF-321199,Oncology and carcinogenesis not elsewhere classified,search_phrase,Canonical ANZSRC field phrase
CF-321199,Oncology and carcinogenesis,broader,Immediate ANZSRC broader research group
CF-321201,Ophthalmology,search_phrase,Canonical ANZSRC field phrase
CF-321201,Ophthalmology and optometry,broader,Immediate ANZSRC broader research group
CF-321202,Optical technology,search_phrase,Canonical ANZSRC field phrase
CF-321202,Ophthalmology and optometry,broader,Immediate ANZSRC broader research group
CF-321203,Optometry,search_phrase,Canonical ANZSRC field phrase
CF-321203,Ophthalmology and optometry,broader,Immediate ANZSRC broader research group
CF-321204,Vision science,search_phrase,Canonical ANZSRC field phrase
CF-321204,Ophthalmology and optometry,broader,Immediate ANZSRC broader research group
CF-321299,Ophthalmology and optometry not elsewhere classified,search_phrase,Canonical ANZSRC field phrase
CF-321299,Ophthalmology and optometry,broader,Immediate ANZSRC broader research group
CF-321301,Adolescent health,search_phrase,Canonical ANZSRC field phrase
CF-321301,Paediatrics,broader,Immediate ANZSRC broader research group
CF-321302,Infant and child health,search_phrase,Canonical ANZSRC field phrase
CF-321302,Paediatrics,broader,Immediate ANZSRC broader research group
CF-321303,Neonatology,search_phrase,Canonical ANZSRC field phrase
CF-321303,Paediatrics,broader,Immediate ANZSRC broader research group
CF-321399,Paediatrics not elsewhere classified,search_phrase,Canonical ANZSRC field phrase
CF-321399,Paediatrics,broader,Immediate ANZSRC broader research group
CF-321401,Basic pharmacology,search_phrase,Canonical ANZSRC field phrase
CF-321401,Pharmacology and pharmaceutical sciences,broader,Immediate ANZSRC broader research group
CF-321402,Clinical pharmacology and therapeutics,search_phrase,Canonical ANZSRC field phrase
CF-321402,Pharmacology and pharmaceutical sciences,broader,Immediate ANZSRC broader research group
CF-321403,Clinical pharmacy and pharmacy practice,search_phrase,Canonical ANZSRC field phrase
CF-321403,Pharmacology and pharmaceutical sciences,broader,Immediate ANZSRC broader research group
CF-321404,Pharmaceutical delivery technologies,search_phrase,Canonical ANZSRC field phrase
CF-321404,Pharmacology and pharmaceutical sciences,broader,Immediate ANZSRC broader research group
CF-321405,Pharmaceutical sciences,search_phrase,Canonical ANZSRC field phrase
CF-321405,Pharmacology and pharmaceutical sciences,broader,Immediate ANZSRC broader research group
CF-321406,Pharmacogenomics,search_phrase,Canonical ANZSRC field phrase
CF-321406,Pharmacology and pharmaceutical sciences,broader,Immediate ANZSRC broader research group
CF-321407,Toxicology (incl. clinical toxicology),search_phrase,Canonical ANZSRC field phrase
CF-321407,Pharmacology and pharmaceutical sciences,broader,Immediate ANZSRC broader research group
CF-321499,Pharmacology and pharmaceutical sciences not elsewhere classified,search_phrase,Canonical ANZSRC field phrase
CF-321499,Pharmacology and pharmaceutical sciences,broader,Immediate ANZSRC broader research group
CF-321501,Foetal development and medicine,search_phrase,Canonical ANZSRC field phrase
CF-321501,Reproductive medicine,broader,Immediate ANZSRC broader research group
CF-321502,Obstetrics and gynaecology,search_phrase,Canonical ANZSRC field phrase
CF-321502,Reproductive medicine,broader,Immediate ANZSRC broader research group
CF-321503,Reproduction,search_phrase,Canonical ANZSRC field phrase
CF-321503,Reproductive medicine,broader,Immediate ANZSRC broader research group
CF-321599,Reproductive medicine not elsewhere classified,search_phrase,Canonical ANZSRC field phrase
CF-321599,Reproductive medicine,broader,Immediate ANZSRC broader research group
CF-329999,Other biomedical and clinical sciences not elsewhere classified,search_phrase,Canonical ANZSRC field phrase
CF-329999,Other biomedical and clinical sciences,broader,Immediate ANZSRC broader research group
CF-330101,Architectural computing and visualisation methods,search_phrase,Canonical ANZSRC field phrase
CF-330101,Architecture,broader,Immediate ANZSRC broader research group
CF-330102,Architectural design,search_phrase,Canonical ANZSRC field phrase
CF-330102,Architecture,broader,Immediate ANZSRC broader research group
CF-330103,Architectural heritage and conservation,search_phrase,Canonical ANZSRC field phrase
CF-330103,Architecture,broader,Immediate ANZSRC broader research group
CF-330104,"Architectural history, theory and criticism",search_phrase,Canonical ANZSRC field phrase
CF-330104,Architecture,broader,Immediate ANZSRC broader research group
CF-330105,Architectural science and technology,search_phrase,Canonical ANZSRC field phrase
CF-330105,Architecture,broader,Immediate ANZSRC broader research group
CF-330106,Architecture for disaster relief,search_phrase,Canonical ANZSRC field phrase
CF-330106,Architecture,broader,Immediate ANZSRC broader research group
CF-330107,Architecture management,search_phrase,Canonical ANZSRC field phrase
CF-330107,Architecture,broader,Immediate ANZSRC broader research group
CF-330108,Interior design,search_phrase,Canonical ANZSRC field phrase
CF-330108,Architecture,broader,Immediate ANZSRC broader research group
CF-330109,Landscape architecture,search_phrase,Canonical ANZSRC field phrase
CF-330109,Architecture,broader,Immediate ANZSRC broader research group
CF-330110,Sustainable architecture,search_phrase,Canonical ANZSRC field phrase
CF-330110,Architecture,broader,Immediate ANZSRC broader research group
CF-330199,Architecture not elsewhere classified,search_phrase,Canonical ANZSRC field phrase
CF-330199,Architecture,broader,Immediate ANZSRC broader research group
CF-330201,Automation and technology in building and construction,search_phrase,Canonical ANZSRC field phrase
CF-330201,Building,broader,Immediate ANZSRC broader research group
CF-330202,Building construction management and project planning,search_phrase,Canonical ANZSRC field phrase
CF-330202,Building,broader,Immediate ANZSRC broader research group
CF-330203,Building industry studies,search_phrase,Canonical ANZSRC field phrase
CF-330203,Building,broader,Immediate ANZSRC broader research group
CF-330204,Building information modelling and management,search_phrase,Canonical ANZSRC field phrase
CF-330204,Building,broader,Immediate ANZSRC broader research group
CF-330205,Building organisational studies,search_phrase,Canonical ANZSRC field phrase
CF-330205,Building,broader,Immediate ANZSRC broader research group
CF-330206,"Building science, technologies and systems",search_phrase,Canonical ANZSRC field phrase
CF-330206,Building,broader,Immediate ANZSRC broader research group
CF-330207,Quantity surveying,search_phrase,Canonical ANZSRC field phrase
CF-330207,Building,broader,Immediate ANZSRC broader research group
CF-330299,Building not elsewhere classified,search_phrase,Canonical ANZSRC field phrase
CF-330299,Building,broader,Immediate ANZSRC broader research group
CF-330301,Data visualisation and computational (incl. parametric and generative) design,search_phrase,Canonical ANZSRC field phrase
CF-330301,Design,broader,Immediate ANZSRC broader research group
CF-330302,Design anthropology,search_phrase,Canonical ANZSRC field phrase
CF-330302,Design,broader,Immediate ANZSRC broader research group
CF-330303,Design for disaster relief,search_phrase,Canonical ANZSRC field phrase
CF-330303,Design,broader,Immediate ANZSRC broader research group
CF-330304,"Design history, theory and criticism",search_phrase,Canonical ANZSRC field phrase
CF-330304,Design,broader,Immediate ANZSRC broader research group
CF-330305,Design management,search_phrase,Canonical ANZSRC field phrase
CF-330305,Design,broader,Immediate ANZSRC broader research group
CF-330306,Design practice and methods,search_phrase,Canonical ANZSRC field phrase
CF-330306,Design,broader,Immediate ANZSRC broader research group
CF-330307,Ergonomics design,search_phrase,Canonical ANZSRC field phrase
CF-330307,Design,broader,Immediate ANZSRC broader research group
CF-330308,Fire safety design,search_phrase,Canonical ANZSRC field phrase
CF-330308,Design,broader,Immediate ANZSRC broader research group
CF-330309,Industrial and product design,search_phrase,Canonical ANZSRC field phrase
CF-330309,Design,broader,Immediate ANZSRC broader research group
CF-330310,Interaction and experience design,search_phrase,Canonical ANZSRC field phrase
CF-330310,Design,broader,Immediate ANZSRC broader research group
CF-330311,Models and simulations of design,search_phrase,Canonical ANZSRC field phrase
CF-330311,Design,broader,Immediate ANZSRC broader research group
CF-330312,Service design,search_phrase,Canonical ANZSRC field phrase
CF-330312,Design,broader,Immediate ANZSRC broader research group
CF-330313,Social design,search_phrase,Canonical ANZSRC field phrase
CF-330313,Design,broader,Immediate ANZSRC broader research group
CF-330314,Sustainable design,search_phrase,Canonical ANZSRC field phrase
CF-330314,Design,broader,Immediate ANZSRC broader research group
CF-330315,Textile and fashion design,search_phrase,Canonical ANZSRC field phrase
CF-330315,Design,broader,Immediate ANZSRC broader research group
CF-330316,Visual communication design (incl. graphic design),search_phrase,Canonical ANZSRC field phrase
CF-330316,Design,broader,Immediate ANZSRC broader research group
CF-330399,Design not elsewhere classified,search_phrase,Canonical ANZSRC field phrase
CF-330399,Design,broader,Immediate ANZSRC broader research group
CF-330401,Community planning,search_phrase,Canonical ANZSRC field phrase
CF-330401,Urban and regional planning,broader,Immediate ANZSRC broader research group
CF-330402,History and theory of the built environment (excl. architecture),search_phrase,Canonical ANZSRC field phrase
CF-330402,Urban and regional planning,broader,Immediate ANZSRC broader research group
CF-330403,"Housing markets, development and management",search_phrase,Canonical ANZSRC field phrase
CF-330403,Urban and regional planning,broader,Immediate ANZSRC broader research group
CF-330404,Land use and environmental planning,search_phrase,Canonical ANZSRC field phrase
CF-330404,Urban and regional planning,broader,Immediate ANZSRC broader research group
CF-330405,Public participation and community engagement,search_phrase,Canonical ANZSRC field phrase
CF-330405,Urban and regional planning,broader,Immediate ANZSRC broader research group
CF-330406,Regional analysis and development,search_phrase,Canonical ANZSRC field phrase
CF-330406,Urban and regional planning,broader,Immediate ANZSRC broader research group
CF-330407,Regulatory planning and development assessment,search_phrase,Canonical ANZSRC field phrase
CF-330407,Urban and regional planning,broader,Immediate ANZSRC broader research group
CF-330408,"Strategic, metropolitan and regional planning",search_phrase,Canonical ANZSRC field phrase
CF-330408,Urban and regional planning,broader,Immediate ANZSRC broader research group
CF-330409,Transport planning,search_phrase,Canonical ANZSRC field phrase
CF-330409,Urban and regional planning,broader,Immediate ANZSRC broader research group
CF-330410,Urban analysis and development,search_phrase,Canonical ANZSRC field phrase
CF-330410,Urban and regional planning,broader,Immediate ANZSRC broader research group
CF-330411,Urban design,search_phrase,Canonical ANZSRC field phrase
CF-330411,Urban and regional planning,broader,Immediate ANZSRC broader research group
CF-330412,Urban informatics,search_phrase,Canonical ANZSRC field phrase
CF-330412,Urban and regional planning,broader,Immediate ANZSRC broader research group
CF-330413,Urban planning and health,search_phrase,Canonical ANZSRC field phrase
CF-330413,Urban and regional planning,broader,Immediate ANZSRC broader research group
CF-330499,Urban and regional planning not elsewhere classified,search_phrase,Canonical ANZSRC field phrase
CF-330499,Urban and regional planning,broader,Immediate ANZSRC broader research group
CF-339999,Other built environment and design not elsewhere classified,search_phrase,Canonical ANZSRC field phrase
CF-339999,Other built environment and design,broader,Immediate ANZSRC broader research group
CF-340101,Analytical spectrometry,search_phrase,Canonical ANZSRC field phrase
CF-340101,Analytical chemistry,broader,Immediate ANZSRC broader research group
CF-340102,Bioassays,search_phrase,Canonical ANZSRC field phrase
CF-340102,Analytical chemistry,broader,Immediate ANZSRC broader research group
CF-340103,Electroanalytical chemistry,search_phrase,Canonical ANZSRC field phrase
CF-340103,Analytical chemistry,broader,Immediate ANZSRC broader research group
CF-340104,Flow analysis,search_phrase,Canonical ANZSRC field phrase
CF-340104,Analytical chemistry,broader,Immediate ANZSRC broader research group
CF-340105,Instrumental methods (excl. immunological and bioassay methods),search_phrase,Canonical ANZSRC field phrase
CF-340105,Analytical chemistry,broader,Immediate ANZSRC broader research group
CF-340106,Metabolomic chemistry,search_phrase,Canonical ANZSRC field phrase
CF-340106,Analytical chemistry,broader,Immediate ANZSRC broader research group
CF-340107,"Quality assurance, chemometrics, traceability and metrological chemistry",search_phrase,Canonical ANZSRC field phrase
CF-340107,Analytical chemistry,broader,Immediate ANZSRC broader research group
CF-340108,Sensor technology (incl. chemical aspects),search_phrase,Canonical ANZSRC field phrase
CF-340108,Analytical chemistry,broader,Immediate ANZSRC broader research group
CF-340109,Separation science,search_phrase,Canonical ANZSRC field phrase
CF-340109,Analytical chemistry,broader,Immediate ANZSRC broader research group
CF-340199,Analytical chemistry not elsewhere classified,search_phrase,Canonical ANZSRC field phrase
CF-340199,Analytical chemistry,broader,Immediate ANZSRC broader research group
CF-340201,Bioinorganic chemistry,search_phrase,Canonical ANZSRC field phrase
CF-340201,Inorganic chemistry,broader,Immediate ANZSRC broader research group
CF-340202,Crystallography,search_phrase,Canonical ANZSRC field phrase
CF-340202,Inorganic chemistry,broader,Immediate ANZSRC broader research group
CF-340203,F-block chemistry,search_phrase,Canonical ANZSRC field phrase
CF-340203,Inorganic chemistry,broader,Immediate ANZSRC broader research group
CF-340204,Inorganic green chemistry,search_phrase,Canonical ANZSRC field phrase
CF-340204,Inorganic chemistry,broader,Immediate ANZSRC broader research group
CF-340205,Main group metal chemistry,search_phrase,Canonical ANZSRC field phrase
CF-340205,Inorganic chemistry,broader,Immediate ANZSRC broader research group
CF-340206,Metal cluster chemistry,search_phrase,Canonical ANZSRC field phrase
CF-340206,Inorganic chemistry,broader,Immediate ANZSRC broader research group
CF-340207,Metal organic frameworks,search_phrase,Canonical ANZSRC field phrase
CF-340207,Inorganic chemistry,broader,Immediate ANZSRC broader research group
CF-340208,Non-metal chemistry,search_phrase,Canonical ANZSRC field phrase
CF-340208,Inorganic chemistry,broader,Immediate ANZSRC broader research group
CF-340209,Organometallic chemistry,search_phrase,Canonical ANZSRC field phrase
CF-340209,Inorganic chemistry,broader,Immediate ANZSRC broader research group
CF-340210,Solid state chemistry,search_phrase,Canonical ANZSRC field phrase
CF-340210,Inorganic chemistry,broader,Immediate ANZSRC broader research group
CF-340211,Transition metal chemistry,search_phrase,Canonical ANZSRC field phrase
CF-340211,Inorganic chemistry,broader,Immediate ANZSRC broader research group
CF-340299,Inorganic chemistry not elsewhere classified,search_phrase,Canonical ANZSRC field phrase
CF-340299,Inorganic chemistry,broader,Immediate ANZSRC broader research group
CF-340301,Inorganic materials (incl. nanomaterials),search_phrase,Canonical ANZSRC field phrase
CF-340301,Macromolecular and materials chemistry,broader,Immediate ANZSRC broader research group
CF-340302,Macromolecular materials,search_phrase,Canonical ANZSRC field phrase
CF-340302,Macromolecular and materials chemistry,broader,Immediate ANZSRC broader research group
CF-340303,Nanochemistry,search_phrase,Canonical ANZSRC field phrase
CF-340303,Macromolecular and materials chemistry,broader,Immediate ANZSRC broader research group
CF-340304,Optical properties of materials,search_phrase,Canonical ANZSRC field phrase
CF-340304,Macromolecular and materials chemistry,broader,Immediate ANZSRC broader research group
CF-340305,Physical properties of materials,search_phrase,Canonical ANZSRC field phrase
CF-340305,Macromolecular and materials chemistry,broader,Immediate ANZSRC broader research group
CF-340306,Polymerisation mechanisms,search_phrase,Canonical ANZSRC field phrase
CF-340306,Macromolecular and materials chemistry,broader,Immediate ANZSRC broader research group
CF-340307,Structure and dynamics of materials,search_phrase,Canonical ANZSRC field phrase
CF-340307,Macromolecular and materials chemistry,broader,Immediate ANZSRC broader research group
CF-340308,Supramolecular chemistry,search_phrase,Canonical ANZSRC field phrase
CF-340308,Macromolecular and materials chemistry,broader,Immediate ANZSRC broader research group
CF-340309,Theory and design of materials,search_phrase,Canonical ANZSRC field phrase
CF-340309,Macromolecular and materials chemistry,broader,Immediate ANZSRC broader research group
CF-340399,Macromolecular and materials chemistry not elsewhere classified,search_phrase,Canonical ANZSRC field phrase
CF-340399,Macromolecular and materials chemistry,broader,Immediate ANZSRC broader research group
CF-340401,Biologically active molecules,search_phrase,Canonical ANZSRC field phrase
CF-340401,Medicinal and biomolecular chemistry,broader,Immediate ANZSRC broader research group
CF-340402,Biomolecular modelling and design,search_phrase,Canonical ANZSRC field phrase
CF-340402,Medicinal and biomolecular chemistry,broader,Immediate ANZSRC broader research group
CF-340403,Characterisation of biological macromolecules,search_phrase,Canonical ANZSRC field phrase
CF-340403,Medicinal and biomolecular chemistry,broader,Immediate ANZSRC broader research group
CF-340404,Cheminformatics and quantitative structure-activity relationships,search_phrase,Canonical ANZSRC field phrase
CF-340404,Medicinal and biomolecular chemistry,broader,Immediate ANZSRC broader research group
CF-340405,Glycoconjugates,search_phrase,Canonical ANZSRC field phrase
CF-340405,Medicinal and biomolecular chemistry,broader,Immediate ANZSRC broader research group
CF-340406,Molecular medicine,search_phrase,Canonical ANZSRC field phrase
CF-340406,Medicinal and biomolecular chemistry,broader,Immediate ANZSRC broader research group
CF-340407,Proteins and peptides,search_phrase,Canonical ANZSRC field phrase
CF-340407,Medicinal and biomolecular chemistry,broader,Immediate ANZSRC broader research group
CF-340499,Medicinal and biomolecular chemistry not elsewhere classified,search_phrase,Canonical ANZSRC field phrase
CF-340499,Medicinal and biomolecular chemistry,broader,Immediate ANZSRC broader research group
CF-340501,Free radical chemistry,search_phrase,Canonical ANZSRC field phrase
CF-340501,Organic chemistry,broader,Immediate ANZSRC broader research group
CF-340502,Natural products and bioactive compounds,search_phrase,Canonical ANZSRC field phrase
CF-340502,Organic chemistry,broader,Immediate ANZSRC broader research group
CF-340503,Organic chemical synthesis,search_phrase,Canonical ANZSRC field phrase
CF-340503,Organic chemistry,broader,Immediate ANZSRC broader research group
CF-340504,Organic green chemistry,search_phrase,Canonical ANZSRC field phrase
CF-340504,Organic chemistry,broader,Immediate ANZSRC broader research group
CF-340505,Physical organic chemistry,search_phrase,Canonical ANZSRC field phrase
CF-340505,Organic chemistry,broader,Immediate ANZSRC broader research group
CF-340599,Organic chemistry not elsewhere classified,search_phrase,Canonical ANZSRC field phrase
CF-340599,Organic chemistry,broader,Immediate ANZSRC broader research group
CF-340601,Catalysis and mechanisms of reactions,search_phrase,Canonical ANZSRC field phrase
CF-340601,Physical chemistry,broader,Immediate ANZSRC broader research group
CF-340602,Chemical thermodynamics and energetics,search_phrase,Canonical ANZSRC field phrase
CF-340602,Physical chemistry,broader,Immediate ANZSRC broader research group
CF-340603,Colloid and surface chemistry,search_phrase,Canonical ANZSRC field phrase
CF-340603,Physical chemistry,broader,Immediate ANZSRC broader research group
CF-340604,Electrochemistry,search_phrase,Canonical ANZSRC field phrase
CF-340604,Physical chemistry,broader,Immediate ANZSRC broader research group
CF-340605,Molecular imaging (incl. electron microscopy and neutron diffraction),search_phrase,Canonical ANZSRC field phrase
CF-340605,Physical chemistry,broader,Immediate ANZSRC broader research group
CF-340606,Photochemistry,search_phrase,Canonical ANZSRC field phrase
CF-340606,Physical chemistry,broader,Immediate ANZSRC broader research group
CF-340607,Reaction kinetics and dynamics,search_phrase,Canonical ANZSRC field phrase
CF-340607,Physical chemistry,broader,Immediate ANZSRC broader research group
CF-340608,Solution chemistry,search_phrase,Canonical ANZSRC field phrase
CF-340608,Physical chemistry,broader,Immediate ANZSRC broader research group
CF-340609,Transport properties and non-equilibrium processes,search_phrase,Canonical ANZSRC field phrase
CF-340609,Physical chemistry,broader,Immediate ANZSRC broader research group
CF-340699,Physical chemistry not elsewhere classified,search_phrase,Canonical ANZSRC field phrase
CF-340699,Physical chemistry,broader,Immediate ANZSRC broader research group
CF-340701,Computational chemistry,search_phrase,Canonical ANZSRC field phrase
CF-340701,Theoretical and computational chemistry,broader,Immediate ANZSRC broader research group
CF-340702,Radiation and matter,search_phrase,Canonical ANZSRC field phrase
CF-340702,Theoretical and computational chemistry,broader,Immediate ANZSRC broader research group
CF-340703,Statistical mechanics in chemistry,search_phrase,Canonical ANZSRC field phrase
CF-340703,Theoretical and computational chemistry,broader,Immediate ANZSRC broader research group
CF-340704,Theoretical quantum chemistry,search_phrase,Canonical ANZSRC field phrase
CF-340704,Theoretical and computational chemistry,broader,Immediate ANZSRC broader research group
CF-340799,Theoretical and computational chemistry not elsewhere classified,search_phrase,Canonical ANZSRC field phrase
CF-340799,Theoretical and computational chemistry,broader,Immediate ANZSRC broader research group
CF-349901,Forensic chemistry,search_phrase,Canonical ANZSRC field phrase
CF-349901,Other chemical sciences,broader,Immediate ANZSRC broader research group
CF-349999,Other chemical sciences not elsewhere classified,search_phrase,Canonical ANZSRC field phrase
CF-349999,Other chemical sciences,broader,Immediate ANZSRC broader research group
CF-350101,Accounting theory and standards,search_phrase,Canonical ANZSRC field phrase
CF-350101,"Accounting, auditing and accountability",broader,Immediate ANZSRC broader research group
CF-350102,Auditing and accountability,search_phrase,Canonical ANZSRC field phrase
CF-350102,"Accounting, auditing and accountability",broader,Immediate ANZSRC broader research group
CF-350103,Financial accounting,search_phrase,Canonical ANZSRC field phrase
CF-350103,"Accounting, auditing and accountability",broader,Immediate ANZSRC broader research group
CF-350104,International accounting,search_phrase,Canonical ANZSRC field phrase
CF-350104,"Accounting, auditing and accountability",broader,Immediate ANZSRC broader research group
CF-350105,Management accounting,search_phrase,Canonical ANZSRC field phrase
CF-350105,"Accounting, auditing and accountability",broader,Immediate ANZSRC broader research group
CF-350106,Not-for-profit accounting and accountability,search_phrase,Canonical ANZSRC field phrase
CF-350106,"Accounting, auditing and accountability",broader,Immediate ANZSRC broader research group
CF-350107,Sustainability accounting and reporting,search_phrase,Canonical ANZSRC field phrase
CF-350107,"Accounting, auditing and accountability",broader,Immediate ANZSRC broader research group
CF-350108,Taxation accounting,search_phrase,Canonical ANZSRC field phrase
CF-350108,"Accounting, auditing and accountability",broader,Immediate ANZSRC broader research group
CF-350199,"Accounting, auditing and accountability not elsewhere classified",search_phrase,Canonical ANZSRC field phrase
CF-350199,"Accounting, auditing and accountability",broader,Immediate ANZSRC broader research group
CF-350201,Environment and climate finance,search_phrase,Canonical ANZSRC field phrase
CF-350201,"Banking, finance and investment",broader,Immediate ANZSRC broader research group
CF-350202,Finance,search_phrase,Canonical ANZSRC field phrase
CF-350202,"Banking, finance and investment",broader,Immediate ANZSRC broader research group
CF-350203,Financial econometrics,search_phrase,Canonical ANZSRC field phrase
CF-350203,"Banking, finance and investment",broader,Immediate ANZSRC broader research group
CF-350204,Financial institutions (incl. banking),search_phrase,Canonical ANZSRC field phrase
CF-350204,"Banking, finance and investment",broader,Immediate ANZSRC broader research group
CF-350205,Household finance and financial literacy,search_phrase,Canonical ANZSRC field phrase
CF-350205,"Banking, finance and investment",broader,Immediate ANZSRC broader research group
CF-350206,Insurance studies,search_phrase,Canonical ANZSRC field phrase
CF-350206,"Banking, finance and investment",broader,Immediate ANZSRC broader research group
CF-350207,International finance,search_phrase,Canonical ANZSRC field phrase
CF-350207,"Banking, finance and investment",broader,Immediate ANZSRC broader research group
CF-350208,Investment and risk management,search_phrase,Canonical ANZSRC field phrase
CF-350208,"Banking, finance and investment",broader,Immediate ANZSRC broader research group
CF-350209,Not-for-profit finance and risk,search_phrase,Canonical ANZSRC field phrase
CF-350209,"Banking, finance and investment",broader,Immediate ANZSRC broader research group
CF-350299,"Banking, finance and investment not elsewhere classified",search_phrase,Canonical ANZSRC field phrase
CF-350299,"Banking, finance and investment",broader,Immediate ANZSRC broader research group
CF-350301,Business analytics,search_phrase,Canonical ANZSRC field phrase
CF-350301,Business systems in context,broader,Immediate ANZSRC broader research group
CF-350302,"Business information management (incl. records, knowledge and intelligence)",search_phrase,Canonical ANZSRC field phrase
CF-350302,Business systems in context,broader,Immediate ANZSRC broader research group
CF-350303,Business information systems,search_phrase,Canonical ANZSRC field phrase
CF-350303,Business systems in context,broader,Immediate ANZSRC broader research group
CF-350304,Business systems in context,search_phrase,Canonical ANZSRC field phrase
CF-350304,Business systems in context,broader,Immediate ANZSRC broader research group
CF-350305,Forensic intelligence,search_phrase,Canonical ANZSRC field phrase
CF-350305,Business systems in context,broader,Immediate ANZSRC broader research group
CF-350306,Forensic science and management,search_phrase,Canonical ANZSRC field phrase
CF-350306,Business systems in context,broader,Immediate ANZSRC broader research group
CF-350307,Technology management,search_phrase,Canonical ANZSRC field phrase
CF-350307,Business systems in context,broader,Immediate ANZSRC broader research group
CF-350399,Business systems in context not elsewhere classified,search_phrase,Canonical ANZSRC field phrase
CF-350399,Business systems in context,broader,Immediate ANZSRC broader research group
CF-350401,Food and hospitality services,search_phrase,Canonical ANZSRC field phrase
CF-350401,Commercial services,broader,Immediate ANZSRC broader research group
CF-350402,Hospitality management,search_phrase,Canonical ANZSRC field phrase
CF-350402,Commercial services,broader,Immediate ANZSRC broader research group
CF-350403,Real estate and valuation services,search_phrase,Canonical ANZSRC field phrase
CF-350403,Commercial services,broader,Immediate ANZSRC broader research group
CF-350404,Retail,search_phrase,Canonical ANZSRC field phrase
CF-350404,Commercial services,broader,Immediate ANZSRC broader research group
CF-350405,Sport and leisure management,search_phrase,Canonical ANZSRC field phrase
CF-350405,Commercial services,broader,Immediate ANZSRC broader research group
CF-350499,Commercial services not elsewhere classified,search_phrase,Canonical ANZSRC field phrase
CF-350499,Commercial services,broader,Immediate ANZSRC broader research group
CF-350501,Business and labour history,search_phrase,Canonical ANZSRC field phrase
CF-350501,Human resources and industrial relations,broader,Immediate ANZSRC broader research group
CF-350502,Employment equity and diversity,search_phrase,Canonical ANZSRC field phrase
CF-350502,Human resources and industrial relations,broader,Immediate ANZSRC broader research group
CF-350503,Human resources management,search_phrase,Canonical ANZSRC field phrase
CF-350503,Human resources and industrial relations,broader,Immediate ANZSRC broader research group
CF-350504,Industrial and employee relations,search_phrase,Canonical ANZSRC field phrase
CF-350504,Human resources and industrial relations,broader,Immediate ANZSRC broader research group
CF-350505,Occupational and workplace health and safety,search_phrase,Canonical ANZSRC field phrase
CF-350505,Human resources and industrial relations,broader,Immediate ANZSRC broader research group
CF-350506,Workforce planning,search_phrase,Canonical ANZSRC field phrase
CF-350506,Human resources and industrial relations,broader,Immediate ANZSRC broader research group
CF-350507,Workplace wellbeing and quality of working life,search_phrase,Canonical ANZSRC field phrase
CF-350507,Human resources and industrial relations,broader,Immediate ANZSRC broader research group
CF-350599,Human resources and industrial relations not elsewhere classified,search_phrase,Canonical ANZSRC field phrase
CF-350599,Human resources and industrial relations,broader,Immediate ANZSRC broader research group
CF-350601,Consumer behaviour,search_phrase,Canonical ANZSRC field phrase
CF-350601,Marketing,broader,Immediate ANZSRC broader research group
CF-350602,Consumer-oriented product or service development,search_phrase,Canonical ANZSRC field phrase
CF-350602,Marketing,broader,Immediate ANZSRC broader research group
CF-350603,Industrial marketing,search_phrase,Canonical ANZSRC field phrase
CF-350603,Marketing,broader,Immediate ANZSRC broader research group
CF-350604,Marketing communications,search_phrase,Canonical ANZSRC field phrase
CF-350604,Marketing,broader,Immediate ANZSRC broader research group
CF-350605,Marketing management (incl. strategy and customer relations),search_phrase,Canonical ANZSRC field phrase
CF-350605,Marketing,broader,Immediate ANZSRC broader research group
CF-350606,Marketing research methodology,search_phrase,Canonical ANZSRC field phrase
CF-350606,Marketing,broader,Immediate ANZSRC broader research group
CF-350607,Marketing technology,search_phrase,Canonical ANZSRC field phrase
CF-350607,Marketing,broader,Immediate ANZSRC broader research group
CF-350608,Marketing theory,search_phrase,Canonical ANZSRC field phrase
CF-350608,Marketing,broader,Immediate ANZSRC broader research group
CF-350609,Not-for-profit marketing,search_phrase,Canonical ANZSRC field phrase
CF-350609,Marketing,broader,Immediate ANZSRC broader research group
CF-350610,Pricing (incl. consumer value estimation),search_phrase,Canonical ANZSRC field phrase
CF-350610,Marketing,broader,Immediate ANZSRC broader research group
CF-350611,Service marketing,search_phrase,Canonical ANZSRC field phrase
CF-350611,Marketing,broader,Immediate ANZSRC broader research group
CF-350612,Social marketing,search_phrase,Canonical ANZSRC field phrase
CF-350612,Marketing,broader,Immediate ANZSRC broader research group
CF-350699,Marketing not elsewhere classified,search_phrase,Canonical ANZSRC field phrase
CF-350699,Marketing,broader,Immediate ANZSRC broader research group
CF-350701,Corporate governance,search_phrase,Canonical ANZSRC field phrase
CF-350701,"Strategy, management and organisational behaviour",broader,Immediate ANZSRC broader research group
CF-350702,Corporate social responsibility,search_phrase,Canonical ANZSRC field phrase
CF-350702,"Strategy, management and organisational behaviour",broader,Immediate ANZSRC broader research group
CF-350703,Disaster and emergency management,search_phrase,Canonical ANZSRC field phrase
CF-350703,"Strategy, management and organisational behaviour",broader,Immediate ANZSRC broader research group
CF-350704,Entrepreneurship,search_phrase,Canonical ANZSRC field phrase
CF-350704,"Strategy, management and organisational behaviour",broader,Immediate ANZSRC broader research group
CF-350705,Innovation management,search_phrase,Canonical ANZSRC field phrase
CF-350705,"Strategy, management and organisational behaviour",broader,Immediate ANZSRC broader research group
CF-350706,International business,search_phrase,Canonical ANZSRC field phrase
CF-350706,"Strategy, management and organisational behaviour",broader,Immediate ANZSRC broader research group
CF-350707,Leadership,search_phrase,Canonical ANZSRC field phrase
CF-350707,"Strategy, management and organisational behaviour",broader,Immediate ANZSRC broader research group
CF-350708,Not-for-profit business and management,search_phrase,Canonical ANZSRC field phrase
CF-350708,"Strategy, management and organisational behaviour",broader,Immediate ANZSRC broader research group
CF-350709,Organisation and management theory,search_phrase,Canonical ANZSRC field phrase
CF-350709,"Strategy, management and organisational behaviour",broader,Immediate ANZSRC broader research group
CF-350710,Organisational behaviour,search_phrase,Canonical ANZSRC field phrase
CF-350710,"Strategy, management and organisational behaviour",broader,Immediate ANZSRC broader research group
CF-350711,Organisational planning and management,search_phrase,Canonical ANZSRC field phrase
CF-350711,"Strategy, management and organisational behaviour",broader,Immediate ANZSRC broader research group
CF-350712,Production and operations management,search_phrase,Canonical ANZSRC field phrase
CF-350712,"Strategy, management and organisational behaviour",broader,Immediate ANZSRC broader research group
CF-350713,Project management,search_phrase,Canonical ANZSRC field phrase
CF-350713,"Strategy, management and organisational behaviour",broader,Immediate ANZSRC broader research group
CF-350714,Public sector organisation and management,search_phrase,Canonical ANZSRC field phrase
CF-350714,"Strategy, management and organisational behaviour",broader,Immediate ANZSRC broader research group
CF-350715,Quality management,search_phrase,Canonical ANZSRC field phrase
CF-350715,"Strategy, management and organisational behaviour",broader,Immediate ANZSRC broader research group
CF-350716,Small business organisation and management,search_phrase,Canonical ANZSRC field phrase
CF-350716,"Strategy, management and organisational behaviour",broader,Immediate ANZSRC broader research group
CF-350717,Stakeholder engagement,search_phrase,Canonical ANZSRC field phrase
CF-350717,"Strategy, management and organisational behaviour",broader,Immediate ANZSRC broader research group
CF-350718,Strategy,search_phrase,Canonical ANZSRC field phrase
CF-350718,"Strategy, management and organisational behaviour",broader,Immediate ANZSRC broader research group
CF-350799,"Strategy, management and organisational behaviour not elsewhere classified",search_phrase,Canonical ANZSRC field phrase
CF-350799,"Strategy, management and organisational behaviour",broader,Immediate ANZSRC broader research group
CF-350801,Impacts of tourism,search_phrase,Canonical ANZSRC field phrase
CF-350801,Tourism,broader,Immediate ANZSRC broader research group
CF-350802,Tourism forecasting,search_phrase,Canonical ANZSRC field phrase
CF-350802,Tourism,broader,Immediate ANZSRC broader research group
CF-350803,Tourism management,search_phrase,Canonical ANZSRC field phrase
CF-350803,Tourism,broader,Immediate ANZSRC broader research group
CF-350804,Tourism marketing,search_phrase,Canonical ANZSRC field phrase
CF-350804,Tourism,broader,Immediate ANZSRC broader research group
CF-350805,Tourism resource appraisal,search_phrase,Canonical ANZSRC field phrase
CF-350805,Tourism,broader,Immediate ANZSRC broader research group
CF-350806,Tourist behaviour and visitor experience,search_phrase,Canonical ANZSRC field phrase
CF-350806,Tourism,broader,Immediate ANZSRC broader research group
CF-350899,Tourism not elsewhere classified,search_phrase,Canonical ANZSRC field phrase
CF-350899,Tourism,broader,Immediate ANZSRC broader research group
CF-350901,Air transportation and freight services,search_phrase,Canonical ANZSRC field phrase
CF-350901,"Transportation, logistics and supply chains",broader,Immediate ANZSRC broader research group
CF-350902,Intelligent mobility,search_phrase,Canonical ANZSRC field phrase
CF-350902,"Transportation, logistics and supply chains",broader,Immediate ANZSRC broader research group
CF-350903,Logistics,search_phrase,Canonical ANZSRC field phrase
CF-350903,"Transportation, logistics and supply chains",broader,Immediate ANZSRC broader research group
CF-350904,Maritime transportation and freight services,search_phrase,Canonical ANZSRC field phrase
CF-350904,"Transportation, logistics and supply chains",broader,Immediate ANZSRC broader research group
CF-350905,Passenger needs,search_phrase,Canonical ANZSRC field phrase
CF-350905,"Transportation, logistics and supply chains",broader,Immediate ANZSRC broader research group
CF-350906,Public transport,search_phrase,Canonical ANZSRC field phrase
CF-350906,"Transportation, logistics and supply chains",broader,Immediate ANZSRC broader research group
CF-350907,Rail transportation and freight services,search_phrase,Canonical ANZSRC field phrase
CF-350907,"Transportation, logistics and supply chains",broader,Immediate ANZSRC broader research group
CF-350908,Road transportation and freight services,search_phrase,Canonical ANZSRC field phrase
CF-350908,"Transportation, logistics and supply chains",broader,Immediate ANZSRC broader research group
CF-350909,Supply chains,search_phrase,Canonical ANZSRC field phrase
CF-350909,"Transportation, logistics and supply chains",broader,Immediate ANZSRC broader research group
CF-350999,"Transportation, logistics and supply chains not elsewhere classified",search_phrase,Canonical ANZSRC field phrase
CF-350999,"Transportation, logistics and supply chains",broader,Immediate ANZSRC broader research group
CF-359999,"Other commerce, management, tourism and services not elsewhere classified",search_phrase,Canonical ANZSRC field phrase
CF-359999,"Other commerce, management, tourism and services",broader,Immediate ANZSRC broader research group
CF-360101,Art criticism,search_phrase,Canonical ANZSRC field phrase
CF-360101,"Art history, theory and criticism",broader,Immediate ANZSRC broader research group
CF-360102,Art history,search_phrase,Canonical ANZSRC field phrase
CF-360102,"Art history, theory and criticism",broader,Immediate ANZSRC broader research group
CF-360103,Art theory,search_phrase,Canonical ANZSRC field phrase
CF-360103,"Art history, theory and criticism",broader,Immediate ANZSRC broader research group
CF-360104,Visual cultures,search_phrase,Canonical ANZSRC field phrase
CF-360104,"Art history, theory and criticism",broader,Immediate ANZSRC broader research group
CF-360199,"Art history, theory and criticism not elsewhere classified",search_phrase,Canonical ANZSRC field phrase
CF-360199,"Art history, theory and criticism",broader,Immediate ANZSRC broader research group
CF-360201,Creative writing (incl. scriptwriting),search_phrase,Canonical ANZSRC field phrase
CF-360201,Creative and professional writing,broader,Immediate ANZSRC broader research group
CF-360202,Digital writing,search_phrase,Canonical ANZSRC field phrase
CF-360202,Creative and professional writing,broader,Immediate ANZSRC broader research group
CF-360203,Professional writing and journalism practice,search_phrase,Canonical ANZSRC field phrase
CF-360203,Creative and professional writing,broader,Immediate ANZSRC broader research group
CF-360204,Site-based writing,search_phrase,Canonical ANZSRC field phrase
CF-360204,Creative and professional writing,broader,Immediate ANZSRC broader research group
CF-360205,Technical writing,search_phrase,Canonical ANZSRC field phrase
CF-360205,Creative and professional writing,broader,Immediate ANZSRC broader research group
CF-360299,Creative and professional writing not elsewhere classified,search_phrase,Canonical ANZSRC field phrase
CF-360299,Creative and professional writing,broader,Immediate ANZSRC broader research group
CF-360301,Music cognition,search_phrase,Canonical ANZSRC field phrase
CF-360301,Music,broader,Immediate ANZSRC broader research group
CF-360302,Music composition and improvisation,search_phrase,Canonical ANZSRC field phrase
CF-360302,Music,broader,Immediate ANZSRC broader research group
CF-360303,Music education,search_phrase,Canonical ANZSRC field phrase
CF-360303,Music,broader,Immediate ANZSRC broader research group
CF-360304,Music performance,search_phrase,Canonical ANZSRC field phrase
CF-360304,Music,broader,Immediate ANZSRC broader research group
CF-360305,Music technology and recording,search_phrase,Canonical ANZSRC field phrase
CF-360305,Music,broader,Immediate ANZSRC broader research group
CF-360306,Musicology and ethnomusicology,search_phrase,Canonical ANZSRC field phrase
CF-360306,Music,broader,Immediate ANZSRC broader research group
CF-360399,Music not elsewhere classified,search_phrase,Canonical ANZSRC field phrase
CF-360399,Music,broader,Immediate ANZSRC broader research group
CF-360401,Applied theatre,search_phrase,Canonical ANZSRC field phrase
CF-360401,Performing arts,broader,Immediate ANZSRC broader research group
CF-360402,Dance and dance studies,search_phrase,Canonical ANZSRC field phrase
CF-360402,Performing arts,broader,Immediate ANZSRC broader research group
CF-360403,"Drama, theatre and performance studies",search_phrase,Canonical ANZSRC field phrase
CF-360403,Performing arts,broader,Immediate ANZSRC broader research group
CF-360499,Performing arts not elsewhere classified,search_phrase,Canonical ANZSRC field phrase
CF-360499,Performing arts,broader,Immediate ANZSRC broader research group
CF-360501,Cinema studies,search_phrase,Canonical ANZSRC field phrase
CF-360501,Screen and digital media,broader,Immediate ANZSRC broader research group
CF-360502,Computer gaming and animation,search_phrase,Canonical ANZSRC field phrase
CF-360502,Screen and digital media,broader,Immediate ANZSRC broader research group
CF-360503,Digital and electronic media art,search_phrase,Canonical ANZSRC field phrase
CF-360503,Screen and digital media,broader,Immediate ANZSRC broader research group
CF-360504,Interactive media,search_phrase,Canonical ANZSRC field phrase
CF-360504,Screen and digital media,broader,Immediate ANZSRC broader research group
CF-360505,Screen media,search_phrase,Canonical ANZSRC field phrase
CF-360505,Screen and digital media,broader,Immediate ANZSRC broader research group
CF-360506,Visual effects,search_phrase,Canonical ANZSRC field phrase
CF-360506,Screen and digital media,broader,Immediate ANZSRC broader research group
CF-360599,Screen and digital media not elsewhere classified,search_phrase,Canonical ANZSRC field phrase
CF-360599,Screen and digital media,broader,Immediate ANZSRC broader research group
CF-360601,Crafts,search_phrase,Canonical ANZSRC field phrase
CF-360601,Visual arts,broader,Immediate ANZSRC broader research group
CF-360602,Fine arts,search_phrase,Canonical ANZSRC field phrase
CF-360602,Visual arts,broader,Immediate ANZSRC broader research group
CF-360603,Performance art,search_phrase,Canonical ANZSRC field phrase
CF-360603,Visual arts,broader,Immediate ANZSRC broader research group
CF-360604,"Photography, video and lens-based practice",search_phrase,Canonical ANZSRC field phrase
CF-360604,Visual arts,broader,Immediate ANZSRC broader research group
CF-360699,Visual arts not elsewhere classified,search_phrase,Canonical ANZSRC field phrase
CF-360699,Visual arts,broader,Immediate ANZSRC broader research group
CF-369999,Other creative arts and writing not elsewhere classified,search_phrase,Canonical ANZSRC field phrase
CF-369999,Other creative arts and writing,broader,Immediate ANZSRC broader research group
CF-370101,Adverse weather events,search_phrase,Canonical ANZSRC field phrase
CF-370101,Atmospheric sciences,broader,Immediate ANZSRC broader research group
CF-370102,Air pollution processes and air quality measurement,search_phrase,Canonical ANZSRC field phrase
CF-370102,Atmospheric sciences,broader,Immediate ANZSRC broader research group
CF-370103,Atmospheric aerosols,search_phrase,Canonical ANZSRC field phrase
CF-370103,Atmospheric sciences,broader,Immediate ANZSRC broader research group
CF-370104,"Atmospheric composition, chemistry and processes",search_phrase,Canonical ANZSRC field phrase
CF-370104,Atmospheric sciences,broader,Immediate ANZSRC broader research group
CF-370105,Atmospheric dynamics,search_phrase,Canonical ANZSRC field phrase
CF-370105,Atmospheric sciences,broader,Immediate ANZSRC broader research group
CF-370106,Atmospheric radiation,search_phrase,Canonical ANZSRC field phrase
CF-370106,Atmospheric sciences,broader,Immediate ANZSRC broader research group
CF-370107,Cloud physics,search_phrase,Canonical ANZSRC field phrase
CF-370107,Atmospheric sciences,broader,Immediate ANZSRC broader research group
CF-370108,Meteorology,search_phrase,Canonical ANZSRC field phrase
CF-370108,Atmospheric sciences,broader,Immediate ANZSRC broader research group
CF-370109,Tropospheric and stratospheric physics,search_phrase,Canonical ANZSRC field phrase
CF-370109,Atmospheric sciences,broader,Immediate ANZSRC broader research group
CF-370199,Atmospheric sciences not elsewhere classified,search_phrase,Canonical ANZSRC field phrase
CF-370199,Atmospheric sciences,broader,Immediate ANZSRC broader research group
CF-370201,Climate change processes,search_phrase,Canonical ANZSRC field phrase
CF-370201,Climate change science,broader,Immediate ANZSRC broader research group
CF-370202,Climatology,search_phrase,Canonical ANZSRC field phrase
CF-370202,Climate change science,broader,Immediate ANZSRC broader research group
CF-370203,Greenhouse gas inventories and fluxes,search_phrase,Canonical ANZSRC field phrase
CF-370203,Climate change science,broader,Immediate ANZSRC broader research group
CF-370299,Climate change science not elsewhere classified,search_phrase,Canonical ANZSRC field phrase
CF-370299,Climate change science,broader,Immediate ANZSRC broader research group
CF-370301,Exploration geochemistry,search_phrase,Canonical ANZSRC field phrase
CF-370301,Geochemistry,broader,Immediate ANZSRC broader research group
CF-370302,Inorganic geochemistry,search_phrase,Canonical ANZSRC field phrase
CF-370302,Geochemistry,broader,Immediate ANZSRC broader research group
CF-370303,Isotope geochemistry,search_phrase,Canonical ANZSRC field phrase
CF-370303,Geochemistry,broader,Immediate ANZSRC broader research group
CF-370304,Organic geochemistry,search_phrase,Canonical ANZSRC field phrase
CF-370304,Geochemistry,broader,Immediate ANZSRC broader research group
CF-370399,Geochemistry not elsewhere classified,search_phrase,Canonical ANZSRC field phrase
CF-370399,Geochemistry,broader,Immediate ANZSRC broader research group
CF-370401,Computational modelling and simulation in earth sciences,search_phrase,Canonical ANZSRC field phrase
CF-370401,Geoinformatics,broader,Immediate ANZSRC broader research group
CF-370402,Earth and space science informatics,search_phrase,Canonical ANZSRC field phrase
CF-370402,Geoinformatics,broader,Immediate ANZSRC broader research group
CF-370403,Geoscience data visualisation,search_phrase,Canonical ANZSRC field phrase
CF-370403,Geoinformatics,broader,Immediate ANZSRC broader research group
CF-370499,Geoinformatics not elsewhere classified,search_phrase,Canonical ANZSRC field phrase
CF-370499,Geoinformatics,broader,Immediate ANZSRC broader research group
CF-370501,Biomineralisation,search_phrase,Canonical ANZSRC field phrase
CF-370501,Geology,broader,Immediate ANZSRC broader research group
CF-370502,Geochronology,search_phrase,Canonical ANZSRC field phrase
CF-370502,Geology,broader,Immediate ANZSRC broader research group
CF-370503,Igneous and metamorphic petrology,search_phrase,Canonical ANZSRC field phrase
CF-370503,Geology,broader,Immediate ANZSRC broader research group
CF-370504,Marine geoscience,search_phrase,Canonical ANZSRC field phrase
CF-370504,Geology,broader,Immediate ANZSRC broader research group
CF-370505,Mineralogy and crystallography,search_phrase,Canonical ANZSRC field phrase
CF-370505,Geology,broader,Immediate ANZSRC broader research group
CF-370506,Palaeontology (incl. palynology),search_phrase,Canonical ANZSRC field phrase
CF-370506,Geology,broader,Immediate ANZSRC broader research group
CF-370507,Planetary geology,search_phrase,Canonical ANZSRC field phrase
CF-370507,Geology,broader,Immediate ANZSRC broader research group
CF-370508,Resource geoscience,search_phrase,Canonical ANZSRC field phrase
CF-370508,Geology,broader,Immediate ANZSRC broader research group
CF-370509,Sedimentology,search_phrase,Canonical ANZSRC field phrase
CF-370509,Geology,broader,Immediate ANZSRC broader research group
CF-370510,"Stratigraphy (incl. biostratigraphy, sequence stratigraphy and basin analysis)",search_phrase,Canonical ANZSRC field phrase
CF-370510,Geology,broader,Immediate ANZSRC broader research group
CF-370511,Structural geology and tectonics,search_phrase,Canonical ANZSRC field phrase
CF-370511,Geology,broader,Immediate ANZSRC broader research group
CF-370512,Volcanology,search_phrase,Canonical ANZSRC field phrase
CF-370512,Geology,broader,Immediate ANZSRC broader research group
CF-370599,Geology not elsewhere classified,search_phrase,Canonical ANZSRC field phrase
CF-370599,Geology,broader,Immediate ANZSRC broader research group
CF-370601,Applied geophysics,search_phrase,Canonical ANZSRC field phrase
CF-370601,Geophysics,broader,Immediate ANZSRC broader research group
CF-370602,Electrical and electromagnetic methods in geophysics,search_phrase,Canonical ANZSRC field phrase
CF-370602,Geophysics,broader,Immediate ANZSRC broader research group
CF-370603,Geodesy,search_phrase,Canonical ANZSRC field phrase
CF-370603,Geophysics,broader,Immediate ANZSRC broader research group
CF-370604,Geodynamics,search_phrase,Canonical ANZSRC field phrase
CF-370604,Geophysics,broader,Immediate ANZSRC broader research group
CF-370605,Geothermics and radiometrics,search_phrase,Canonical ANZSRC field phrase
CF-370605,Geophysics,broader,Immediate ANZSRC broader research group
CF-370606,Gravimetrics,search_phrase,Canonical ANZSRC field phrase
CF-370606,Geophysics,broader,Immediate ANZSRC broader research group
CF-370607,Magnetism and palaeomagnetism,search_phrase,Canonical ANZSRC field phrase
CF-370607,Geophysics,broader,Immediate ANZSRC broader research group
CF-370608,Petrophysics and rock mechanics,search_phrase,Canonical ANZSRC field phrase
CF-370608,Geophysics,broader,Immediate ANZSRC broader research group
CF-370609,Seismology and seismic exploration,search_phrase,Canonical ANZSRC field phrase
CF-370609,Geophysics,broader,Immediate ANZSRC broader research group
CF-370699,Geophysics not elsewhere classified,search_phrase,Canonical ANZSRC field phrase
CF-370699,Geophysics,broader,Immediate ANZSRC broader research group
CF-370701,Contaminant hydrology,search_phrase,Canonical ANZSRC field phrase
CF-370701,Hydrology,broader,Immediate ANZSRC broader research group
CF-370702,Ecohydrology,search_phrase,Canonical ANZSRC field phrase
CF-370702,Hydrology,broader,Immediate ANZSRC broader research group
CF-370703,Groundwater hydrology,search_phrase,Canonical ANZSRC field phrase
CF-370703,Hydrology,broader,Immediate ANZSRC broader research group
CF-370704,Surface water hydrology,search_phrase,Canonical ANZSRC field phrase
CF-370704,Hydrology,broader,Immediate ANZSRC broader research group
CF-370705,Urban hydrology,search_phrase,Canonical ANZSRC field phrase
CF-370705,Hydrology,broader,Immediate ANZSRC broader research group
CF-370799,Hydrology not elsewhere classified,search_phrase,Canonical ANZSRC field phrase
CF-370799,Hydrology,broader,Immediate ANZSRC broader research group
CF-370801,Biological oceanography,search_phrase,Canonical ANZSRC field phrase
CF-370801,Oceanography,broader,Immediate ANZSRC broader research group
CF-370802,Chemical oceanography,search_phrase,Canonical ANZSRC field phrase
CF-370802,Oceanography,broader,Immediate ANZSRC broader research group
CF-370803,Physical oceanography,search_phrase,Canonical ANZSRC field phrase
CF-370803,Oceanography,broader,Immediate ANZSRC broader research group
CF-370899,Oceanography not elsewhere classified,search_phrase,Canonical ANZSRC field phrase
CF-370899,Oceanography,broader,Immediate ANZSRC broader research group
CF-370901,Geomorphology and earth surface processes,search_phrase,Canonical ANZSRC field phrase
CF-370901,Physical geography and environmental geoscience,broader,Immediate ANZSRC broader research group
CF-370902,Glaciology,search_phrase,Canonical ANZSRC field phrase
CF-370902,Physical geography and environmental geoscience,broader,Immediate ANZSRC broader research group
CF-370903,Natural hazards,search_phrase,Canonical ANZSRC field phrase
CF-370903,Physical geography and environmental geoscience,broader,Immediate ANZSRC broader research group
CF-370904,Palaeoclimatology,search_phrase,Canonical ANZSRC field phrase
CF-370904,Physical geography and environmental geoscience,broader,Immediate ANZSRC broader research group
CF-370905,Quaternary environments,search_phrase,Canonical ANZSRC field phrase
CF-370905,Physical geography and environmental geoscience,broader,Immediate ANZSRC broader research group
CF-370906,Regolith and landscape evolution,search_phrase,Canonical ANZSRC field phrase
CF-370906,Physical geography and environmental geoscience,broader,Immediate ANZSRC broader research group
CF-370999,Physical geography and environmental geoscience not elsewhere classified,search_phrase,Canonical ANZSRC field phrase
CF-370999,Physical geography and environmental geoscience,broader,Immediate ANZSRC broader research group
CF-379901,Earth system sciences,search_phrase,Canonical ANZSRC field phrase
CF-379901,Other earth sciences,broader,Immediate ANZSRC broader research group
CF-379999,Other earth sciences not elsewhere classified,search_phrase,Canonical ANZSRC field phrase
CF-379999,Other earth sciences,broader,Immediate ANZSRC broader research group
CF-380101,Agricultural economics,search_phrase,Canonical ANZSRC field phrase
CF-380101,Applied economics,broader,Immediate ANZSRC broader research group
CF-380102,Behavioural economics,search_phrase,Canonical ANZSRC field phrase
CF-380102,Applied economics,broader,Immediate ANZSRC broader research group
CF-380103,Economic history,search_phrase,Canonical ANZSRC field phrase
CF-380103,Applied economics,broader,Immediate ANZSRC broader research group
CF-380104,Economics of education,search_phrase,Canonical ANZSRC field phrase
CF-380104,Applied economics,broader,Immediate ANZSRC broader research group
CF-380105,Environment and resource economics,search_phrase,Canonical ANZSRC field phrase
CF-380105,Applied economics,broader,Immediate ANZSRC broader research group
CF-380106,Experimental economics,search_phrase,Canonical ANZSRC field phrase
CF-380106,Applied economics,broader,Immediate ANZSRC broader research group
CF-380107,Financial economics,search_phrase,Canonical ANZSRC field phrase
CF-380107,Applied economics,broader,Immediate ANZSRC broader research group
CF-380108,Health economics,search_phrase,Canonical ANZSRC field phrase
CF-380108,Applied economics,broader,Immediate ANZSRC broader research group
CF-380109,Industry economics and industrial organisation,search_phrase,Canonical ANZSRC field phrase
CF-380109,Applied economics,broader,Immediate ANZSRC broader research group
CF-380110,International economics,search_phrase,Canonical ANZSRC field phrase
CF-380110,Applied economics,broader,Immediate ANZSRC broader research group
CF-380111,Labour economics,search_phrase,Canonical ANZSRC field phrase
CF-380111,Applied economics,broader,Immediate ANZSRC broader research group
CF-380112,Macroeconomics (incl. monetary and fiscal theory),search_phrase,Canonical ANZSRC field phrase
CF-380112,Applied economics,broader,Immediate ANZSRC broader research group
CF-380113,Public economics - public choice,search_phrase,Canonical ANZSRC field phrase
CF-380113,Applied economics,broader,Immediate ANZSRC broader research group
CF-380114,Public economics - publicly provided goods,search_phrase,Canonical ANZSRC field phrase
CF-380114,Applied economics,broader,Immediate ANZSRC broader research group
CF-380115,Public economics - taxation and revenue,search_phrase,Canonical ANZSRC field phrase
CF-380115,Applied economics,broader,Immediate ANZSRC broader research group
CF-380116,Tourism economics,search_phrase,Canonical ANZSRC field phrase
CF-380116,Applied economics,broader,Immediate ANZSRC broader research group
CF-380117,Transport economics,search_phrase,Canonical ANZSRC field phrase
CF-380117,Applied economics,broader,Immediate ANZSRC broader research group
CF-380118,Urban and regional economics,search_phrase,Canonical ANZSRC field phrase
CF-380118,Applied economics,broader,Immediate ANZSRC broader research group
CF-380119,Welfare economics,search_phrase,Canonical ANZSRC field phrase
CF-380119,Applied economics,broader,Immediate ANZSRC broader research group
CF-380199,Applied economics not elsewhere classified,search_phrase,Canonical ANZSRC field phrase
CF-380199,Applied economics,broader,Immediate ANZSRC broader research group
CF-380201,Cross-sectional analysis,search_phrase,Canonical ANZSRC field phrase
CF-380201,Econometrics,broader,Immediate ANZSRC broader research group
CF-380202,Econometric and statistical methods,search_phrase,Canonical ANZSRC field phrase
CF-380202,Econometrics,broader,Immediate ANZSRC broader research group
CF-380203,Economic models and forecasting,search_phrase,Canonical ANZSRC field phrase
CF-380203,Econometrics,broader,Immediate ANZSRC broader research group
CF-380204,Panel data analysis,search_phrase,Canonical ANZSRC field phrase
CF-380204,Econometrics,broader,Immediate ANZSRC broader research group
CF-380205,Time-series analysis,search_phrase,Canonical ANZSRC field phrase
CF-380205,Econometrics,broader,Immediate ANZSRC broader research group
CF-380299,Econometrics not elsewhere classified,search_phrase,Canonical ANZSRC field phrase
CF-380299,Econometrics,broader,Immediate ANZSRC broader research group
CF-380301,History of economic thought,search_phrase,Canonical ANZSRC field phrase
CF-380301,Economic theory,broader,Immediate ANZSRC broader research group
CF-380302,Macroeconomic theory,search_phrase,Canonical ANZSRC field phrase
CF-380302,Economic theory,broader,Immediate ANZSRC broader research group
CF-380303,Mathematical economics,search_phrase,Canonical ANZSRC field phrase
CF-380303,Economic theory,broader,Immediate ANZSRC broader research group
CF-380304,Microeconomic theory,search_phrase,Canonical ANZSRC field phrase
CF-380304,Economic theory,broader,Immediate ANZSRC broader research group
CF-380399,Economic theory not elsewhere classified,search_phrase,Canonical ANZSRC field phrase
CF-380399,Economic theory,broader,Immediate ANZSRC broader research group
CF-389901,Comparative economic systems,search_phrase,Canonical ANZSRC field phrase
CF-389901,Other economics,broader,Immediate ANZSRC broader research group
CF-389902,Ecological economics,search_phrase,Canonical ANZSRC field phrase
CF-389902,Other economics,broader,Immediate ANZSRC broader research group
CF-389903,Heterodox economics,search_phrase,Canonical ANZSRC field phrase
CF-389903,Other economics,broader,Immediate ANZSRC broader research group
CF-389999,Other economics not elsewhere classified,search_phrase,Canonical ANZSRC field phrase
CF-389999,Other economics,broader,Immediate ANZSRC broader research group
CF-390101,"Creative arts, media and communication curriculum and pedagogy",search_phrase,Canonical ANZSRC field phrase
CF-390101,Curriculum and pedagogy,broader,Immediate ANZSRC broader research group
CF-390102,Curriculum and pedagogy theory and development,search_phrase,Canonical ANZSRC field phrase
CF-390102,Curriculum and pedagogy,broader,Immediate ANZSRC broader research group
CF-390103,"Economics, business and management curriculum and pedagogy",search_phrase,Canonical ANZSRC field phrase
CF-390103,Curriculum and pedagogy,broader,Immediate ANZSRC broader research group
CF-390104,"English and literacy curriculum and pedagogy (excl. LOTE, ESL and TESOL)",search_phrase,Canonical ANZSRC field phrase
CF-390104,Curriculum and pedagogy,broader,Immediate ANZSRC broader research group
CF-390105,Environmental education curriculum and pedagogy,search_phrase,Canonical ANZSRC field phrase
CF-390105,Curriculum and pedagogy,broader,Immediate ANZSRC broader research group
CF-390106,Geography education curriculum and pedagogy,search_phrase,Canonical ANZSRC field phrase
CF-390106,Curriculum and pedagogy,broader,Immediate ANZSRC broader research group
CF-390107,"Humanities and social sciences curriculum and pedagogy (excl. economics, business and management)",search_phrase,Canonical ANZSRC field phrase
CF-390107,Curriculum and pedagogy,broader,Immediate ANZSRC broader research group
CF-390108,"LOTE, ESL and TESOL curriculum and pedagogy",search_phrase,Canonical ANZSRC field phrase
CF-390108,Curriculum and pedagogy,broader,Immediate ANZSRC broader research group
CF-390109,Mathematics and numeracy curriculum and pedagogy,search_phrase,Canonical ANZSRC field phrase
CF-390109,Curriculum and pedagogy,broader,Immediate ANZSRC broader research group
CF-390110,"Medicine, nursing and health curriculum and pedagogy",search_phrase,Canonical ANZSRC field phrase
CF-390110,Curriculum and pedagogy,broader,Immediate ANZSRC broader research group
CF-390111,Physical education and development curriculum and pedagogy,search_phrase,Canonical ANZSRC field phrase
CF-390111,Curriculum and pedagogy,broader,Immediate ANZSRC broader research group
CF-390112,Religion curriculum and pedagogy,search_phrase,Canonical ANZSRC field phrase
CF-390112,Curriculum and pedagogy,broader,Immediate ANZSRC broader research group
CF-390113,"Science, technology and engineering curriculum and pedagogy",search_phrase,Canonical ANZSRC field phrase
CF-390113,Curriculum and pedagogy,broader,Immediate ANZSRC broader research group
CF-390114,Vocational education and training curriculum and pedagogy,search_phrase,Canonical ANZSRC field phrase
CF-390114,Curriculum and pedagogy,broader,Immediate ANZSRC broader research group
CF-390115,Work integrated learning (incl. internships),search_phrase,Canonical ANZSRC field phrase
CF-390115,Curriculum and pedagogy,broader,Immediate ANZSRC broader research group
CF-390199,Curriculum and pedagogy not elsewhere classified,search_phrase,Canonical ANZSRC field phrase
CF-390199,Curriculum and pedagogy,broader,Immediate ANZSRC broader research group
CF-390201,Education policy,search_phrase,Canonical ANZSRC field phrase
CF-390201,"Education policy, sociology and philosophy",broader,Immediate ANZSRC broader research group
CF-390202,History and philosophy of education,search_phrase,Canonical ANZSRC field phrase
CF-390202,"Education policy, sociology and philosophy",broader,Immediate ANZSRC broader research group
CF-390203,Sociology of education,search_phrase,Canonical ANZSRC field phrase
CF-390203,"Education policy, sociology and philosophy",broader,Immediate ANZSRC broader research group
CF-390299,"Education policy, sociology and philosophy not elsewhere classified",search_phrase,Canonical ANZSRC field phrase
CF-390299,"Education policy, sociology and philosophy",broader,Immediate ANZSRC broader research group
CF-390301,Continuing and community education,search_phrase,Canonical ANZSRC field phrase
CF-390301,Education systems,broader,Immediate ANZSRC broader research group
CF-390302,Early childhood education,search_phrase,Canonical ANZSRC field phrase
CF-390302,Education systems,broader,Immediate ANZSRC broader research group
CF-390303,Higher education,search_phrase,Canonical ANZSRC field phrase
CF-390303,Education systems,broader,Immediate ANZSRC broader research group
CF-390304,Primary education,search_phrase,Canonical ANZSRC field phrase
CF-390304,Education systems,broader,Immediate ANZSRC broader research group
CF-390305,Professional education and training,search_phrase,Canonical ANZSRC field phrase
CF-390305,Education systems,broader,Immediate ANZSRC broader research group
CF-390306,Secondary education,search_phrase,Canonical ANZSRC field phrase
CF-390306,Education systems,broader,Immediate ANZSRC broader research group
CF-390307,Teacher education and professional development of educators,search_phrase,Canonical ANZSRC field phrase
CF-390307,Education systems,broader,Immediate ANZSRC broader research group
CF-390308,"Technical, further and workplace education",search_phrase,Canonical ANZSRC field phrase
CF-390308,Education systems,broader,Immediate ANZSRC broader research group
CF-390399,Education systems not elsewhere classified,search_phrase,Canonical ANZSRC field phrase
CF-390399,Education systems,broader,Immediate ANZSRC broader research group
CF-390401,Comparative and cross-cultural education,search_phrase,Canonical ANZSRC field phrase
CF-390401,Specialist studies in education,broader,Immediate ANZSRC broader research group
CF-390402,Education assessment and evaluation,search_phrase,Canonical ANZSRC field phrase
CF-390402,Specialist studies in education,broader,Immediate ANZSRC broader research group
CF-390403,"Educational administration, management and leadership",search_phrase,Canonical ANZSRC field phrase
CF-390403,Specialist studies in education,broader,Immediate ANZSRC broader research group
CF-390404,Educational counselling,search_phrase,Canonical ANZSRC field phrase
CF-390404,Specialist studies in education,broader,Immediate ANZSRC broader research group
CF-390405,Educational technology and computing,search_phrase,Canonical ANZSRC field phrase
CF-390405,Specialist studies in education,broader,Immediate ANZSRC broader research group
CF-390406,"Gender, sexuality and education",search_phrase,Canonical ANZSRC field phrase
CF-390406,Specialist studies in education,broader,Immediate ANZSRC broader research group
CF-390407,Inclusive education,search_phrase,Canonical ANZSRC field phrase
CF-390407,Specialist studies in education,broader,Immediate ANZSRC broader research group
CF-390408,Learning analytics,search_phrase,Canonical ANZSRC field phrase
CF-390408,Specialist studies in education,broader,Immediate ANZSRC broader research group
CF-390409,Learning sciences,search_phrase,Canonical ANZSRC field phrase
CF-390409,Specialist studies in education,broader,Immediate ANZSRC broader research group
CF-390410,"Multicultural education (excl. Aboriginal and Torres Strait Islander, Māori and Pacific Peoples)",search_phrase,Canonical ANZSRC field phrase
CF-390410,Specialist studies in education,broader,Immediate ANZSRC broader research group
CF-390411,Special education and disability,search_phrase,Canonical ANZSRC field phrase
CF-390411,Specialist studies in education,broader,Immediate ANZSRC broader research group
CF-390412,Teacher and student wellbeing,search_phrase,Canonical ANZSRC field phrase
CF-390412,Specialist studies in education,broader,Immediate ANZSRC broader research group
CF-390499,Specialist studies in education not elsewhere classified,search_phrase,Canonical ANZSRC field phrase
CF-390499,Specialist studies in education,broader,Immediate ANZSRC broader research group
CF-399999,Other education not elsewhere classified,search_phrase,Canonical ANZSRC field phrase
CF-399999,Other Education,broader,Immediate ANZSRC broader research group
CF-400101,Aerospace materials,search_phrase,Canonical ANZSRC field phrase
CF-400101,Aerospace engineering,broader,Immediate ANZSRC broader research group
CF-400102,Aerospace structures,search_phrase,Canonical ANZSRC field phrase
CF-400102,Aerospace engineering,broader,Immediate ANZSRC broader research group
CF-400103,Aircraft performance and flight control systems,search_phrase,Canonical ANZSRC field phrase
CF-400103,Aerospace engineering,broader,Immediate ANZSRC broader research group
CF-400104,Avionics,search_phrase,Canonical ANZSRC field phrase
CF-400104,Aerospace engineering,broader,Immediate ANZSRC broader research group
CF-400105,Flight dynamics,search_phrase,Canonical ANZSRC field phrase
CF-400105,Aerospace engineering,broader,Immediate ANZSRC broader research group
CF-400106,Hypersonic propulsion and hypersonic aerothermodynamics,search_phrase,Canonical ANZSRC field phrase
CF-400106,Aerospace engineering,broader,Immediate ANZSRC broader research group
CF-400107,"Satellite, space vehicle and missile design and testing",search_phrase,Canonical ANZSRC field phrase
CF-400107,Aerospace engineering,broader,Immediate ANZSRC broader research group
CF-400199,Aerospace engineering not elsewhere classified,search_phrase,Canonical ANZSRC field phrase
CF-400199,Aerospace engineering,broader,Immediate ANZSRC broader research group
CF-400201,Automotive combustion and fuel engineering,search_phrase,Canonical ANZSRC field phrase
CF-400201,Automotive engineering,broader,Immediate ANZSRC broader research group
CF-400202,Automotive engineering materials,search_phrase,Canonical ANZSRC field phrase
CF-400202,Automotive engineering,broader,Immediate ANZSRC broader research group
CF-400203,Automotive mechatronics and autonomous systems,search_phrase,Canonical ANZSRC field phrase
CF-400203,Automotive engineering,broader,Immediate ANZSRC broader research group
CF-400204,Automotive safety engineering,search_phrase,Canonical ANZSRC field phrase
CF-400204,Automotive engineering,broader,Immediate ANZSRC broader research group
CF-400205,Hybrid and electric vehicles and powertrains,search_phrase,Canonical ANZSRC field phrase
CF-400205,Automotive engineering,broader,Immediate ANZSRC broader research group
CF-400299,Automotive engineering not elsewhere classified,search_phrase,Canonical ANZSRC field phrase
CF-400299,Automotive engineering,broader,Immediate ANZSRC broader research group
CF-400301,Biofabrication,search_phrase,Canonical ANZSRC field phrase
CF-400301,Biomedical engineering,broader,Immediate ANZSRC broader research group
CF-400302,Biomaterials,search_phrase,Canonical ANZSRC field phrase
CF-400302,Biomedical engineering,broader,Immediate ANZSRC broader research group
CF-400303,Biomechanical engineering,search_phrase,Canonical ANZSRC field phrase
CF-400303,Biomedical engineering,broader,Immediate ANZSRC broader research group
CF-400304,Biomedical imaging,search_phrase,Canonical ANZSRC field phrase
CF-400304,Biomedical engineering,broader,Immediate ANZSRC broader research group
CF-400305,Biomedical instrumentation,search_phrase,Canonical ANZSRC field phrase
CF-400305,Biomedical engineering,broader,Immediate ANZSRC broader research group
CF-400306,Computational physiology,search_phrase,Canonical ANZSRC field phrase
CF-400306,Biomedical engineering,broader,Immediate ANZSRC broader research group
CF-400307,Mechanobiology,search_phrase,Canonical ANZSRC field phrase
CF-400307,Biomedical engineering,broader,Immediate ANZSRC broader research group
CF-400308,Medical devices,search_phrase,Canonical ANZSRC field phrase
CF-400308,Biomedical engineering,broader,Immediate ANZSRC broader research group
CF-400309,Neural engineering,search_phrase,Canonical ANZSRC field phrase
CF-400309,Biomedical engineering,broader,Immediate ANZSRC broader research group
CF-400310,Rehabilitation engineering,search_phrase,Canonical ANZSRC field phrase
CF-400310,Biomedical engineering,broader,Immediate ANZSRC broader research group
CF-400311,Tissue engineering,search_phrase,Canonical ANZSRC field phrase
CF-400311,Biomedical engineering,broader,Immediate ANZSRC broader research group
CF-400399,Biomedical engineering not elsewhere classified,search_phrase,Canonical ANZSRC field phrase
CF-400399,Biomedical engineering,broader,Immediate ANZSRC broader research group
CF-400401,Carbon capture engineering (excl. sequestration),search_phrase,Canonical ANZSRC field phrase
CF-400401,Chemical engineering,broader,Immediate ANZSRC broader research group
CF-400402,Chemical and thermal processes in energy and combustion,search_phrase,Canonical ANZSRC field phrase
CF-400402,Chemical engineering,broader,Immediate ANZSRC broader research group
CF-400403,Chemical engineering design,search_phrase,Canonical ANZSRC field phrase
CF-400403,Chemical engineering,broader,Immediate ANZSRC broader research group
CF-400404,Electrochemical energy storage and conversion,search_phrase,Canonical ANZSRC field phrase
CF-400404,Chemical engineering,broader,Immediate ANZSRC broader research group
CF-400405,Food engineering,search_phrase,Canonical ANZSRC field phrase
CF-400405,Chemical engineering,broader,Immediate ANZSRC broader research group
CF-400406,Powder and particle technology,search_phrase,Canonical ANZSRC field phrase
CF-400406,Chemical engineering,broader,Immediate ANZSRC broader research group
CF-400407,Process control and simulation,search_phrase,Canonical ANZSRC field phrase
CF-400407,Chemical engineering,broader,Immediate ANZSRC broader research group
CF-400408,Reaction engineering (excl. nuclear reactions),search_phrase,Canonical ANZSRC field phrase
CF-400408,Chemical engineering,broader,Immediate ANZSRC broader research group
CF-400409,Separation technologies,search_phrase,Canonical ANZSRC field phrase
CF-400409,Chemical engineering,broader,Immediate ANZSRC broader research group
CF-400410,Wastewater treatment processes,search_phrase,Canonical ANZSRC field phrase
CF-400410,Chemical engineering,broader,Immediate ANZSRC broader research group
CF-400411,Water treatment processes,search_phrase,Canonical ANZSRC field phrase
CF-400411,Chemical engineering,broader,Immediate ANZSRC broader research group
CF-400499,Chemical engineering not elsewhere classified,search_phrase,Canonical ANZSRC field phrase
CF-400499,Chemical engineering,broader,Immediate ANZSRC broader research group
CF-400501,Architectural engineering,search_phrase,Canonical ANZSRC field phrase
CF-400501,Civil engineering,broader,Immediate ANZSRC broader research group
CF-400502,Civil geotechnical engineering,search_phrase,Canonical ANZSRC field phrase
CF-400502,Civil engineering,broader,Immediate ANZSRC broader research group
CF-400503,Complex civil systems,search_phrase,Canonical ANZSRC field phrase
CF-400503,Civil engineering,broader,Immediate ANZSRC broader research group
CF-400504,Construction engineering,search_phrase,Canonical ANZSRC field phrase
CF-400504,Civil engineering,broader,Immediate ANZSRC broader research group
CF-400505,Construction materials,search_phrase,Canonical ANZSRC field phrase
CF-400505,Civil engineering,broader,Immediate ANZSRC broader research group
CF-400506,Earthquake engineering,search_phrase,Canonical ANZSRC field phrase
CF-400506,Civil engineering,broader,Immediate ANZSRC broader research group
CF-400507,Fire safety engineering,search_phrase,Canonical ANZSRC field phrase
CF-400507,Civil engineering,broader,Immediate ANZSRC broader research group
CF-400508,Infrastructure engineering and asset management,search_phrase,Canonical ANZSRC field phrase
CF-400508,Civil engineering,broader,Immediate ANZSRC broader research group
CF-400509,Structural dynamics,search_phrase,Canonical ANZSRC field phrase
CF-400509,Civil engineering,broader,Immediate ANZSRC broader research group
CF-400510,Structural engineering,search_phrase,Canonical ANZSRC field phrase
CF-400510,Civil engineering,broader,Immediate ANZSRC broader research group
CF-400511,Timber engineering,search_phrase,Canonical ANZSRC field phrase
CF-400511,Civil engineering,broader,Immediate ANZSRC broader research group
CF-400512,Transport engineering,search_phrase,Canonical ANZSRC field phrase
CF-400512,Civil engineering,broader,Immediate ANZSRC broader research group
CF-400513,Water resources engineering,search_phrase,Canonical ANZSRC field phrase
CF-400513,Civil engineering,broader,Immediate ANZSRC broader research group
CF-400599,Civil engineering not elsewhere classified,search_phrase,Canonical ANZSRC field phrase
CF-400599,Civil engineering,broader,Immediate ANZSRC broader research group
CF-400601,Antennas and propagation,search_phrase,Canonical ANZSRC field phrase
CF-400601,Communications engineering,broader,Immediate ANZSRC broader research group
CF-400602,Data communications,search_phrase,Canonical ANZSRC field phrase
CF-400602,Communications engineering,broader,Immediate ANZSRC broader research group
CF-400603,"Molecular, biological, and multi-scale communications",search_phrase,Canonical ANZSRC field phrase
CF-400603,Communications engineering,broader,Immediate ANZSRC broader research group
CF-400604,Network engineering,search_phrase,Canonical ANZSRC field phrase
CF-400604,Communications engineering,broader,Immediate ANZSRC broader research group
CF-400605,Optical fibre communication systems and technologies,search_phrase,Canonical ANZSRC field phrase
CF-400605,Communications engineering,broader,Immediate ANZSRC broader research group
CF-400606,Satellite communications,search_phrase,Canonical ANZSRC field phrase
CF-400606,Communications engineering,broader,Immediate ANZSRC broader research group
CF-400607,Signal processing,search_phrase,Canonical ANZSRC field phrase
CF-400607,Communications engineering,broader,Immediate ANZSRC broader research group
CF-400608,Wireless communication systems and technologies (incl. microwave and millimetrewave),search_phrase,Canonical ANZSRC field phrase
CF-400608,Communications engineering,broader,Immediate ANZSRC broader research group
CF-400699,Communications engineering not elsewhere classified,search_phrase,Canonical ANZSRC field phrase
CF-400699,Communications engineering,broader,Immediate ANZSRC broader research group
CF-400701,Assistive robots and technology,search_phrase,Canonical ANZSRC field phrase
CF-400701,"Control engineering, mechatronics and robotics",broader,Immediate ANZSRC broader research group
CF-400702,Automation engineering,search_phrase,Canonical ANZSRC field phrase
CF-400702,"Control engineering, mechatronics and robotics",broader,Immediate ANZSRC broader research group
CF-400703,Autonomous vehicle systems,search_phrase,Canonical ANZSRC field phrase
CF-400703,"Control engineering, mechatronics and robotics",broader,Immediate ANZSRC broader research group
CF-400704,Biomechatronics,search_phrase,Canonical ANZSRC field phrase
CF-400704,"Control engineering, mechatronics and robotics",broader,Immediate ANZSRC broader research group
CF-400705,Control engineering,search_phrase,Canonical ANZSRC field phrase
CF-400705,"Control engineering, mechatronics and robotics",broader,Immediate ANZSRC broader research group
CF-400706,Field robotics,search_phrase,Canonical ANZSRC field phrase
CF-400706,"Control engineering, mechatronics and robotics",broader,Immediate ANZSRC broader research group
CF-400707,Manufacturing robotics,search_phrase,Canonical ANZSRC field phrase
CF-400707,"Control engineering, mechatronics and robotics",broader,Immediate ANZSRC broader research group
CF-400708,Mechatronics hardware design and architecture,search_phrase,Canonical ANZSRC field phrase
CF-400708,"Control engineering, mechatronics and robotics",broader,Immediate ANZSRC broader research group
CF-400709,Medical robotics,search_phrase,Canonical ANZSRC field phrase
CF-400709,"Control engineering, mechatronics and robotics",broader,Immediate ANZSRC broader research group
CF-400710,Micro-manipulation,search_phrase,Canonical ANZSRC field phrase
CF-400710,"Control engineering, mechatronics and robotics",broader,Immediate ANZSRC broader research group
CF-400711,"Simulation, modelling, and programming of mechatronics systems",search_phrase,Canonical ANZSRC field phrase
CF-400711,"Control engineering, mechatronics and robotics",broader,Immediate ANZSRC broader research group
CF-400799,"Control engineering, mechatronics and robotics not elsewhere classified",search_phrase,Canonical ANZSRC field phrase
CF-400799,"Control engineering, mechatronics and robotics",broader,Immediate ANZSRC broader research group
CF-400801,Circuits and systems,search_phrase,Canonical ANZSRC field phrase
CF-400801,Electrical engineering,broader,Immediate ANZSRC broader research group
CF-400802,Electrical circuits and systems,search_phrase,Canonical ANZSRC field phrase
CF-400802,Electrical engineering,broader,Immediate ANZSRC broader research group
CF-400803,"Electrical energy generation (incl. renewables, excl. photovoltaics)",search_phrase,Canonical ANZSRC field phrase
CF-400803,Electrical engineering,broader,Immediate ANZSRC broader research group
CF-400804,Electrical energy storage,search_phrase,Canonical ANZSRC field phrase
CF-400804,Electrical engineering,broader,Immediate ANZSRC broader research group
CF-400805,"Electrical energy transmission, networks and systems",search_phrase,Canonical ANZSRC field phrase
CF-400805,Electrical engineering,broader,Immediate ANZSRC broader research group
CF-400806,Electrical machines and drives,search_phrase,Canonical ANZSRC field phrase
CF-400806,Electrical engineering,broader,Immediate ANZSRC broader research group
CF-400807,Engineering electromagnetics,search_phrase,Canonical ANZSRC field phrase
CF-400807,Electrical engineering,broader,Immediate ANZSRC broader research group
CF-400808,Photovoltaic power systems,search_phrase,Canonical ANZSRC field phrase
CF-400808,Electrical engineering,broader,Immediate ANZSRC broader research group
CF-400899,Electrical engineering not elsewhere classified,search_phrase,Canonical ANZSRC field phrase
CF-400899,Electrical engineering,broader,Immediate ANZSRC broader research group
CF-400901,Analog electronics and interfaces,search_phrase,Canonical ANZSRC field phrase
CF-400901,"Electronics, sensors and digital hardware",broader,Immediate ANZSRC broader research group
CF-400902,Digital electronic devices,search_phrase,Canonical ANZSRC field phrase
CF-400902,"Electronics, sensors and digital hardware",broader,Immediate ANZSRC broader research group
CF-400903,Digital processor architectures,search_phrase,Canonical ANZSRC field phrase
CF-400903,"Electronics, sensors and digital hardware",broader,Immediate ANZSRC broader research group
CF-400904,"Electronic device and system performance evaluation, testing and simulation",search_phrase,Canonical ANZSRC field phrase
CF-400904,"Electronics, sensors and digital hardware",broader,Immediate ANZSRC broader research group
CF-400905,Electronic instrumentation,search_phrase,Canonical ANZSRC field phrase
CF-400905,"Electronics, sensors and digital hardware",broader,Immediate ANZSRC broader research group
CF-400906,Electronic sensors,search_phrase,Canonical ANZSRC field phrase
CF-400906,"Electronics, sensors and digital hardware",broader,Immediate ANZSRC broader research group
CF-400907,Industrial electronics,search_phrase,Canonical ANZSRC field phrase
CF-400907,"Electronics, sensors and digital hardware",broader,Immediate ANZSRC broader research group
CF-400908,Microelectronics,search_phrase,Canonical ANZSRC field phrase
CF-400908,"Electronics, sensors and digital hardware",broader,Immediate ANZSRC broader research group
CF-400909,"Photonic and electro-optical devices, sensors and systems (excl. communications)",search_phrase,Canonical ANZSRC field phrase
CF-400909,"Electronics, sensors and digital hardware",broader,Immediate ANZSRC broader research group
CF-400910,Photovoltaic devices (solar cells),search_phrase,Canonical ANZSRC field phrase
CF-400910,"Electronics, sensors and digital hardware",broader,Immediate ANZSRC broader research group
CF-400911,Power electronics,search_phrase,Canonical ANZSRC field phrase
CF-400911,"Electronics, sensors and digital hardware",broader,Immediate ANZSRC broader research group
CF-400912,Quantum engineering systems (incl. computing and communications),search_phrase,Canonical ANZSRC field phrase
CF-400912,"Electronics, sensors and digital hardware",broader,Immediate ANZSRC broader research group
CF-400913,Radio frequency engineering,search_phrase,Canonical ANZSRC field phrase
CF-400913,"Electronics, sensors and digital hardware",broader,Immediate ANZSRC broader research group
CF-400999,"Electronics, sensors and digital hardware not elsewhere classified",search_phrase,Canonical ANZSRC field phrase
CF-400999,"Electronics, sensors and digital hardware",broader,Immediate ANZSRC broader research group
CF-401001,Engineering design,search_phrase,Canonical ANZSRC field phrase
CF-401001,Engineering practice and education,broader,Immediate ANZSRC broader research group
CF-401002,Engineering education,search_phrase,Canonical ANZSRC field phrase
CF-401002,Engineering practice and education,broader,Immediate ANZSRC broader research group
CF-401003,Engineering practice,search_phrase,Canonical ANZSRC field phrase
CF-401003,Engineering practice and education,broader,Immediate ANZSRC broader research group
CF-401004,Humanitarian engineering,search_phrase,Canonical ANZSRC field phrase
CF-401004,Engineering practice and education,broader,Immediate ANZSRC broader research group
CF-401005,Risk engineering,search_phrase,Canonical ANZSRC field phrase
CF-401005,Engineering practice and education,broader,Immediate ANZSRC broader research group
CF-401006,Systems engineering,search_phrase,Canonical ANZSRC field phrase
CF-401006,Engineering practice and education,broader,Immediate ANZSRC broader research group
CF-401099,Engineering practice and education not elsewhere classified,search_phrase,Canonical ANZSRC field phrase
CF-401099,Engineering practice and education,broader,Immediate ANZSRC broader research group
CF-401101,Air pollution modelling and control,search_phrase,Canonical ANZSRC field phrase
CF-401101,Environmental engineering,broader,Immediate ANZSRC broader research group
CF-401102,Environmentally sustainable engineering,search_phrase,Canonical ANZSRC field phrase
CF-401102,Environmental engineering,broader,Immediate ANZSRC broader research group
CF-401103,Global and planetary environmental engineering,search_phrase,Canonical ANZSRC field phrase
CF-401103,Environmental engineering,broader,Immediate ANZSRC broader research group
CF-401104,Health and ecological risk assessment,search_phrase,Canonical ANZSRC field phrase
CF-401104,Environmental engineering,broader,Immediate ANZSRC broader research group
CF-401105,Life cycle assessment and industrial ecology,search_phrase,Canonical ANZSRC field phrase
CF-401105,Environmental engineering,broader,Immediate ANZSRC broader research group
CF-401106,"Waste management, reduction, reuse and recycling",search_phrase,Canonical ANZSRC field phrase
CF-401106,Environmental engineering,broader,Immediate ANZSRC broader research group
CF-401199,Environmental engineering not elsewhere classified,search_phrase,Canonical ANZSRC field phrase
CF-401199,Environmental engineering,broader,Immediate ANZSRC broader research group
CF-401201,Aerodynamics (excl. hypersonic aerodynamics),search_phrase,Canonical ANZSRC field phrase
CF-401201,Fluid mechanics and thermal engineering,broader,Immediate ANZSRC broader research group
CF-401202,Bio-fluids,search_phrase,Canonical ANZSRC field phrase
CF-401202,Fluid mechanics and thermal engineering,broader,Immediate ANZSRC broader research group
CF-401203,Biomedical fluid mechanics,search_phrase,Canonical ANZSRC field phrase
CF-401203,Fluid mechanics and thermal engineering,broader,Immediate ANZSRC broader research group
CF-401204,"Computational methods in fluid flow, heat and mass transfer (incl. computational fluid dynamics)",search_phrase,Canonical ANZSRC field phrase
CF-401204,Fluid mechanics and thermal engineering,broader,Immediate ANZSRC broader research group
CF-401205,"Experimental methods in fluid flow, heat and mass transfer",search_phrase,Canonical ANZSRC field phrase
CF-401205,Fluid mechanics and thermal engineering,broader,Immediate ANZSRC broader research group
CF-401206,Fluid-structure interaction and aeroacoustics,search_phrase,Canonical ANZSRC field phrase
CF-401206,Fluid mechanics and thermal engineering,broader,Immediate ANZSRC broader research group
CF-401207,Fundamental and theoretical fluid dynamics,search_phrase,Canonical ANZSRC field phrase
CF-401207,Fluid mechanics and thermal engineering,broader,Immediate ANZSRC broader research group
CF-401208,Geophysical and environmental fluid flows,search_phrase,Canonical ANZSRC field phrase
CF-401208,Fluid mechanics and thermal engineering,broader,Immediate ANZSRC broader research group
CF-401209,Hydrodynamics and hydraulic engineering,search_phrase,Canonical ANZSRC field phrase
CF-401209,Fluid mechanics and thermal engineering,broader,Immediate ANZSRC broader research group
CF-401210,Microfluidics and nanofluidics,search_phrase,Canonical ANZSRC field phrase
CF-401210,Fluid mechanics and thermal engineering,broader,Immediate ANZSRC broader research group
CF-401211,Multiphysics flows (incl. multiphase and reacting flows),search_phrase,Canonical ANZSRC field phrase
CF-401211,Fluid mechanics and thermal engineering,broader,Immediate ANZSRC broader research group
CF-401212,Non-Newtonian fluid flows (incl. rheology),search_phrase,Canonical ANZSRC field phrase
CF-401212,Fluid mechanics and thermal engineering,broader,Immediate ANZSRC broader research group
CF-401213,Turbulent flows,search_phrase,Canonical ANZSRC field phrase
CF-401213,Fluid mechanics and thermal engineering,broader,Immediate ANZSRC broader research group
CF-401299,Fluid mechanics and thermal engineering not elsewhere classified,search_phrase,Canonical ANZSRC field phrase
CF-401299,Fluid mechanics and thermal engineering,broader,Immediate ANZSRC broader research group
CF-401301,Cartography and digital mapping,search_phrase,Canonical ANZSRC field phrase
CF-401301,Geomatic engineering,broader,Immediate ANZSRC broader research group
CF-401302,Geospatial information systems and geospatial data modelling,search_phrase,Canonical ANZSRC field phrase
CF-401302,Geomatic engineering,broader,Immediate ANZSRC broader research group
CF-401303,Navigation and position fixing,search_phrase,Canonical ANZSRC field phrase
CF-401303,Geomatic engineering,broader,Immediate ANZSRC broader research group
CF-401304,Photogrammetry and remote sensing,search_phrase,Canonical ANZSRC field phrase
CF-401304,Geomatic engineering,broader,Immediate ANZSRC broader research group
CF-401305,Satellite-based positioning,search_phrase,Canonical ANZSRC field phrase
CF-401305,Geomatic engineering,broader,Immediate ANZSRC broader research group
CF-401306,Surveying (incl. hydrographic surveying),search_phrase,Canonical ANZSRC field phrase
CF-401306,Geomatic engineering,broader,Immediate ANZSRC broader research group
CF-401399,Geomatic engineering not elsewhere classified,search_phrase,Canonical ANZSRC field phrase
CF-401399,Geomatic engineering,broader,Immediate ANZSRC broader research group
CF-401401,Additive manufacturing,search_phrase,Canonical ANZSRC field phrase
CF-401401,Manufacturing engineering,broader,Immediate ANZSRC broader research group
CF-401402,CAD/CAM systems,search_phrase,Canonical ANZSRC field phrase
CF-401402,Manufacturing engineering,broader,Immediate ANZSRC broader research group
CF-401403,Flexible manufacturing systems,search_phrase,Canonical ANZSRC field phrase
CF-401403,Manufacturing engineering,broader,Immediate ANZSRC broader research group
CF-401404,Industrial engineering,search_phrase,Canonical ANZSRC field phrase
CF-401404,Manufacturing engineering,broader,Immediate ANZSRC broader research group
CF-401405,Machine tools,search_phrase,Canonical ANZSRC field phrase
CF-401405,Manufacturing engineering,broader,Immediate ANZSRC broader research group
CF-401406,Machining,search_phrase,Canonical ANZSRC field phrase
CF-401406,Manufacturing engineering,broader,Immediate ANZSRC broader research group
CF-401407,Manufacturing management,search_phrase,Canonical ANZSRC field phrase
CF-401407,Manufacturing engineering,broader,Immediate ANZSRC broader research group
CF-401408,Manufacturing processes and technologies (excl. textiles),search_phrase,Canonical ANZSRC field phrase
CF-401408,Manufacturing engineering,broader,Immediate ANZSRC broader research group
CF-401409,Manufacturing safety and quality,search_phrase,Canonical ANZSRC field phrase
CF-401409,Manufacturing engineering,broader,Immediate ANZSRC broader research group
CF-401410,Microtechnology,search_phrase,Canonical ANZSRC field phrase
CF-401410,Manufacturing engineering,broader,Immediate ANZSRC broader research group
CF-401411,"Packaging, storage and transportation (excl. food and agricultural products)",search_phrase,Canonical ANZSRC field phrase
CF-401411,Manufacturing engineering,broader,Immediate ANZSRC broader research group
CF-401412,Precision engineering,search_phrase,Canonical ANZSRC field phrase
CF-401412,Manufacturing engineering,broader,Immediate ANZSRC broader research group
CF-401413,Textile technology,search_phrase,Canonical ANZSRC field phrase
CF-401413,Manufacturing engineering,broader,Immediate ANZSRC broader research group
CF-401499,Manufacturing engineering not elsewhere classified,search_phrase,Canonical ANZSRC field phrase
CF-401499,Manufacturing engineering,broader,Immediate ANZSRC broader research group
CF-401501,Marine engineering,search_phrase,Canonical ANZSRC field phrase
CF-401501,Maritime engineering,broader,Immediate ANZSRC broader research group
CF-401502,Naval architecture,search_phrase,Canonical ANZSRC field phrase
CF-401502,Maritime engineering,broader,Immediate ANZSRC broader research group
CF-401503,Ocean engineering,search_phrase,Canonical ANZSRC field phrase
CF-401503,Maritime engineering,broader,Immediate ANZSRC broader research group
CF-401504,Ship and platform structures (incl. maritime hydrodynamics),search_phrase,Canonical ANZSRC field phrase
CF-401504,Maritime engineering,broader,Immediate ANZSRC broader research group
CF-401505,Special vehicles,search_phrase,Canonical ANZSRC field phrase
CF-401505,Maritime engineering,broader,Immediate ANZSRC broader research group
CF-401599,Maritime engineering not elsewhere classified,search_phrase,Canonical ANZSRC field phrase
CF-401599,Maritime engineering,broader,Immediate ANZSRC broader research group
CF-401601,Ceramics,search_phrase,Canonical ANZSRC field phrase
CF-401601,Materials engineering,broader,Immediate ANZSRC broader research group
CF-401602,Composite and hybrid materials,search_phrase,Canonical ANZSRC field phrase
CF-401602,Materials engineering,broader,Immediate ANZSRC broader research group
CF-401603,Compound semiconductors,search_phrase,Canonical ANZSRC field phrase
CF-401603,Materials engineering,broader,Immediate ANZSRC broader research group
CF-401604,Elemental semiconductors,search_phrase,Canonical ANZSRC field phrase
CF-401604,Materials engineering,broader,Immediate ANZSRC broader research group
CF-401605,Functional materials,search_phrase,Canonical ANZSRC field phrase
CF-401605,Materials engineering,broader,Immediate ANZSRC broader research group
CF-401606,Glass,search_phrase,Canonical ANZSRC field phrase
CF-401606,Materials engineering,broader,Immediate ANZSRC broader research group
CF-401607,Metals and alloy materials,search_phrase,Canonical ANZSRC field phrase
CF-401607,Materials engineering,broader,Immediate ANZSRC broader research group
CF-401608,Organic semiconductors,search_phrase,Canonical ANZSRC field phrase
CF-401608,Materials engineering,broader,Immediate ANZSRC broader research group
CF-401609,Polymers and plastics,search_phrase,Canonical ANZSRC field phrase
CF-401609,Materials engineering,broader,Immediate ANZSRC broader research group
CF-401610,"Timber, pulp and paper",search_phrase,Canonical ANZSRC field phrase
CF-401610,Materials engineering,broader,Immediate ANZSRC broader research group
CF-401611,Wearable materials,search_phrase,Canonical ANZSRC field phrase
CF-401611,Materials engineering,broader,Immediate ANZSRC broader research group
CF-401699,Materials engineering not elsewhere classified,search_phrase,Canonical ANZSRC field phrase
CF-401699,Materials engineering,broader,Immediate ANZSRC broader research group
CF-401701,Acoustics and noise control (excl. architectural acoustics),search_phrase,Canonical ANZSRC field phrase
CF-401701,Mechanical engineering,broader,Immediate ANZSRC broader research group
CF-401702,"Dynamics, vibration and vibration control",search_phrase,Canonical ANZSRC field phrase
CF-401702,Mechanical engineering,broader,Immediate ANZSRC broader research group
CF-401703,"Energy generation, conversion and storage (excl. chemical and electrical)",search_phrase,Canonical ANZSRC field phrase
CF-401703,Mechanical engineering,broader,Immediate ANZSRC broader research group
CF-401704,Mechanical engineering asset management,search_phrase,Canonical ANZSRC field phrase
CF-401704,Mechanical engineering,broader,Immediate ANZSRC broader research group
CF-401705,Microelectromechanical systems (MEMS),search_phrase,Canonical ANZSRC field phrase
CF-401705,Mechanical engineering,broader,Immediate ANZSRC broader research group
CF-401706,Numerical modelling and mechanical characterisation,search_phrase,Canonical ANZSRC field phrase
CF-401706,Mechanical engineering,broader,Immediate ANZSRC broader research group
CF-401707,Solid mechanics,search_phrase,Canonical ANZSRC field phrase
CF-401707,Mechanical engineering,broader,Immediate ANZSRC broader research group
CF-401708,Tribology,search_phrase,Canonical ANZSRC field phrase
CF-401708,Mechanical engineering,broader,Immediate ANZSRC broader research group
CF-401799,Mechanical engineering not elsewhere classified,search_phrase,Canonical ANZSRC field phrase
CF-401799,Mechanical engineering,broader,Immediate ANZSRC broader research group
CF-401801,Micro- and nanosystems,search_phrase,Canonical ANZSRC field phrase
CF-401801,Nanotechnology,broader,Immediate ANZSRC broader research group
CF-401802,Molecular and organic electronics,search_phrase,Canonical ANZSRC field phrase
CF-401802,Nanotechnology,broader,Immediate ANZSRC broader research group
CF-401803,Nanoelectromechanical systems,search_phrase,Canonical ANZSRC field phrase
CF-401803,Nanotechnology,broader,Immediate ANZSRC broader research group
CF-401804,Nanoelectronics,search_phrase,Canonical ANZSRC field phrase
CF-401804,Nanotechnology,broader,Immediate ANZSRC broader research group
CF-401805,"Nanofabrication, growth and self assembly",search_phrase,Canonical ANZSRC field phrase
CF-401805,Nanotechnology,broader,Immediate ANZSRC broader research group
CF-401806,Nanomanufacturing,search_phrase,Canonical ANZSRC field phrase
CF-401806,Nanotechnology,broader,Immediate ANZSRC broader research group
CF-401807,Nanomaterials,search_phrase,Canonical ANZSRC field phrase
CF-401807,Nanotechnology,broader,Immediate ANZSRC broader research group
CF-401808,Nanometrology,search_phrase,Canonical ANZSRC field phrase
CF-401808,Nanotechnology,broader,Immediate ANZSRC broader research group
CF-401809,Nanophotonics,search_phrase,Canonical ANZSRC field phrase
CF-401809,Nanotechnology,broader,Immediate ANZSRC broader research group
CF-401810,Nanoscale characterisation,search_phrase,Canonical ANZSRC field phrase
CF-401810,Nanotechnology,broader,Immediate ANZSRC broader research group
CF-401899,Nanotechnology not elsewhere classified,search_phrase,Canonical ANZSRC field phrase
CF-401899,Nanotechnology,broader,Immediate ANZSRC broader research group
CF-401901,Electrometallurgy,search_phrase,Canonical ANZSRC field phrase
CF-401901,Resources engineering and extractive metallurgy,broader,Immediate ANZSRC broader research group
CF-401902,Geomechanics and resources geotechnical engineering,search_phrase,Canonical ANZSRC field phrase
CF-401902,Resources engineering and extractive metallurgy,broader,Immediate ANZSRC broader research group
CF-401903,Hydrometallurgy,search_phrase,Canonical ANZSRC field phrase
CF-401903,Resources engineering and extractive metallurgy,broader,Immediate ANZSRC broader research group
CF-401904,Mineral processing/beneficiation,search_phrase,Canonical ANZSRC field phrase
CF-401904,Resources engineering and extractive metallurgy,broader,Immediate ANZSRC broader research group
CF-401905,Mining engineering,search_phrase,Canonical ANZSRC field phrase
CF-401905,Resources engineering and extractive metallurgy,broader,Immediate ANZSRC broader research group
CF-401906,Nuclear engineering (incl. fuel enrichment and waste processing and storage),search_phrase,Canonical ANZSRC field phrase
CF-401906,Resources engineering and extractive metallurgy,broader,Immediate ANZSRC broader research group
CF-401907,Petroleum and reservoir engineering,search_phrase,Canonical ANZSRC field phrase
CF-401907,Resources engineering and extractive metallurgy,broader,Immediate ANZSRC broader research group
CF-401908,Pyrometallurgy,search_phrase,Canonical ANZSRC field phrase
CF-401908,Resources engineering and extractive metallurgy,broader,Immediate ANZSRC broader research group
CF-401999,Resources engineering and extractive metallurgy not elsewhere classified,search_phrase,Canonical ANZSRC field phrase
CF-401999,Resources engineering and extractive metallurgy,broader,Immediate ANZSRC broader research group
CF-409901,Agricultural engineering,search_phrase,Canonical ANZSRC field phrase
CF-409901,Other engineering,broader,Immediate ANZSRC broader research group
CF-409902,Engineering instrumentation,search_phrase,Canonical ANZSRC field phrase
CF-409902,Other engineering,broader,Immediate ANZSRC broader research group
CF-409903,Granular mechanics,search_phrase,Canonical ANZSRC field phrase
CF-409903,Other engineering,broader,Immediate ANZSRC broader research group
CF-409999,Other engineering not elsewhere classified,search_phrase,Canonical ANZSRC field phrase
CF-409999,Other engineering,broader,Immediate ANZSRC broader research group
CF-410101,Carbon sequestration science,search_phrase,Canonical ANZSRC field phrase
CF-410101,Climate change impacts and adaptation,broader,Immediate ANZSRC broader research group
CF-410102,Ecological impacts of climate change and ecological adaptation,search_phrase,Canonical ANZSRC field phrase
CF-410102,Climate change impacts and adaptation,broader,Immediate ANZSRC broader research group
CF-410103,Human impacts of climate change and human adaptation,search_phrase,Canonical ANZSRC field phrase
CF-410103,Climate change impacts and adaptation,broader,Immediate ANZSRC broader research group
CF-410199,Climate change impacts and adaptation not elsewhere classified,search_phrase,Canonical ANZSRC field phrase
CF-410199,Climate change impacts and adaptation,broader,Immediate ANZSRC broader research group
CF-410201,Bioavailability and ecotoxicology,search_phrase,Canonical ANZSRC field phrase
CF-410201,Ecological applications,broader,Immediate ANZSRC broader research group
CF-410202,Biosecurity science and invasive species ecology,search_phrase,Canonical ANZSRC field phrase
CF-410202,Ecological applications,broader,Immediate ANZSRC broader research group
CF-410203,Ecosystem function,search_phrase,Canonical ANZSRC field phrase
CF-410203,Ecological applications,broader,Immediate ANZSRC broader research group
CF-410204,Ecosystem services (incl. pollination),search_phrase,Canonical ANZSRC field phrase
CF-410204,Ecological applications,broader,Immediate ANZSRC broader research group
CF-410205,Fire ecology,search_phrase,Canonical ANZSRC field phrase
CF-410205,Ecological applications,broader,Immediate ANZSRC broader research group
CF-410206,Landscape ecology,search_phrase,Canonical ANZSRC field phrase
CF-410206,Ecological applications,broader,Immediate ANZSRC broader research group
CF-410299,Ecological applications not elsewhere classified,search_phrase,Canonical ANZSRC field phrase
CF-410299,Ecological applications,broader,Immediate ANZSRC broader research group
CF-410301,Biodiscovery,search_phrase,Canonical ANZSRC field phrase
CF-410301,Environmental biotechnology,broader,Immediate ANZSRC broader research group
CF-410302,Biological control,search_phrase,Canonical ANZSRC field phrase
CF-410302,Environmental biotechnology,broader,Immediate ANZSRC broader research group
CF-410303,Bioremediation,search_phrase,Canonical ANZSRC field phrase
CF-410303,Environmental biotechnology,broader,Immediate ANZSRC broader research group
CF-410304,Environmental biotechnology diagnostics (incl. biosensors),search_phrase,Canonical ANZSRC field phrase
CF-410304,Environmental biotechnology,broader,Immediate ANZSRC broader research group
CF-410305,Environmental marine biotechnology,search_phrase,Canonical ANZSRC field phrase
CF-410305,Environmental biotechnology,broader,Immediate ANZSRC broader research group
CF-410306,Environmental nanotechnology and nanometrology,search_phrase,Canonical ANZSRC field phrase
CF-410306,Environmental biotechnology,broader,Immediate ANZSRC broader research group
CF-410399,Environmental biotechnology not elsewhere classified,search_phrase,Canonical ANZSRC field phrase
CF-410399,Environmental biotechnology,broader,Immediate ANZSRC broader research group
CF-410401,Conservation and biodiversity,search_phrase,Canonical ANZSRC field phrase
CF-410401,Environmental management,broader,Immediate ANZSRC broader research group
CF-410402,Environmental assessment and monitoring,search_phrase,Canonical ANZSRC field phrase
CF-410402,Environmental management,broader,Immediate ANZSRC broader research group
CF-410403,Environmental education and extension,search_phrase,Canonical ANZSRC field phrase
CF-410403,Environmental management,broader,Immediate ANZSRC broader research group
CF-410404,Environmental management,search_phrase,Canonical ANZSRC field phrase
CF-410404,Environmental management,broader,Immediate ANZSRC broader research group
CF-410405,Environmental rehabilitation and restoration,search_phrase,Canonical ANZSRC field phrase
CF-410405,Environmental management,broader,Immediate ANZSRC broader research group
CF-410406,Natural resource management,search_phrase,Canonical ANZSRC field phrase
CF-410406,Environmental management,broader,Immediate ANZSRC broader research group
CF-410407,Wildlife and habitat management,search_phrase,Canonical ANZSRC field phrase
CF-410407,Environmental management,broader,Immediate ANZSRC broader research group
CF-410499,Environmental management not elsewhere classified,search_phrase,Canonical ANZSRC field phrase
CF-410499,Environmental management,broader,Immediate ANZSRC broader research group
CF-410501,Environmental biogeochemistry,search_phrase,Canonical ANZSRC field phrase
CF-410501,Pollution and contamination,broader,Immediate ANZSRC broader research group
CF-410502,Noise and wave pollution processes and measurement,search_phrase,Canonical ANZSRC field phrase
CF-410502,Pollution and contamination,broader,Immediate ANZSRC broader research group
CF-410503,Groundwater quality processes and contaminated land assessment,search_phrase,Canonical ANZSRC field phrase
CF-410503,Pollution and contamination,broader,Immediate ANZSRC broader research group
CF-410504,Surface water quality processes and contaminated sediment assessment,search_phrase,Canonical ANZSRC field phrase
CF-410504,Pollution and contamination,broader,Immediate ANZSRC broader research group
CF-410599,Pollution and contamination not elsewhere classified,search_phrase,Canonical ANZSRC field phrase
CF-410599,Pollution and contamination,broader,Immediate ANZSRC broader research group
CF-410601,Land capability and soil productivity,search_phrase,Canonical ANZSRC field phrase
CF-410601,Soil sciences,broader,Immediate ANZSRC broader research group
CF-410602,Pedology and pedometrics,search_phrase,Canonical ANZSRC field phrase
CF-410602,Soil sciences,broader,Immediate ANZSRC broader research group
CF-410603,Soil biology,search_phrase,Canonical ANZSRC field phrase
CF-410603,Soil sciences,broader,Immediate ANZSRC broader research group
CF-410604,Soil chemistry and soil carbon sequestration (excl. carbon sequestration science),search_phrase,Canonical ANZSRC field phrase
CF-410604,Soil sciences,broader,Immediate ANZSRC broader research group
CF-410605,Soil physics,search_phrase,Canonical ANZSRC field phrase
CF-410605,Soil sciences,broader,Immediate ANZSRC broader research group
CF-410699,Soil sciences not elsewhere classified,search_phrase,Canonical ANZSRC field phrase
CF-410699,Soil sciences,broader,Immediate ANZSRC broader research group
CF-419999,Other environmental sciences not elsewhere classified,search_phrase,Canonical ANZSRC field phrase
CF-419999,Other environmental sciences,broader,Immediate ANZSRC broader research group
CF-420101,Arts therapy,search_phrase,Canonical ANZSRC field phrase
CF-420101,Allied health and rehabilitation science,broader,Immediate ANZSRC broader research group
CF-420102,Audiology,search_phrase,Canonical ANZSRC field phrase
CF-420102,Allied health and rehabilitation science,broader,Immediate ANZSRC broader research group
CF-420103,Music therapy,search_phrase,Canonical ANZSRC field phrase
CF-420103,Allied health and rehabilitation science,broader,Immediate ANZSRC broader research group
CF-420104,Occupational therapy,search_phrase,Canonical ANZSRC field phrase
CF-420104,Allied health and rehabilitation science,broader,Immediate ANZSRC broader research group
CF-420105,Orthoptics,search_phrase,Canonical ANZSRC field phrase
CF-420105,Allied health and rehabilitation science,broader,Immediate ANZSRC broader research group
CF-420106,Physiotherapy,search_phrase,Canonical ANZSRC field phrase
CF-420106,Allied health and rehabilitation science,broader,Immediate ANZSRC broader research group
CF-420107,Podiatry,search_phrase,Canonical ANZSRC field phrase
CF-420107,Allied health and rehabilitation science,broader,Immediate ANZSRC broader research group
CF-420108,Prosthetics and orthotics,search_phrase,Canonical ANZSRC field phrase
CF-420108,Allied health and rehabilitation science,broader,Immediate ANZSRC broader research group
CF-420109,Rehabilitation,search_phrase,Canonical ANZSRC field phrase
CF-420109,Allied health and rehabilitation science,broader,Immediate ANZSRC broader research group
CF-420110,Speech pathology,search_phrase,Canonical ANZSRC field phrase
CF-420110,Allied health and rehabilitation science,broader,Immediate ANZSRC broader research group
CF-420199,Allied health and rehabilitation science not elsewhere classified,search_phrase,Canonical ANZSRC field phrase
CF-420199,Allied health and rehabilitation science,broader,Immediate ANZSRC broader research group
CF-420201,Behavioural epidemiology,search_phrase,Canonical ANZSRC field phrase
CF-420201,Epidemiology,broader,Immediate ANZSRC broader research group
CF-420202,Disease surveillance,search_phrase,Canonical ANZSRC field phrase
CF-420202,Epidemiology,broader,Immediate ANZSRC broader research group
CF-420203,Environmental epidemiology,search_phrase,Canonical ANZSRC field phrase
CF-420203,Epidemiology,broader,Immediate ANZSRC broader research group
CF-420204,Epidemiological methods,search_phrase,Canonical ANZSRC field phrase
CF-420204,Epidemiology,broader,Immediate ANZSRC broader research group
CF-420205,Epidemiological modelling,search_phrase,Canonical ANZSRC field phrase
CF-420205,Epidemiology,broader,Immediate ANZSRC broader research group
CF-420206,Forensic epidemiology,search_phrase,Canonical ANZSRC field phrase
CF-420206,Epidemiology,broader,Immediate ANZSRC broader research group
CF-420207,Major global burdens of disease,search_phrase,Canonical ANZSRC field phrase
CF-420207,Epidemiology,broader,Immediate ANZSRC broader research group
CF-420208,Nutritional epidemiology,search_phrase,Canonical ANZSRC field phrase
CF-420208,Epidemiology,broader,Immediate ANZSRC broader research group
CF-420209,Occupational epidemiology,search_phrase,Canonical ANZSRC field phrase
CF-420209,Epidemiology,broader,Immediate ANZSRC broader research group
CF-420210,Social epidemiology,search_phrase,Canonical ANZSRC field phrase
CF-420210,Epidemiology,broader,Immediate ANZSRC broader research group
CF-420299,Epidemiology not elsewhere classified,search_phrase,Canonical ANZSRC field phrase
CF-420299,Epidemiology,broader,Immediate ANZSRC broader research group
CF-420301,Aged health care,search_phrase,Canonical ANZSRC field phrase
CF-420301,Health services and systems,broader,Immediate ANZSRC broader research group
CF-420302,Digital health,search_phrase,Canonical ANZSRC field phrase
CF-420302,Health services and systems,broader,Immediate ANZSRC broader research group
CF-420303,Family care,search_phrase,Canonical ANZSRC field phrase
CF-420303,Health services and systems,broader,Immediate ANZSRC broader research group
CF-420304,General practice,search_phrase,Canonical ANZSRC field phrase
CF-420304,Health services and systems,broader,Immediate ANZSRC broader research group
CF-420305,Health and community services,search_phrase,Canonical ANZSRC field phrase
CF-420305,Health services and systems,broader,Immediate ANZSRC broader research group
CF-420306,Health care administration,search_phrase,Canonical ANZSRC field phrase
CF-420306,Health services and systems,broader,Immediate ANZSRC broader research group
CF-420307,Health counselling,search_phrase,Canonical ANZSRC field phrase
CF-420307,Health services and systems,broader,Immediate ANZSRC broader research group
CF-420308,Health informatics and information systems,search_phrase,Canonical ANZSRC field phrase
CF-420308,Health services and systems,broader,Immediate ANZSRC broader research group
CF-420309,Health management,search_phrase,Canonical ANZSRC field phrase
CF-420309,Health services and systems,broader,Immediate ANZSRC broader research group
CF-420310,Health surveillance,search_phrase,Canonical ANZSRC field phrase
CF-420310,Health services and systems,broader,Immediate ANZSRC broader research group
CF-420311,Health systems,search_phrase,Canonical ANZSRC field phrase
CF-420311,Health services and systems,broader,Immediate ANZSRC broader research group
CF-420312,Implementation science and evaluation,search_phrase,Canonical ANZSRC field phrase
CF-420312,Health services and systems,broader,Immediate ANZSRC broader research group
CF-420313,Mental health services,search_phrase,Canonical ANZSRC field phrase
CF-420313,Health services and systems,broader,Immediate ANZSRC broader research group
CF-420314,Multimorbidity,search_phrase,Canonical ANZSRC field phrase
CF-420314,Health services and systems,broader,Immediate ANZSRC broader research group
CF-420315,One health,search_phrase,Canonical ANZSRC field phrase
CF-420315,Health services and systems,broader,Immediate ANZSRC broader research group
CF-420316,Palliative care,search_phrase,Canonical ANZSRC field phrase
CF-420316,Health services and systems,broader,Immediate ANZSRC broader research group
CF-420317,Patient safety,search_phrase,Canonical ANZSRC field phrase
CF-420317,Health services and systems,broader,Immediate ANZSRC broader research group
CF-420318,People with disability,search_phrase,Canonical ANZSRC field phrase
CF-420318,Health services and systems,broader,Immediate ANZSRC broader research group
CF-420319,Primary health care,search_phrase,Canonical ANZSRC field phrase
CF-420319,Health services and systems,broader,Immediate ANZSRC broader research group
CF-420320,Residential client care,search_phrase,Canonical ANZSRC field phrase
CF-420320,Health services and systems,broader,Immediate ANZSRC broader research group
CF-420321,Rural and remote health services,search_phrase,Canonical ANZSRC field phrase
CF-420321,Health services and systems,broader,Immediate ANZSRC broader research group
CF-420399,Health services and systems not elsewhere classified,search_phrase,Canonical ANZSRC field phrase
CF-420399,Health services and systems,broader,Immediate ANZSRC broader research group
CF-420401,Clinical midwifery,search_phrase,Canonical ANZSRC field phrase
CF-420401,Midwifery,broader,Immediate ANZSRC broader research group
CF-420402,Models of care and place of birth,search_phrase,Canonical ANZSRC field phrase
CF-420402,Midwifery,broader,Immediate ANZSRC broader research group
CF-420403,Psychosocial aspects of childbirth and perinatal mental health,search_phrase,Canonical ANZSRC field phrase
CF-420403,Midwifery,broader,Immediate ANZSRC broader research group
CF-420499,Midwifery not elsewhere classified,search_phrase,Canonical ANZSRC field phrase
CF-420499,Midwifery,broader,Immediate ANZSRC broader research group
CF-420501,Acute care,search_phrase,Canonical ANZSRC field phrase
CF-420501,Nursing,broader,Immediate ANZSRC broader research group
CF-420502,Aged care nursing,search_phrase,Canonical ANZSRC field phrase
CF-420502,Nursing,broader,Immediate ANZSRC broader research group
CF-420503,Community and primary care,search_phrase,Canonical ANZSRC field phrase
CF-420503,Nursing,broader,Immediate ANZSRC broader research group
CF-420504,Mental health nursing,search_phrase,Canonical ANZSRC field phrase
CF-420504,Nursing,broader,Immediate ANZSRC broader research group
CF-420505,Nursing workforce,search_phrase,Canonical ANZSRC field phrase
CF-420505,Nursing,broader,Immediate ANZSRC broader research group
CF-420506,Sub-acute care,search_phrase,Canonical ANZSRC field phrase
CF-420506,Nursing,broader,Immediate ANZSRC broader research group
CF-420599,Nursing not elsewhere classified,search_phrase,Canonical ANZSRC field phrase
CF-420599,Nursing,broader,Immediate ANZSRC broader research group
CF-420601,Community child health,search_phrase,Canonical ANZSRC field phrase
CF-420601,Public health,broader,Immediate ANZSRC broader research group
CF-420602,Health equity,search_phrase,Canonical ANZSRC field phrase
CF-420602,Public health,broader,Immediate ANZSRC broader research group
CF-420603,Health promotion,search_phrase,Canonical ANZSRC field phrase
CF-420603,Public health,broader,Immediate ANZSRC broader research group
CF-420604,Injury prevention,search_phrase,Canonical ANZSRC field phrase
CF-420604,Public health,broader,Immediate ANZSRC broader research group
CF-420605,Preventative health care,search_phrase,Canonical ANZSRC field phrase
CF-420605,Public health,broader,Immediate ANZSRC broader research group
CF-420606,Social determinants of health,search_phrase,Canonical ANZSRC field phrase
CF-420606,Public health,broader,Immediate ANZSRC broader research group
CF-420699,Public health not elsewhere classified,search_phrase,Canonical ANZSRC field phrase
CF-420699,Public health,broader,Immediate ANZSRC broader research group
CF-420701,Biomechanics,search_phrase,Canonical ANZSRC field phrase
CF-420701,Sports science and exercise,broader,Immediate ANZSRC broader research group
CF-420702,Exercise physiology,search_phrase,Canonical ANZSRC field phrase
CF-420702,Sports science and exercise,broader,Immediate ANZSRC broader research group
CF-420703,Motor control,search_phrase,Canonical ANZSRC field phrase
CF-420703,Sports science and exercise,broader,Immediate ANZSRC broader research group
CF-420799,Sports science and exercise not elsewhere classified,search_phrase,Canonical ANZSRC field phrase
CF-420799,Sports science and exercise,broader,Immediate ANZSRC broader research group
CF-420801,Chiropractic,search_phrase,Canonical ANZSRC field phrase
CF-420801,"Traditional, complementary and integrative medicine",broader,Immediate ANZSRC broader research group
CF-420802,Naturopathy,search_phrase,Canonical ANZSRC field phrase
CF-420802,"Traditional, complementary and integrative medicine",broader,Immediate ANZSRC broader research group
CF-420803,Traditional Chinese medicine and treatments,search_phrase,Canonical ANZSRC field phrase
CF-420803,"Traditional, complementary and integrative medicine",broader,Immediate ANZSRC broader research group
CF-420899,"Traditional, complementary and integrative medicine not elsewhere classified",search_phrase,Canonical ANZSRC field phrase
CF-420899,"Traditional, complementary and integrative medicine",broader,Immediate ANZSRC broader research group
CF-429999,Other health sciences not elsewhere classified,search_phrase,Canonical ANZSRC field phrase
CF-429999,Other health sciences,broader,Immediate ANZSRC broader research group
CF-430101,Archaeological science,search_phrase,Canonical ANZSRC field phrase
CF-430101,Archaeology,broader,Immediate ANZSRC broader research group
CF-430102,"Archaeology of Asia, Africa and the Americas",search_phrase,Canonical ANZSRC field phrase
CF-430102,Archaeology,broader,Immediate ANZSRC broader research group
CF-430103,Archaeology of Australia (excl. Aboriginal and Torres Strait Islander),search_phrase,Canonical ANZSRC field phrase
CF-430103,Archaeology,broader,Immediate ANZSRC broader research group
CF-430104,"Archaeology of Europe, the Mediterranean and the Levant",search_phrase,Canonical ANZSRC field phrase
CF-430104,Archaeology,broader,Immediate ANZSRC broader research group
CF-430105,Archaeology of New Zealand (excl. Māori),search_phrase,Canonical ANZSRC field phrase
CF-430105,Archaeology,broader,Immediate ANZSRC broader research group
CF-430106,Digital archaeology,search_phrase,Canonical ANZSRC field phrase
CF-430106,Archaeology,broader,Immediate ANZSRC broader research group
CF-430107,Historical archaeology (incl. industrial archaeology),search_phrase,Canonical ANZSRC field phrase
CF-430107,Archaeology,broader,Immediate ANZSRC broader research group
CF-430108,Maritime archaeology,search_phrase,Canonical ANZSRC field phrase
CF-430108,Archaeology,broader,Immediate ANZSRC broader research group
CF-430199,Archaeology not elsewhere classified,search_phrase,Canonical ANZSRC field phrase
CF-430199,Archaeology,broader,Immediate ANZSRC broader research group
CF-430201,"Archival, repository and related studies",search_phrase,Canonical ANZSRC field phrase
CF-430201,"Heritage, archive and museum studies",broader,Immediate ANZSRC broader research group
CF-430202,"Critical heritage, museum and archive studies",search_phrase,Canonical ANZSRC field phrase
CF-430202,"Heritage, archive and museum studies",broader,Immediate ANZSRC broader research group
CF-430203,Cultural heritage management (incl. world heritage),search_phrase,Canonical ANZSRC field phrase
CF-430203,"Heritage, archive and museum studies",broader,Immediate ANZSRC broader research group
CF-430204,Digital heritage,search_phrase,Canonical ANZSRC field phrase
CF-430204,"Heritage, archive and museum studies",broader,Immediate ANZSRC broader research group
CF-430205,Heritage and cultural conservation,search_phrase,Canonical ANZSRC field phrase
CF-430205,"Heritage, archive and museum studies",broader,Immediate ANZSRC broader research group
CF-430206,Heritage collections and interpretations,search_phrase,Canonical ANZSRC field phrase
CF-430206,"Heritage, archive and museum studies",broader,Immediate ANZSRC broader research group
CF-430207,"Heritage tourism, visitor and audience studies",search_phrase,Canonical ANZSRC field phrase
CF-430207,"Heritage, archive and museum studies",broader,Immediate ANZSRC broader research group
CF-430208,Intangible heritage,search_phrase,Canonical ANZSRC field phrase
CF-430208,"Heritage, archive and museum studies",broader,Immediate ANZSRC broader research group
CF-430209,Materials conservation,search_phrase,Canonical ANZSRC field phrase
CF-430209,"Heritage, archive and museum studies",broader,Immediate ANZSRC broader research group
CF-430299,"Heritage, archive and museum studies not elsewhere classified",search_phrase,Canonical ANZSRC field phrase
CF-430299,"Heritage, archive and museum studies",broader,Immediate ANZSRC broader research group
CF-430301,Asian history,search_phrase,Canonical ANZSRC field phrase
CF-430301,Historical studies,broader,Immediate ANZSRC broader research group
CF-430302,Australian history,search_phrase,Canonical ANZSRC field phrase
CF-430302,Historical studies,broader,Immediate ANZSRC broader research group
CF-430303,Biography,search_phrase,Canonical ANZSRC field phrase
CF-430303,Historical studies,broader,Immediate ANZSRC broader research group
CF-430304,British history,search_phrase,Canonical ANZSRC field phrase
CF-430304,Historical studies,broader,Immediate ANZSRC broader research group
CF-430305,Classical Greek and Roman history,search_phrase,Canonical ANZSRC field phrase
CF-430305,Historical studies,broader,Immediate ANZSRC broader research group
CF-430306,Digital history,search_phrase,Canonical ANZSRC field phrase
CF-430306,Historical studies,broader,Immediate ANZSRC broader research group
CF-430307,Environmental history,search_phrase,Canonical ANZSRC field phrase
CF-430307,Historical studies,broader,Immediate ANZSRC broader research group
CF-430308,"European history (excl. British, classical Greek and Roman)",search_phrase,Canonical ANZSRC field phrase
CF-430308,Historical studies,broader,Immediate ANZSRC broader research group
CF-430309,Gender history,search_phrase,Canonical ANZSRC field phrase
CF-430309,Historical studies,broader,Immediate ANZSRC broader research group
CF-430310,Global and world history,search_phrase,Canonical ANZSRC field phrase
CF-430310,Historical studies,broader,Immediate ANZSRC broader research group
CF-430311,Historical studies of crime,search_phrase,Canonical ANZSRC field phrase
CF-430311,Historical studies,broader,Immediate ANZSRC broader research group
CF-430312,Histories of race,search_phrase,Canonical ANZSRC field phrase
CF-430312,Historical studies,broader,Immediate ANZSRC broader research group
CF-430313,"History of empires, imperialism and colonialism",search_phrase,Canonical ANZSRC field phrase
CF-430313,Historical studies,broader,Immediate ANZSRC broader research group
CF-430314,History of religion,search_phrase,Canonical ANZSRC field phrase
CF-430314,Historical studies,broader,Immediate ANZSRC broader research group
CF-430315,History of the pacific,search_phrase,Canonical ANZSRC field phrase
CF-430315,Historical studies,broader,Immediate ANZSRC broader research group
CF-430316,International history,search_phrase,Canonical ANZSRC field phrase
CF-430316,Historical studies,broader,Immediate ANZSRC broader research group
CF-430317,Latin and South American history,search_phrase,Canonical ANZSRC field phrase
CF-430317,Historical studies,broader,Immediate ANZSRC broader research group
CF-430318,Middle Eastern and North African history,search_phrase,Canonical ANZSRC field phrase
CF-430318,Historical studies,broader,Immediate ANZSRC broader research group
CF-430319,Migration history,search_phrase,Canonical ANZSRC field phrase
CF-430319,Historical studies,broader,Immediate ANZSRC broader research group
CF-430320,New Zealand history,search_phrase,Canonical ANZSRC field phrase
CF-430320,Historical studies,broader,Immediate ANZSRC broader research group
CF-430321,North American history,search_phrase,Canonical ANZSRC field phrase
CF-430321,Historical studies,broader,Immediate ANZSRC broader research group
CF-430322,Sub-Saharan African history,search_phrase,Canonical ANZSRC field phrase
CF-430322,Historical studies,broader,Immediate ANZSRC broader research group
CF-430323,Transnational history,search_phrase,Canonical ANZSRC field phrase
CF-430323,Historical studies,broader,Immediate ANZSRC broader research group
CF-430399,Historical studies not elsewhere classified,search_phrase,Canonical ANZSRC field phrase
CF-430399,Historical studies,broader,Immediate ANZSRC broader research group
CF-439999,"Other history, heritage and archaeology not elsewhere classified",search_phrase,Canonical ANZSRC field phrase
CF-439999,"Other history, heritage and archaeology",broader,Immediate ANZSRC broader research group
CF-440101,Anthropology of development,search_phrase,Canonical ANZSRC field phrase
CF-440101,Anthropology,broader,Immediate ANZSRC broader research group
CF-440102,Anthropology of gender and sexuality,search_phrase,Canonical ANZSRC field phrase
CF-440102,Anthropology,broader,Immediate ANZSRC broader research group
CF-440103,Biological (physical) anthropology,search_phrase,Canonical ANZSRC field phrase
CF-440103,Anthropology,broader,Immediate ANZSRC broader research group
CF-440104,Environmental anthropology,search_phrase,Canonical ANZSRC field phrase
CF-440104,Anthropology,broader,Immediate ANZSRC broader research group
CF-440105,Linguistic anthropology,search_phrase,Canonical ANZSRC field phrase
CF-440105,Anthropology,broader,Immediate ANZSRC broader research group
CF-440106,Medical anthropology,search_phrase,Canonical ANZSRC field phrase
CF-440106,Anthropology,broader,Immediate ANZSRC broader research group
CF-440107,Social and cultural anthropology,search_phrase,Canonical ANZSRC field phrase
CF-440107,Anthropology,broader,Immediate ANZSRC broader research group
CF-440199,Anthropology not elsewhere classified,search_phrase,Canonical ANZSRC field phrase
CF-440199,Anthropology,broader,Immediate ANZSRC broader research group
CF-440201,Causes and prevention of crime,search_phrase,Canonical ANZSRC field phrase
CF-440201,Criminology,broader,Immediate ANZSRC broader research group
CF-440202,"Correctional theory, offender treatment and rehabilitation",search_phrase,Canonical ANZSRC field phrase
CF-440202,Criminology,broader,Immediate ANZSRC broader research group
CF-440203,Courts and sentencing,search_phrase,Canonical ANZSRC field phrase
CF-440203,Criminology,broader,Immediate ANZSRC broader research group
CF-440204,Crime and social justice,search_phrase,Canonical ANZSRC field phrase
CF-440204,Criminology,broader,Immediate ANZSRC broader research group
CF-440205,Criminological theories,search_phrase,Canonical ANZSRC field phrase
CF-440205,Criminology,broader,Immediate ANZSRC broader research group
CF-440206,Critical approaches to crime,search_phrase,Canonical ANZSRC field phrase
CF-440206,Criminology,broader,Immediate ANZSRC broader research group
CF-440207,Cybercrime,search_phrase,Canonical ANZSRC field phrase
CF-440207,Criminology,broader,Immediate ANZSRC broader research group
CF-440208,Environmental crime,search_phrase,Canonical ANZSRC field phrase
CF-440208,Criminology,broader,Immediate ANZSRC broader research group
CF-440209,Gender and crime,search_phrase,Canonical ANZSRC field phrase
CF-440209,Criminology,broader,Immediate ANZSRC broader research group
CF-440210,Organised crime,search_phrase,Canonical ANZSRC field phrase
CF-440210,Criminology,broader,Immediate ANZSRC broader research group
CF-440211,"Police administration, procedures and practice",search_phrase,Canonical ANZSRC field phrase
CF-440211,Criminology,broader,Immediate ANZSRC broader research group
CF-440212,Private policing and security services,search_phrase,Canonical ANZSRC field phrase
CF-440212,Criminology,broader,Immediate ANZSRC broader research group
CF-440213,Race/ethnicity and crime,search_phrase,Canonical ANZSRC field phrase
CF-440213,Criminology,broader,Immediate ANZSRC broader research group
CF-440214,Sociological studies of crime,search_phrase,Canonical ANZSRC field phrase
CF-440214,Criminology,broader,Immediate ANZSRC broader research group
CF-440215,State crime,search_phrase,Canonical ANZSRC field phrase
CF-440215,Criminology,broader,Immediate ANZSRC broader research group
CF-440216,"Technology, crime and surveillance",search_phrase,Canonical ANZSRC field phrase
CF-440216,Criminology,broader,Immediate ANZSRC broader research group
CF-440217,Terrorism,search_phrase,Canonical ANZSRC field phrase
CF-440217,Criminology,broader,Immediate ANZSRC broader research group
CF-440218,Victims,search_phrase,Canonical ANZSRC field phrase
CF-440218,Criminology,broader,Immediate ANZSRC broader research group
CF-440219,White collar crime,search_phrase,Canonical ANZSRC field phrase
CF-440219,Criminology,broader,Immediate ANZSRC broader research group
CF-440299,Criminology not elsewhere classified,search_phrase,Canonical ANZSRC field phrase
CF-440299,Criminology,broader,Immediate ANZSRC broader research group
CF-440301,Family and household studies,search_phrase,Canonical ANZSRC field phrase
CF-440301,Demography,broader,Immediate ANZSRC broader research group
CF-440302,Fertility,search_phrase,Canonical ANZSRC field phrase
CF-440302,Demography,broader,Immediate ANZSRC broader research group
CF-440303,Migration,search_phrase,Canonical ANZSRC field phrase
CF-440303,Demography,broader,Immediate ANZSRC broader research group
CF-440304,Mortality,search_phrase,Canonical ANZSRC field phrase
CF-440304,Demography,broader,Immediate ANZSRC broader research group
CF-440305,Population trends and policies,search_phrase,Canonical ANZSRC field phrase
CF-440305,Demography,broader,Immediate ANZSRC broader research group
CF-440399,Demography not elsewhere classified,search_phrase,Canonical ANZSRC field phrase
CF-440399,Demography,broader,Immediate ANZSRC broader research group
CF-440401,Development cooperation,search_phrase,Canonical ANZSRC field phrase
CF-440401,Development studies,broader,Immediate ANZSRC broader research group
CF-440402,"Humanitarian disasters, conflict and peacebuilding",search_phrase,Canonical ANZSRC field phrase
CF-440402,Development studies,broader,Immediate ANZSRC broader research group
CF-440403,"Labour, migration and development",search_phrase,Canonical ANZSRC field phrase
CF-440403,Development studies,broader,Immediate ANZSRC broader research group
CF-440404,Political economy and social change,search_phrase,Canonical ANZSRC field phrase
CF-440404,Development studies,broader,Immediate ANZSRC broader research group
CF-440405,"Poverty, inclusivity and wellbeing",search_phrase,Canonical ANZSRC field phrase
CF-440405,Development studies,broader,Immediate ANZSRC broader research group
CF-440406,Rural community development,search_phrase,Canonical ANZSRC field phrase
CF-440406,Development studies,broader,Immediate ANZSRC broader research group
CF-440407,Socio-economic development,search_phrase,Canonical ANZSRC field phrase
CF-440407,Development studies,broader,Immediate ANZSRC broader research group
CF-440408,Urban community development,search_phrase,Canonical ANZSRC field phrase
CF-440408,Development studies,broader,Immediate ANZSRC broader research group
CF-440499,Development studies not elsewhere classified,search_phrase,Canonical ANZSRC field phrase
CF-440499,Development studies,broader,Immediate ANZSRC broader research group
CF-440501,Feminist and queer theory,search_phrase,Canonical ANZSRC field phrase
CF-440501,Gender studies,broader,Immediate ANZSRC broader research group
CF-440502,Feminist methodologies,search_phrase,Canonical ANZSRC field phrase
CF-440502,Gender studies,broader,Immediate ANZSRC broader research group
CF-440503,Feminist theory,search_phrase,Canonical ANZSRC field phrase
CF-440503,Gender studies,broader,Immediate ANZSRC broader research group
CF-440504,Gender relations,search_phrase,Canonical ANZSRC field phrase
CF-440504,Gender studies,broader,Immediate ANZSRC broader research group
CF-440505,Intersectional studies,search_phrase,Canonical ANZSRC field phrase
CF-440505,Gender studies,broader,Immediate ANZSRC broader research group
CF-440506,Sexualities,search_phrase,Canonical ANZSRC field phrase
CF-440506,Gender studies,broader,Immediate ANZSRC broader research group
CF-440507,Studies of men and masculinities,search_phrase,Canonical ANZSRC field phrase
CF-440507,Gender studies,broader,Immediate ANZSRC broader research group
CF-440508,Transgender studies,search_phrase,Canonical ANZSRC field phrase
CF-440508,Gender studies,broader,Immediate ANZSRC broader research group
CF-440509,Women's studies (incl. girls' studies),search_phrase,Canonical ANZSRC field phrase
CF-440509,Gender studies,broader,Immediate ANZSRC broader research group
CF-440599,Gender studies not elsewhere classified,search_phrase,Canonical ANZSRC field phrase
CF-440599,Gender studies,broader,Immediate ANZSRC broader research group
CF-440601,Cultural geography,search_phrase,Canonical ANZSRC field phrase
CF-440601,Human geography,broader,Immediate ANZSRC broader research group
CF-440602,Development geography,search_phrase,Canonical ANZSRC field phrase
CF-440602,Human geography,broader,Immediate ANZSRC broader research group
CF-440603,Economic geography,search_phrase,Canonical ANZSRC field phrase
CF-440603,Human geography,broader,Immediate ANZSRC broader research group
CF-440604,Environmental geography,search_phrase,Canonical ANZSRC field phrase
CF-440604,Human geography,broader,Immediate ANZSRC broader research group
CF-440605,Health geography,search_phrase,Canonical ANZSRC field phrase
CF-440605,Human geography,broader,Immediate ANZSRC broader research group
CF-440606,Political geography,search_phrase,Canonical ANZSRC field phrase
CF-440606,Human geography,broader,Immediate ANZSRC broader research group
CF-440607,Population geography,search_phrase,Canonical ANZSRC field phrase
CF-440607,Human geography,broader,Immediate ANZSRC broader research group
CF-440608,"Recreation, leisure and tourism geography",search_phrase,Canonical ANZSRC field phrase
CF-440608,Human geography,broader,Immediate ANZSRC broader research group
CF-440609,Rural and regional geography,search_phrase,Canonical ANZSRC field phrase
CF-440609,Human geography,broader,Immediate ANZSRC broader research group
CF-440610,Social geography,search_phrase,Canonical ANZSRC field phrase
CF-440610,Human geography,broader,Immediate ANZSRC broader research group
CF-440611,Transport geography,search_phrase,Canonical ANZSRC field phrase
CF-440611,Human geography,broader,Immediate ANZSRC broader research group
CF-440612,Urban geography,search_phrase,Canonical ANZSRC field phrase
CF-440612,Human geography,broader,Immediate ANZSRC broader research group
CF-440699,Human geography not elsewhere classified,search_phrase,Canonical ANZSRC field phrase
CF-440699,Human geography,broader,Immediate ANZSRC broader research group
CF-440701,Communications and media policy,search_phrase,Canonical ANZSRC field phrase
CF-440701,Policy and administration,broader,Immediate ANZSRC broader research group
CF-440702,Crime policy,search_phrase,Canonical ANZSRC field phrase
CF-440702,Policy and administration,broader,Immediate ANZSRC broader research group
CF-440703,Economic development policy,search_phrase,Canonical ANZSRC field phrase
CF-440703,Policy and administration,broader,Immediate ANZSRC broader research group
CF-440704,Environment policy,search_phrase,Canonical ANZSRC field phrase
CF-440704,Policy and administration,broader,Immediate ANZSRC broader research group
CF-440705,"Gender, policy and administration",search_phrase,Canonical ANZSRC field phrase
CF-440705,Policy and administration,broader,Immediate ANZSRC broader research group
CF-440706,Health policy,search_phrase,Canonical ANZSRC field phrase
CF-440706,Policy and administration,broader,Immediate ANZSRC broader research group
CF-440707,Housing policy,search_phrase,Canonical ANZSRC field phrase
CF-440707,Policy and administration,broader,Immediate ANZSRC broader research group
CF-440708,Public administration,search_phrase,Canonical ANZSRC field phrase
CF-440708,Policy and administration,broader,Immediate ANZSRC broader research group
CF-440709,Public policy,search_phrase,Canonical ANZSRC field phrase
CF-440709,Policy and administration,broader,Immediate ANZSRC broader research group
CF-440710,"Research, science and technology policy",search_phrase,Canonical ANZSRC field phrase
CF-440710,Policy and administration,broader,Immediate ANZSRC broader research group
CF-440711,Risk policy,search_phrase,Canonical ANZSRC field phrase
CF-440711,Policy and administration,broader,Immediate ANZSRC broader research group
CF-440712,Social policy,search_phrase,Canonical ANZSRC field phrase
CF-440712,Policy and administration,broader,Immediate ANZSRC broader research group
CF-440713,Tourism policy,search_phrase,Canonical ANZSRC field phrase
CF-440713,Policy and administration,broader,Immediate ANZSRC broader research group
CF-440714,Urban policy,search_phrase,Canonical ANZSRC field phrase
CF-440714,Policy and administration,broader,Immediate ANZSRC broader research group
CF-440799,Policy and administration not elsewhere classified,search_phrase,Canonical ANZSRC field phrase
CF-440799,Policy and administration,broader,Immediate ANZSRC broader research group
CF-440801,Australian government and politics,search_phrase,Canonical ANZSRC field phrase
CF-440801,Political science,broader,Immediate ANZSRC broader research group
CF-440802,Citizenship,search_phrase,Canonical ANZSRC field phrase
CF-440802,Political science,broader,Immediate ANZSRC broader research group
CF-440803,Comparative government and politics,search_phrase,Canonical ANZSRC field phrase
CF-440803,Political science,broader,Immediate ANZSRC broader research group
CF-440804,Defence studies,search_phrase,Canonical ANZSRC field phrase
CF-440804,Political science,broader,Immediate ANZSRC broader research group
CF-440805,Environmental politics,search_phrase,Canonical ANZSRC field phrase
CF-440805,Political science,broader,Immediate ANZSRC broader research group
CF-440806,Gender and politics,search_phrase,Canonical ANZSRC field phrase
CF-440806,Political science,broader,Immediate ANZSRC broader research group
CF-440807,Government and politics of Asia and the Pacific,search_phrase,Canonical ANZSRC field phrase
CF-440807,Political science,broader,Immediate ANZSRC broader research group
CF-440808,International relations,search_phrase,Canonical ANZSRC field phrase
CF-440808,Political science,broader,Immediate ANZSRC broader research group
CF-440809,New Zealand government and politics,search_phrase,Canonical ANZSRC field phrase
CF-440809,Political science,broader,Immediate ANZSRC broader research group
CF-440810,Peace studies,search_phrase,Canonical ANZSRC field phrase
CF-440810,Political science,broader,Immediate ANZSRC broader research group
CF-440811,Political theory and political philosophy,search_phrase,Canonical ANZSRC field phrase
CF-440811,Political science,broader,Immediate ANZSRC broader research group
CF-440899,Political science not elsewhere classified,search_phrase,Canonical ANZSRC field phrase
CF-440899,Political science,broader,Immediate ANZSRC broader research group
CF-440901,Clinical social work practice,search_phrase,Canonical ANZSRC field phrase
CF-440901,Social work,broader,Immediate ANZSRC broader research group
CF-440902,"Counselling, wellbeing and community services",search_phrase,Canonical ANZSRC field phrase
CF-440902,Social work,broader,Immediate ANZSRC broader research group
CF-440903,Social program evaluation,search_phrase,Canonical ANZSRC field phrase
CF-440903,Social work,broader,Immediate ANZSRC broader research group
CF-440999,Social work not elsewhere classified,search_phrase,Canonical ANZSRC field phrase
CF-440999,Social work,broader,Immediate ANZSRC broader research group
CF-441001,"Applied sociology, program evaluation and social impact assessment",search_phrase,Canonical ANZSRC field phrase
CF-441001,Sociology,broader,Immediate ANZSRC broader research group
CF-441002,Environmental sociology,search_phrase,Canonical ANZSRC field phrase
CF-441002,Sociology,broader,Immediate ANZSRC broader research group
CF-441003,Rural sociology,search_phrase,Canonical ANZSRC field phrase
CF-441003,Sociology,broader,Immediate ANZSRC broader research group
CF-441004,Social change,search_phrase,Canonical ANZSRC field phrase
CF-441004,Sociology,broader,Immediate ANZSRC broader research group
CF-441005,Social theory,search_phrase,Canonical ANZSRC field phrase
CF-441005,Sociology,broader,Immediate ANZSRC broader research group
CF-441006,Sociological methodology and research methods,search_phrase,Canonical ANZSRC field phrase
CF-441006,Sociology,broader,Immediate ANZSRC broader research group
CF-441007,Sociology and social studies of science and technology,search_phrase,Canonical ANZSRC field phrase
CF-441007,Sociology,broader,Immediate ANZSRC broader research group
CF-441008,Sociology of culture,search_phrase,Canonical ANZSRC field phrase
CF-441008,Sociology,broader,Immediate ANZSRC broader research group
CF-441009,Sociology of family and relationships,search_phrase,Canonical ANZSRC field phrase
CF-441009,Sociology,broader,Immediate ANZSRC broader research group
CF-441010,Sociology of gender,search_phrase,Canonical ANZSRC field phrase
CF-441010,Sociology,broader,Immediate ANZSRC broader research group
CF-441011,Sociology of health,search_phrase,Canonical ANZSRC field phrase
CF-441011,Sociology,broader,Immediate ANZSRC broader research group
CF-441012,Sociology of inequalities,search_phrase,Canonical ANZSRC field phrase
CF-441012,Sociology,broader,Immediate ANZSRC broader research group
CF-441013,"Sociology of migration, ethnicity and multiculturalism",search_phrase,Canonical ANZSRC field phrase
CF-441013,Sociology,broader,Immediate ANZSRC broader research group
CF-441014,Sociology of religion,search_phrase,Canonical ANZSRC field phrase
CF-441014,Sociology,broader,Immediate ANZSRC broader research group
CF-441015,Sociology of the life course,search_phrase,Canonical ANZSRC field phrase
CF-441015,Sociology,broader,Immediate ANZSRC broader research group
CF-441016,Urban sociology and community studies,search_phrase,Canonical ANZSRC field phrase
CF-441016,Sociology,broader,Immediate ANZSRC broader research group
CF-441099,Sociology not elsewhere classified,search_phrase,Canonical ANZSRC field phrase
CF-441099,Sociology,broader,Immediate ANZSRC broader research group
CF-449901,Studies of Asian society,search_phrase,Canonical ANZSRC field phrase
CF-449901,Other human society,broader,Immediate ANZSRC broader research group
CF-449999,Other human society not elsewhere classified,search_phrase,Canonical ANZSRC field phrase
CF-449999,Other human society,broader,Immediate ANZSRC broader research group
CF-450101,Aboriginal and Torres Strait Islander archaeology,search_phrase,Canonical ANZSRC field phrase
CF-450101,"Aboriginal and Torres Strait Islander culture, language and history",broader,Immediate ANZSRC broader research group
CF-450102,Aboriginal and Torres Strait Islander artefacts,search_phrase,Canonical ANZSRC field phrase
CF-450102,"Aboriginal and Torres Strait Islander culture, language and history",broader,Immediate ANZSRC broader research group
CF-450103,Aboriginal and Torres Strait Islander cultural history,search_phrase,Canonical ANZSRC field phrase
CF-450103,"Aboriginal and Torres Strait Islander culture, language and history",broader,Immediate ANZSRC broader research group
CF-450104,Aboriginal and Torres Strait Islander culture,search_phrase,Canonical ANZSRC field phrase
CF-450104,"Aboriginal and Torres Strait Islander culture, language and history",broader,Immediate ANZSRC broader research group
CF-450105,"Aboriginal and Torres Strait Islander curatorial, archives and museum studies",search_phrase,Canonical ANZSRC field phrase
CF-450105,"Aboriginal and Torres Strait Islander culture, language and history",broader,Immediate ANZSRC broader research group
CF-450106,Aboriginal and Torres Strait Islander ethics,search_phrase,Canonical ANZSRC field phrase
CF-450106,"Aboriginal and Torres Strait Islander culture, language and history",broader,Immediate ANZSRC broader research group
CF-450107,Aboriginal and Torres Strait Islander history,search_phrase,Canonical ANZSRC field phrase
CF-450107,"Aboriginal and Torres Strait Islander culture, language and history",broader,Immediate ANZSRC broader research group
CF-450108,Aboriginal and Torres Strait Islander linguistics and languages,search_phrase,Canonical ANZSRC field phrase
CF-450108,"Aboriginal and Torres Strait Islander culture, language and history",broader,Immediate ANZSRC broader research group
CF-450109,"Aboriginal and Torres Strait Islander literature, journalism and professional writing",search_phrase,Canonical ANZSRC field phrase
CF-450109,"Aboriginal and Torres Strait Islander culture, language and history",broader,Immediate ANZSRC broader research group
CF-450110,"Aboriginal and Torres Strait Islander media, film, animation and photography",search_phrase,Canonical ANZSRC field phrase
CF-450110,"Aboriginal and Torres Strait Islander culture, language and history",broader,Immediate ANZSRC broader research group
CF-450111,Aboriginal and Torres Strait Islander music and performing arts,search_phrase,Canonical ANZSRC field phrase
CF-450111,"Aboriginal and Torres Strait Islander culture, language and history",broader,Immediate ANZSRC broader research group
CF-450112,Aboriginal and Torres Strait Islander philosophy,search_phrase,Canonical ANZSRC field phrase
CF-450112,"Aboriginal and Torres Strait Islander culture, language and history",broader,Immediate ANZSRC broader research group
CF-450113,Aboriginal and Torres Strait Islander religion and religious studies,search_phrase,Canonical ANZSRC field phrase
CF-450113,"Aboriginal and Torres Strait Islander culture, language and history",broader,Immediate ANZSRC broader research group
CF-450114,Aboriginal and Torres Strait Islander repatriation,search_phrase,Canonical ANZSRC field phrase
CF-450114,"Aboriginal and Torres Strait Islander culture, language and history",broader,Immediate ANZSRC broader research group
CF-450115,Aboriginal and Torres Strait Islander research methods,search_phrase,Canonical ANZSRC field phrase
CF-450115,"Aboriginal and Torres Strait Islander culture, language and history",broader,Immediate ANZSRC broader research group
CF-450116,Aboriginal and Torres Strait Islander visual arts and crafts,search_phrase,Canonical ANZSRC field phrase
CF-450116,"Aboriginal and Torres Strait Islander culture, language and history",broader,Immediate ANZSRC broader research group
CF-450117,"Aboriginal and Torres Strait Islander ways of knowing, being and doing",search_phrase,Canonical ANZSRC field phrase
CF-450117,"Aboriginal and Torres Strait Islander culture, language and history",broader,Immediate ANZSRC broader research group
CF-450118,Conservation of Aboriginal and Torres Strait Islander heritage,search_phrase,Canonical ANZSRC field phrase
CF-450118,"Aboriginal and Torres Strait Islander culture, language and history",broader,Immediate ANZSRC broader research group
CF-450199,"Aboriginal and Torres Strait Islander culture, language and history not elsewhere classified",search_phrase,Canonical ANZSRC field phrase
CF-450199,"Aboriginal and Torres Strait Islander culture, language and history",broader,Immediate ANZSRC broader research group
CF-450201,Aboriginal and Torres Strait Islander curriculum and pedagogy,search_phrase,Canonical ANZSRC field phrase
CF-450201,Aboriginal and Torres Strait Islander education,broader,Immediate ANZSRC broader research group
CF-450202,Aboriginal and Torres Strait Islander early childhood education,search_phrase,Canonical ANZSRC field phrase
CF-450202,Aboriginal and Torres Strait Islander education,broader,Immediate ANZSRC broader research group
CF-450203,Aboriginal and Torres Strait Islander educational methods,search_phrase,Canonical ANZSRC field phrase
CF-450203,Aboriginal and Torres Strait Islander education,broader,Immediate ANZSRC broader research group
CF-450204,"Aboriginal and Torres Strait Islander technical, further, continuing and community education",search_phrase,Canonical ANZSRC field phrase
CF-450204,Aboriginal and Torres Strait Islander education,broader,Immediate ANZSRC broader research group
CF-450205,Aboriginal and Torres Strait Islander higher education,search_phrase,Canonical ANZSRC field phrase
CF-450205,Aboriginal and Torres Strait Islander education,broader,Immediate ANZSRC broader research group
CF-450206,Aboriginal and Torres Strait Islander language education,search_phrase,Canonical ANZSRC field phrase
CF-450206,Aboriginal and Torres Strait Islander education,broader,Immediate ANZSRC broader research group
CF-450207,Aboriginal and Torres Strait Islander men's education,search_phrase,Canonical ANZSRC field phrase
CF-450207,Aboriginal and Torres Strait Islander education,broader,Immediate ANZSRC broader research group
CF-450208,Aboriginal and Torres Strait Islander primary education,search_phrase,Canonical ANZSRC field phrase
CF-450208,Aboriginal and Torres Strait Islander education,broader,Immediate ANZSRC broader research group
CF-450209,Aboriginal and Torres Strait Islander secondary education,search_phrase,Canonical ANZSRC field phrase
CF-450209,Aboriginal and Torres Strait Islander education,broader,Immediate ANZSRC broader research group
CF-450210,Aboriginal and Torres Strait Islander student engagement and teaching,search_phrase,Canonical ANZSRC field phrase
CF-450210,Aboriginal and Torres Strait Islander education,broader,Immediate ANZSRC broader research group
CF-450211,Aboriginal and Torres Strait Islander women's education,search_phrase,Canonical ANZSRC field phrase
CF-450211,Aboriginal and Torres Strait Islander education,broader,Immediate ANZSRC broader research group
CF-450212,Cultural responsiveness and working with Aboriginal and Torres Strait Islander communities education,search_phrase,Canonical ANZSRC field phrase
CF-450212,Aboriginal and Torres Strait Islander education,broader,Immediate ANZSRC broader research group
CF-450213,"Embedding Aboriginal and Torres Strait Islander knowledges, histories, culture, country, perspectives and ethics in education",search_phrase,Canonical ANZSRC field phrase
CF-450213,Aboriginal and Torres Strait Islander education,broader,Immediate ANZSRC broader research group
CF-450299,Aboriginal and Torres Strait Islander education not elsewhere classified,search_phrase,Canonical ANZSRC field phrase
CF-450299,Aboriginal and Torres Strait Islander education,broader,Immediate ANZSRC broader research group
CF-450301,Aboriginal and Torres Strait Islander agriculture and forestry,search_phrase,Canonical ANZSRC field phrase
CF-450301,Aboriginal and Torres Strait Islander environmental knowledges and management,broader,Immediate ANZSRC broader research group
CF-450302,Aboriginal and Torres Strait Islander earth sciences,search_phrase,Canonical ANZSRC field phrase
CF-450302,Aboriginal and Torres Strait Islander environmental knowledges and management,broader,Immediate ANZSRC broader research group
CF-450303,Aboriginal and Torres Strait Islander environmental conservation,search_phrase,Canonical ANZSRC field phrase
CF-450303,Aboriginal and Torres Strait Islander environmental knowledges and management,broader,Immediate ANZSRC broader research group
CF-450304,Aboriginal and Torres Strait Islander environmental knowledges,search_phrase,Canonical ANZSRC field phrase
CF-450304,Aboriginal and Torres Strait Islander environmental knowledges and management,broader,Immediate ANZSRC broader research group
CF-450305,Aboriginal and Torres Strait Islander fisheries and customary fisheries,search_phrase,Canonical ANZSRC field phrase
CF-450305,Aboriginal and Torres Strait Islander environmental knowledges and management,broader,Immediate ANZSRC broader research group
CF-450306,Aboriginal and Torres Strait Islander land and water management,search_phrase,Canonical ANZSRC field phrase
CF-450306,Aboriginal and Torres Strait Islander environmental knowledges and management,broader,Immediate ANZSRC broader research group
CF-450307,Aboriginal and Torres Strait Islander marine environment science,search_phrase,Canonical ANZSRC field phrase
CF-450307,Aboriginal and Torres Strait Islander environmental knowledges and management,broader,Immediate ANZSRC broader research group
CF-450399,Aboriginal and Torres Strait Islander environmental knowledges and management not elsewhere classified,search_phrase,Canonical ANZSRC field phrase
CF-450399,Aboriginal and Torres Strait Islander environmental knowledges and management,broader,Immediate ANZSRC broader research group
CF-450401,Aboriginal and Torres Strait Islander and disability,search_phrase,Canonical ANZSRC field phrase
CF-450401,Aboriginal and Torres Strait Islander health and wellbeing,broader,Immediate ANZSRC broader research group
CF-450402,Aboriginal and Torres Strait Islander biomedical and clinical sciences,search_phrase,Canonical ANZSRC field phrase
CF-450402,Aboriginal and Torres Strait Islander health and wellbeing,broader,Immediate ANZSRC broader research group
CF-450403,Aboriginal and Torres Strait Islander child health and wellbeing,search_phrase,Canonical ANZSRC field phrase
CF-450403,Aboriginal and Torres Strait Islander health and wellbeing,broader,Immediate ANZSRC broader research group
CF-450404,Aboriginal and Torres Strait Islander cultural determinants of health,search_phrase,Canonical ANZSRC field phrase
CF-450404,Aboriginal and Torres Strait Islander health and wellbeing,broader,Immediate ANZSRC broader research group
CF-450405,Aboriginal and Torres Strait Islander diet and nutrition,search_phrase,Canonical ANZSRC field phrase
CF-450405,Aboriginal and Torres Strait Islander health and wellbeing,broader,Immediate ANZSRC broader research group
CF-450406,Aboriginal and Torres Strait Islander epidemiology,search_phrase,Canonical ANZSRC field phrase
CF-450406,Aboriginal and Torres Strait Islander health and wellbeing,broader,Immediate ANZSRC broader research group
CF-450407,Aboriginal and Torres Strait Islander health policy,search_phrase,Canonical ANZSRC field phrase
CF-450407,Aboriginal and Torres Strait Islander health and wellbeing,broader,Immediate ANZSRC broader research group
CF-450408,Aboriginal and Torres Strait Islander health promotion,search_phrase,Canonical ANZSRC field phrase
CF-450408,Aboriginal and Torres Strait Islander health and wellbeing,broader,Immediate ANZSRC broader research group
CF-450409,Aboriginal and Torres Strait Islander health services,search_phrase,Canonical ANZSRC field phrase
CF-450409,Aboriginal and Torres Strait Islander health and wellbeing,broader,Immediate ANZSRC broader research group
CF-450410,Aboriginal and Torres Strait Islander lifecourse,search_phrase,Canonical ANZSRC field phrase
CF-450410,Aboriginal and Torres Strait Islander health and wellbeing,broader,Immediate ANZSRC broader research group
CF-450411,Aboriginal and Torres Strait Islander medicine and treatments,search_phrase,Canonical ANZSRC field phrase
CF-450411,Aboriginal and Torres Strait Islander health and wellbeing,broader,Immediate ANZSRC broader research group
CF-450412,Aboriginal and Torres Strait Islander men's health and wellbeing,search_phrase,Canonical ANZSRC field phrase
CF-450412,Aboriginal and Torres Strait Islander health and wellbeing,broader,Immediate ANZSRC broader research group
CF-450413,Aboriginal and Torres Strait Islander midwifery and paediatrics,search_phrase,Canonical ANZSRC field phrase
CF-450413,Aboriginal and Torres Strait Islander health and wellbeing,broader,Immediate ANZSRC broader research group
CF-450414,Aboriginal and Torres Strait Islander mothers and babies health and wellbeing,search_phrase,Canonical ANZSRC field phrase
CF-450414,Aboriginal and Torres Strait Islander health and wellbeing,broader,Immediate ANZSRC broader research group
CF-450415,Aboriginal and Torres Strait Islander nursing,search_phrase,Canonical ANZSRC field phrase
CF-450415,Aboriginal and Torres Strait Islander health and wellbeing,broader,Immediate ANZSRC broader research group
CF-450416,Aboriginal and Torres Strait Islander psychology,search_phrase,Canonical ANZSRC field phrase
CF-450416,Aboriginal and Torres Strait Islander health and wellbeing,broader,Immediate ANZSRC broader research group
CF-450417,Aboriginal and Torres Strait Islander public health and wellbeing,search_phrase,Canonical ANZSRC field phrase
CF-450417,Aboriginal and Torres Strait Islander health and wellbeing,broader,Immediate ANZSRC broader research group
CF-450418,Aboriginal and Torres Strait Islander remote health,search_phrase,Canonical ANZSRC field phrase
CF-450418,Aboriginal and Torres Strait Islander health and wellbeing,broader,Immediate ANZSRC broader research group
CF-450419,Aboriginal and Torres Strait Islander social determinants of health,search_phrase,Canonical ANZSRC field phrase
CF-450419,Aboriginal and Torres Strait Islander health and wellbeing,broader,Immediate ANZSRC broader research group
CF-450420,"Aboriginal and Torres Strait Islander social, emotional, cultural and spiritual wellbeing",search_phrase,Canonical ANZSRC field phrase
CF-450420,Aboriginal and Torres Strait Islander health and wellbeing,broader,Immediate ANZSRC broader research group
CF-450421,Aboriginal and Torres Strait Islander sport and physical activity,search_phrase,Canonical ANZSRC field phrase
CF-450421,Aboriginal and Torres Strait Islander health and wellbeing,broader,Immediate ANZSRC broader research group
CF-450422,Aboriginal and Torres Strait Islander theory of change models for health,search_phrase,Canonical ANZSRC field phrase
CF-450422,Aboriginal and Torres Strait Islander health and wellbeing,broader,Immediate ANZSRC broader research group
CF-450423,Aboriginal and Torres Strait Islander youth and family social and emotional wellbeing,search_phrase,Canonical ANZSRC field phrase
CF-450423,Aboriginal and Torres Strait Islander health and wellbeing,broader,Immediate ANZSRC broader research group
CF-450499,Aboriginal and Torres Strait Islander health and wellbeing not elsewhere classified,search_phrase,Canonical ANZSRC field phrase
CF-450499,Aboriginal and Torres Strait Islander health and wellbeing,broader,Immediate ANZSRC broader research group
CF-450501,Aboriginal and Torres Strait Islander accounting,search_phrase,Canonical ANZSRC field phrase
CF-450501,"Aboriginal and Torres Strait Islander peoples, society and community",broader,Immediate ANZSRC broader research group
CF-450502,Aboriginal and Torres Strait Islander anthropology,search_phrase,Canonical ANZSRC field phrase
CF-450502,"Aboriginal and Torres Strait Islander peoples, society and community",broader,Immediate ANZSRC broader research group
CF-450503,Aboriginal and Torres Strait Islander architecture,search_phrase,Canonical ANZSRC field phrase
CF-450503,"Aboriginal and Torres Strait Islander peoples, society and community",broader,Immediate ANZSRC broader research group
CF-450504,Aboriginal and Torres Strait Islander commerce,search_phrase,Canonical ANZSRC field phrase
CF-450504,"Aboriginal and Torres Strait Islander peoples, society and community",broader,Immediate ANZSRC broader research group
CF-450505,Aboriginal and Torres Strait Islander community and regional development,search_phrase,Canonical ANZSRC field phrase
CF-450505,"Aboriginal and Torres Strait Islander peoples, society and community",broader,Immediate ANZSRC broader research group
CF-450506,Aboriginal and Torres Strait Islander community governance and decision making,search_phrase,Canonical ANZSRC field phrase
CF-450506,"Aboriginal and Torres Strait Islander peoples, society and community",broader,Immediate ANZSRC broader research group
CF-450507,Aboriginal and Torres Strait Islander community-based research,search_phrase,Canonical ANZSRC field phrase
CF-450507,"Aboriginal and Torres Strait Islander peoples, society and community",broader,Immediate ANZSRC broader research group
CF-450508,Aboriginal and Torres Strait Islander criminology,search_phrase,Canonical ANZSRC field phrase
CF-450508,"Aboriginal and Torres Strait Islander peoples, society and community",broader,Immediate ANZSRC broader research group
CF-450509,Aboriginal and Torres Strait Islander customary law,search_phrase,Canonical ANZSRC field phrase
CF-450509,"Aboriginal and Torres Strait Islander peoples, society and community",broader,Immediate ANZSRC broader research group
CF-450510,Aboriginal and Torres Strait Islander design practice and management,search_phrase,Canonical ANZSRC field phrase
CF-450510,"Aboriginal and Torres Strait Islander peoples, society and community",broader,Immediate ANZSRC broader research group
CF-450511,Aboriginal and Torres Strait Islander economics,search_phrase,Canonical ANZSRC field phrase
CF-450511,"Aboriginal and Torres Strait Islander peoples, society and community",broader,Immediate ANZSRC broader research group
CF-450512,Aboriginal and Torres Strait Islander finance,search_phrase,Canonical ANZSRC field phrase
CF-450512,"Aboriginal and Torres Strait Islander peoples, society and community",broader,Immediate ANZSRC broader research group
CF-450513,Aboriginal and Torres Strait Islander human geography and demography,search_phrase,Canonical ANZSRC field phrase
CF-450513,"Aboriginal and Torres Strait Islander peoples, society and community",broader,Immediate ANZSRC broader research group
CF-450514,Aboriginal and Torres Strait Islander legislation,search_phrase,Canonical ANZSRC field phrase
CF-450514,"Aboriginal and Torres Strait Islander peoples, society and community",broader,Immediate ANZSRC broader research group
CF-450515,Aboriginal and Torres Strait Islander management,search_phrase,Canonical ANZSRC field phrase
CF-450515,"Aboriginal and Torres Strait Islander peoples, society and community",broader,Immediate ANZSRC broader research group
CF-450516,Aboriginal and Torres Strait Islander marketing,search_phrase,Canonical ANZSRC field phrase
CF-450516,"Aboriginal and Torres Strait Islander peoples, society and community",broader,Immediate ANZSRC broader research group
CF-450517,Aboriginal and Torres Strait Islander not-for-profit social enterprises,search_phrase,Canonical ANZSRC field phrase
CF-450517,"Aboriginal and Torres Strait Islander peoples, society and community",broader,Immediate ANZSRC broader research group
CF-450518,Aboriginal and Torres Strait Islander peoples and the law,search_phrase,Canonical ANZSRC field phrase
CF-450518,"Aboriginal and Torres Strait Islander peoples, society and community",broader,Immediate ANZSRC broader research group
CF-450519,Aboriginal and Torres Strait Islander perspectives,search_phrase,Canonical ANZSRC field phrase
CF-450519,"Aboriginal and Torres Strait Islander peoples, society and community",broader,Immediate ANZSRC broader research group
CF-450520,Aboriginal and Torres Strait Islander political participation and representation,search_phrase,Canonical ANZSRC field phrase
CF-450520,"Aboriginal and Torres Strait Islander peoples, society and community",broader,Immediate ANZSRC broader research group
CF-450521,Aboriginal and Torres Strait Islander politics,search_phrase,Canonical ANZSRC field phrase
CF-450521,"Aboriginal and Torres Strait Islander peoples, society and community",broader,Immediate ANZSRC broader research group
CF-450522,Aboriginal and Torres Strait Islander social impact and program evaluation,search_phrase,Canonical ANZSRC field phrase
CF-450522,"Aboriginal and Torres Strait Islander peoples, society and community",broader,Immediate ANZSRC broader research group
CF-450523,Aboriginal and Torres Strait Islander social work and social justice,search_phrase,Canonical ANZSRC field phrase
CF-450523,"Aboriginal and Torres Strait Islander peoples, society and community",broader,Immediate ANZSRC broader research group
CF-450524,Aboriginal and Torres Strait Islander sociological studies,search_phrase,Canonical ANZSRC field phrase
CF-450524,"Aboriginal and Torres Strait Islander peoples, society and community",broader,Immediate ANZSRC broader research group
CF-450525,Aboriginal and Torres Strait Islander sociology,search_phrase,Canonical ANZSRC field phrase
CF-450525,"Aboriginal and Torres Strait Islander peoples, society and community",broader,Immediate ANZSRC broader research group
CF-450526,Aboriginal and Torres Strait Islander tourism,search_phrase,Canonical ANZSRC field phrase
CF-450526,"Aboriginal and Torres Strait Islander peoples, society and community",broader,Immediate ANZSRC broader research group
CF-450527,Aboriginal and Torres Strait Islander urban and regional planning,search_phrase,Canonical ANZSRC field phrase
CF-450527,"Aboriginal and Torres Strait Islander peoples, society and community",broader,Immediate ANZSRC broader research group
CF-450599,"Aboriginal and Torres Strait Islander peoples, society and community not elsewhere classified",search_phrase,Canonical ANZSRC field phrase
CF-450599,"Aboriginal and Torres Strait Islander peoples, society and community",broader,Immediate ANZSRC broader research group
CF-450601,Aboriginal and Torres Strait Islander astronomy and cosmology,search_phrase,Canonical ANZSRC field phrase
CF-450601,Aboriginal and Torres Strait Islander sciences,broader,Immediate ANZSRC broader research group
CF-450602,Aboriginal and Torres Strait Islander biological sciences,search_phrase,Canonical ANZSRC field phrase
CF-450602,Aboriginal and Torres Strait Islander sciences,broader,Immediate ANZSRC broader research group
CF-450603,Aboriginal and Torres Strait Islander computing technology use and design,search_phrase,Canonical ANZSRC field phrase
CF-450603,Aboriginal and Torres Strait Islander sciences,broader,Immediate ANZSRC broader research group
CF-450604,Aboriginal and Torres Strait Islander engineering,search_phrase,Canonical ANZSRC field phrase
CF-450604,Aboriginal and Torres Strait Islander sciences,broader,Immediate ANZSRC broader research group
CF-450605,Aboriginal and Torres Strait Islander genomics,search_phrase,Canonical ANZSRC field phrase
CF-450605,Aboriginal and Torres Strait Islander sciences,broader,Immediate ANZSRC broader research group
CF-450606,Aboriginal and Torres Strait Islander information and knowledge management systems,search_phrase,Canonical ANZSRC field phrase
CF-450606,Aboriginal and Torres Strait Islander sciences,broader,Immediate ANZSRC broader research group
CF-450607,Aboriginal and Torres Strait Islander innovation,search_phrase,Canonical ANZSRC field phrase
CF-450607,Aboriginal and Torres Strait Islander sciences,broader,Immediate ANZSRC broader research group
CF-450608,Aboriginal and Torres Strait Islander knowledge management methods,search_phrase,Canonical ANZSRC field phrase
CF-450608,Aboriginal and Torres Strait Islander sciences,broader,Immediate ANZSRC broader research group
CF-450609,"Aboriginal and Torres Strait Islander mathematical, physical and chemical sciences (excl. astronomy and cosmology)",search_phrase,Canonical ANZSRC field phrase
CF-450609,Aboriginal and Torres Strait Islander sciences,broader,Immediate ANZSRC broader research group
CF-450699,Aboriginal and Torres Strait Islander sciences not elsewhere classified,search_phrase,Canonical ANZSRC field phrase
CF-450699,Aboriginal and Torres Strait Islander sciences,broader,Immediate ANZSRC broader research group
CF-450701,Te whāomoomo i te tuku ihotanga Māori (conservation of Māori heritage),search_phrase,Canonical ANZSRC field phrase
CF-450701,"Te ahurea, reo me te hītori o te Māori (Māori culture, language and history)",broader,Immediate ANZSRC broader research group
CF-450702,Te mana wahine (female status),search_phrase,Canonical ANZSRC field phrase
CF-450702,"Te ahurea, reo me te hītori o te Māori (Māori culture, language and history)",broader,Immediate ANZSRC broader research group
CF-450703,Te mana tāne (male status),search_phrase,Canonical ANZSRC field phrase
CF-450703,"Te ahurea, reo me te hītori o te Māori (Māori culture, language and history)",broader,Immediate ANZSRC broader research group
CF-450704,Te mātai whaipara Māori (Māori archaeology),search_phrase,Canonical ANZSRC field phrase
CF-450704,"Te ahurea, reo me te hītori o te Māori (Māori culture, language and history)",broader,Immediate ANZSRC broader research group
CF-450705,Ngā taonga Māori nō mua (Māori artefacts),search_phrase,Canonical ANZSRC field phrase
CF-450705,"Te ahurea, reo me te hītori o te Māori (Māori culture, language and history)",broader,Immediate ANZSRC broader research group
CF-450706,Te hītori ahurea Māori (Māori cultural history),search_phrase,Canonical ANZSRC field phrase
CF-450706,"Te ahurea, reo me te hītori o te Māori (Māori culture, language and history)",broader,Immediate ANZSRC broader research group
CF-450707,Te ahurea Māori (Māori culture),search_phrase,Canonical ANZSRC field phrase
CF-450707,"Te ahurea, reo me te hītori o te Māori (Māori culture, language and history)",broader,Immediate ANZSRC broader research group
CF-450708,"Ngā mātai kaitiaki, pūranga me ngā whare tongarewa o te Māori (Māori curatorial, archives and museum studies)",search_phrase,Canonical ANZSRC field phrase
CF-450708,"Te ahurea, reo me te hītori o te Māori (Māori culture, language and history)",broader,Immediate ANZSRC broader research group
CF-450709,Ngā matatika o te Māori (Māori ethics),search_phrase,Canonical ANZSRC field phrase
CF-450709,"Te ahurea, reo me te hītori o te Māori (Māori culture, language and history)",broader,Immediate ANZSRC broader research group
CF-450710,Te hītori Māori (Māori history),search_phrase,Canonical ANZSRC field phrase
CF-450710,"Te ahurea, reo me te hītori o te Māori (Māori culture, language and history)",broader,Immediate ANZSRC broader research group
CF-450711,"Te whenua, ahurea me te tuakiri o te Māori (Māori land, culture and identity)",search_phrase,Canonical ANZSRC field phrase
CF-450711,"Te ahurea, reo me te hītori o te Māori (Māori culture, language and history)",broader,Immediate ANZSRC broader research group
CF-450712,Te mātai i te reo Māori me te reo Māori (Māori linguistics and languages),search_phrase,Canonical ANZSRC field phrase
CF-450712,"Te ahurea, reo me te hītori o te Māori (Māori culture, language and history)",broader,Immediate ANZSRC broader research group
CF-450713,"Te mātākōrero, te kawe kōrero me te tuhituhi ngaio o te Māori (Māori literature, journalism and professional writing)",search_phrase,Canonical ANZSRC field phrase
CF-450713,"Te ahurea, reo me te hītori o te Māori (Māori culture, language and history)",broader,Immediate ANZSRC broader research group
CF-450714,"Ngā arapāho, ngā kiriata, te hākoritanga me te hopu whakaahua o te Māori (Māori media, film, animation and photography)",search_phrase,Canonical ANZSRC field phrase
CF-450714,"Te ahurea, reo me te hītori o te Māori (Māori culture, language and history)",broader,Immediate ANZSRC broader research group
CF-450715,Te puoro me ngā mahi a te rēhia o te Māori (Māori music and performing arts),search_phrase,Canonical ANZSRC field phrase
CF-450715,"Te ahurea, reo me te hītori o te Māori (Māori culture, language and history)",broader,Immediate ANZSRC broader research group
CF-450716,Te rapunga whakaaro o te Māori (Māori philosophy),search_phrase,Canonical ANZSRC field phrase
CF-450716,"Te ahurea, reo me te hītori o te Māori (Māori culture, language and history)",broader,Immediate ANZSRC broader research group
CF-450717,Ngā Kaupapa Māori (Māori projects),search_phrase,Canonical ANZSRC field phrase
CF-450717,"Te ahurea, reo me te hītori o te Māori (Māori culture, language and history)",broader,Immediate ANZSRC broader research group
CF-450718,Te whakapono me te mātai whakapono o te Māori (Māori religion and religious studies),search_phrase,Canonical ANZSRC field phrase
CF-450718,"Te ahurea, reo me te hītori o te Māori (Māori culture, language and history)",broader,Immediate ANZSRC broader research group
CF-450719,Te whakahoki taonga a te Māori ki te kāinga (Māori repatriation),search_phrase,Canonical ANZSRC field phrase
CF-450719,"Te ahurea, reo me te hītori o te Māori (Māori culture, language and history)",broader,Immediate ANZSRC broader research group
CF-450720,Ngā tikanga rangahau o te Māori (Māori research methods),search_phrase,Canonical ANZSRC field phrase
CF-450720,"Te ahurea, reo me te hītori o te Māori (Māori culture, language and history)",broader,Immediate ANZSRC broader research group
CF-450721,Ngā toi ataata ngā mahi ā-rehe o te Māori (Māori visual arts and crafts),search_phrase,Canonical ANZSRC field phrase
CF-450721,"Te ahurea, reo me te hītori o te Māori (Māori culture, language and history)",broader,Immediate ANZSRC broader research group
CF-450799,"Te ahurea, reo, me te hītori o te Māori kāore anō kia whakarōpūtia i wāhi kē (Māori culture, language and history not elsewhere classified)",search_phrase,Canonical ANZSRC field phrase
CF-450799,"Te ahurea, reo me te hītori o te Māori (Māori culture, language and history)",broader,Immediate ANZSRC broader research group
CF-450801,Ngā kōhanga reo (Māori curriculum and pedagogy),search_phrase,Canonical ANZSRC field phrase
CF-450801,Mātauranga Māori (Māori education),broader,Immediate ANZSRC broader research group
CF-450802,Te Whāriki - te mātauranga kōhungahunga Māori (Māori early childhood education),search_phrase,Canonical ANZSRC field phrase
CF-450802,Mātauranga Māori (Māori education),broader,Immediate ANZSRC broader research group
CF-450803,Ngā tikanga mātauranga o te Māori (Māori educational methods),search_phrase,Canonical ANZSRC field phrase
CF-450803,Mātauranga Māori (Māori education),broader,Immediate ANZSRC broader research group
CF-450804,Te mātauranga kura tuatoru Māori (Māori higher education),search_phrase,Canonical ANZSRC field phrase
CF-450804,Mātauranga Māori (Māori education),broader,Immediate ANZSRC broader research group
CF-450805,Te mātauranga reo Māori (Māori language education),search_phrase,Canonical ANZSRC field phrase
CF-450805,Mātauranga Māori (Māori education),broader,Immediate ANZSRC broader research group
CF-450806,Ngā kura kaupapa Māori (Māori primary education),search_phrase,Canonical ANZSRC field phrase
CF-450806,Mātauranga Māori (Māori education),broader,Immediate ANZSRC broader research group
CF-450807,Te urupare me te whai wāhi Māori ki te mātauranga (Māori responsiveness and engaged education),search_phrase,Canonical ANZSRC field phrase
CF-450807,Mātauranga Māori (Māori education),broader,Immediate ANZSRC broader research group
CF-450808,Te mātauranga kura tuarua Māori (Māori secondary education),search_phrase,Canonical ANZSRC field phrase
CF-450808,Mātauranga Māori (Māori education),broader,Immediate ANZSRC broader research group
CF-450809,Te whai wāhi ākonga me ngā mahi whakaako o te Māori (Māori student engagement and teaching),search_phrase,Canonical ANZSRC field phrase
CF-450809,Mātauranga Māori (Māori education),broader,Immediate ANZSRC broader research group
CF-450810,"Tō te Māori mātauranga hangarau, mātauranga atu anō, mātauranga haere tonu, me te mātauranga hapori (Māori technical, further, continuing and community education)",search_phrase,Canonical ANZSRC field phrase
CF-450810,Mātauranga Māori (Māori education),broader,Immediate ANZSRC broader research group
CF-450811,Te mātauranga Māori i roto i te mātauranga (Mātauranga Māori in education),search_phrase,Canonical ANZSRC field phrase
CF-450811,Mātauranga Māori (Māori education),broader,Immediate ANZSRC broader research group
CF-450899,Te mātauranga Māori kāore anō kia whakarōpūtia i wāhi kē (Māori education not elsewhere classified),search_phrase,Canonical ANZSRC field phrase
CF-450899,Mātauranga Māori (Māori education),broader,Immediate ANZSRC broader research group
CF-450901,Te ahuwhenua me ngā mahi ngahere o te Māori (Māori agriculture and forestry),search_phrase,Canonical ANZSRC field phrase
CF-450901,Ngā mātauranga taiao o te Māori (Māori environmental knowledges),broader,Immediate ANZSRC broader research group
CF-450902,Ngā pūtaiao-ā-nuku o te Māori (Māori earth sciences),search_phrase,Canonical ANZSRC field phrase
CF-450902,Ngā mātauranga taiao o te Māori (Māori environmental knowledges),broader,Immediate ANZSRC broader research group
CF-450903,Te whāomoomo taiao o te Māori (Māori environmental conservation),search_phrase,Canonical ANZSRC field phrase
CF-450903,Ngā mātauranga taiao o te Māori (Māori environmental knowledges),broader,Immediate ANZSRC broader research group
CF-450904,Ngā mātauranga taiao o te Māori (Māori environmental knowledges),search_phrase,Canonical ANZSRC field phrase
CF-450904,Ngā mātauranga taiao o te Māori (Māori environmental knowledges),broader,Immediate ANZSRC broader research group
CF-450905,Te ahumoana me te ahumoana tuku iho o te Māori (Māori fisheries and customary fisheries),search_phrase,Canonical ANZSRC field phrase
CF-450905,Ngā mātauranga taiao o te Māori (Māori environmental knowledges),broader,Immediate ANZSRC broader research group
CF-450906,Te whakahaere whenua me te wai o te Māori (Māori land and water management),search_phrase,Canonical ANZSRC field phrase
CF-450906,Ngā mātauranga taiao o te Māori (Māori environmental knowledges),broader,Immediate ANZSRC broader research group
CF-450907,Te pūtaiao taiao moana o te Māori (Māori marine environment science),search_phrase,Canonical ANZSRC field phrase
CF-450907,Ngā mātauranga taiao o te Māori (Māori environmental knowledges),broader,Immediate ANZSRC broader research group
CF-450999,Ngā mātauranga taiao o te Māori kāore anō kia whakarōpūtia i wāhi kē (Māori environmental knowledges not elsewhere classified),search_phrase,Canonical ANZSRC field phrase
CF-450999,Ngā mātauranga taiao o te Māori (Māori environmental knowledges),broader,Immediate ANZSRC broader research group
CF-451001,Te whaikaha me te Māori (Māori and disability),search_phrase,Canonical ANZSRC field phrase
CF-451001,Te hauora me te oranga o te Māori (Māori health and wellbeing),broader,Immediate ANZSRC broader research group
CF-451002,"Ngā pūtaiao koiora-hauora, haumanu hoki o te Māori (Māori biomedical and clinical sciences)",search_phrase,Canonical ANZSRC field phrase
CF-451002,Te hauora me te oranga o te Māori (Māori health and wellbeing),broader,Immediate ANZSRC broader research group
CF-451003,Ngā tokoingoa ahurea o te hauora o te Māori (Māori cultural determinants of health),search_phrase,Canonical ANZSRC field phrase
CF-451003,Te hauora me te oranga o te Māori (Māori health and wellbeing),broader,Immediate ANZSRC broader research group
CF-451004,Te horakai me ngā kai o te Māori (Māori diet and nutrition),search_phrase,Canonical ANZSRC field phrase
CF-451004,Te hauora me te oranga o te Māori (Māori health and wellbeing),broader,Immediate ANZSRC broader research group
CF-451005,Te mātai tahumaero o te Māori (Māori epidemiology),search_phrase,Canonical ANZSRC field phrase
CF-451005,Te hauora me te oranga o te Māori (Māori health and wellbeing),broader,Immediate ANZSRC broader research group
CF-451006,Ngā kaupapahere hauora o te Māori (Māori health policy),search_phrase,Canonical ANZSRC field phrase
CF-451006,Te hauora me te oranga o te Māori (Māori health and wellbeing),broader,Immediate ANZSRC broader research group
CF-451007,Te whakatairanga hauora o te Māori (Māori health promotion),search_phrase,Canonical ANZSRC field phrase
CF-451007,Te hauora me te oranga o te Māori (Māori health and wellbeing),broader,Immediate ANZSRC broader research group
CF-451008,Ngā wāhanga ora o te Māori (Māori life course),search_phrase,Canonical ANZSRC field phrase
CF-451008,Te hauora me te oranga o te Māori (Māori health and wellbeing),broader,Immediate ANZSRC broader research group
CF-451009,Ngā rongoā me ngā whakamaimoa o te Māori (Māori medicine and treatments),search_phrase,Canonical ANZSRC field phrase
CF-451009,Te hauora me te oranga o te Māori (Māori health and wellbeing),broader,Immediate ANZSRC broader research group
CF-451010,Ngā kaiwhakawhānau me te mātai mate tamariki o te Māori (Māori midwifery and paediatrics),search_phrase,Canonical ANZSRC field phrase
CF-451010,Te hauora me te oranga o te Māori (Māori health and wellbeing),broader,Immediate ANZSRC broader research group
CF-451011,"Te hauora me te oranga ā-whaea, ā-pēpi o te Māori (Māori mothers and babies health and wellbeing)",search_phrase,Canonical ANZSRC field phrase
CF-451011,Te hauora me te oranga o te Māori (Māori health and wellbeing),broader,Immediate ANZSRC broader research group
CF-451012,Te mahi tapuhi o te Māori (Māori nursing),search_phrase,Canonical ANZSRC field phrase
CF-451012,Te hauora me te oranga o te Māori (Māori health and wellbeing),broader,Immediate ANZSRC broader research group
CF-451013,Mātauranga hinengaro kaupapa Māori (Māori psychology),search_phrase,Canonical ANZSRC field phrase
CF-451013,Te hauora me te oranga o te Māori (Māori health and wellbeing),broader,Immediate ANZSRC broader research group
CF-451014,Ngā pūnaha mātauranga hinengaro o te Māori (Māori psychology knowledge systems),search_phrase,Canonical ANZSRC field phrase
CF-451014,Te hauora me te oranga o te Māori (Māori health and wellbeing),broader,Immediate ANZSRC broader research group
CF-451015,Te hauora me te oranga tūmatanui o te Māori (Māori public health and wellbeing),search_phrase,Canonical ANZSRC field phrase
CF-451015,Te hauora me te oranga o te Māori (Māori health and wellbeing),broader,Immediate ANZSRC broader research group
CF-451016,Te hauora mamao o te Māori (Māori remote health),search_phrase,Canonical ANZSRC field phrase
CF-451016,Te hauora me te oranga o te Māori (Māori health and wellbeing),broader,Immediate ANZSRC broader research group
CF-451017,"Te oranga ā-pāpori, ā-hinengaro, ā-ahurea, ā-wairua o te Māori (Māori social, cultural, emotional and spiritual wellbeing)",search_phrase,Canonical ANZSRC field phrase
CF-451017,Te hauora me te oranga o te Māori (Māori health and wellbeing),broader,Immediate ANZSRC broader research group
CF-451018,Ngā tokoingoa pāpori o te hauora o te Māori (Māori social determinants of health),search_phrase,Canonical ANZSRC field phrase
CF-451018,Te hauora me te oranga o te Māori (Māori health and wellbeing),broader,Immediate ANZSRC broader research group
CF-451019,Ngā hākinakina me te korikori tinana o te Māori (Māori sport and physical activity),search_phrase,Canonical ANZSRC field phrase
CF-451019,Te hauora me te oranga o te Māori (Māori health and wellbeing),broader,Immediate ANZSRC broader research group
CF-451020,Te ariā o ngā tauira panoni hauora o te Māori (Māori theory of change models for health),search_phrase,Canonical ANZSRC field phrase
CF-451020,Te hauora me te oranga o te Māori (Māori health and wellbeing),broader,Immediate ANZSRC broader research group
CF-451021,Ngā taiohi me ngā whānau Māori (Māori youth and family),search_phrase,Canonical ANZSRC field phrase
CF-451021,Te hauora me te oranga o te Māori (Māori health and wellbeing),broader,Immediate ANZSRC broader research group
CF-451099,Te hauora me te oranga o te Māori kāore anō kia whakarōpūhia i wāhi kē (Māori health and wellbeing not elsewhere classified),search_phrase,Canonical ANZSRC field phrase
CF-451099,Te hauora me te oranga o te Māori (Māori health and wellbeing),broader,Immediate ANZSRC broader research group
CF-451101,Te mahi kaute o te Māori (Māori accounting),search_phrase,Canonical ANZSRC field phrase
CF-451101,"Ngā tāngata, te porihanga me ngā hapori o te Māori (Māori peoples, society and community)",broader,Immediate ANZSRC broader research group
CF-451102,Te mātauranga tikanga Māori (Māori anthropology),search_phrase,Canonical ANZSRC field phrase
CF-451102,"Ngā tāngata, te porihanga me ngā hapori o te Māori (Māori peoples, society and community)",broader,Immediate ANZSRC broader research group
CF-451103,Te hoahoanga whare o te Māori (Māori architecture),search_phrase,Canonical ANZSRC field phrase
CF-451103,"Ngā tāngata, te porihanga me ngā hapori o te Māori (Māori peoples, society and community)",broader,Immediate ANZSRC broader research group
CF-451104,Ngā mahi tauhokohoko o te Māori (Māori commerce),search_phrase,Canonical ANZSRC field phrase
CF-451104,"Ngā tāngata, te porihanga me ngā hapori o te Māori (Māori peoples, society and community)",broader,Immediate ANZSRC broader research group
CF-451105,"Te whanaketanga ā-hapori, ā-rohe o te Māori (Māori community and regional development)",search_phrase,Canonical ANZSRC field phrase
CF-451105,"Ngā tāngata, te porihanga me ngā hapori o te Māori (Māori peoples, society and community)",broader,Immediate ANZSRC broader research group
CF-451106,Te rangahau kei rō hapori o te Māori (Māori community-based research),search_phrase,Canonical ANZSRC field phrase
CF-451106,"Ngā tāngata, te porihanga me ngā hapori o te Māori (Māori peoples, society and community)",broader,Immediate ANZSRC broader research group
CF-451107,"Te kāwana ā-hapori, whakatau take hoki o te Māori (Māori community governance and decision making)",search_phrase,Canonical ANZSRC field phrase
CF-451107,"Ngā tāngata, te porihanga me ngā hapori o te Māori (Māori peoples, society and community)",broader,Immediate ANZSRC broader research group
CF-451108,Te mātauranga taihara Māori (Māori criminology),search_phrase,Canonical ANZSRC field phrase
CF-451108,"Ngā tāngata, te porihanga me ngā hapori o te Māori (Māori peoples, society and community)",broader,Immediate ANZSRC broader research group
CF-451109,Ngā tikanga Māori (Māori customary law),search_phrase,Canonical ANZSRC field phrase
CF-451109,"Ngā tāngata, te porihanga me ngā hapori o te Māori (Māori peoples, society and community)",broader,Immediate ANZSRC broader research group
CF-451110,Te whakaharatau me te whakahaere hoahoa o te Māori (Māori design practice and management),search_phrase,Canonical ANZSRC field phrase
CF-451110,"Ngā tāngata, te porihanga me ngā hapori o te Māori (Māori peoples, society and community)",broader,Immediate ANZSRC broader research group
CF-451111,Te mātauranga ōhanga o te Māori (Māori economics),search_phrase,Canonical ANZSRC field phrase
CF-451111,"Ngā tāngata, te porihanga me ngā hapori o te Māori (Māori peoples, society and community)",broader,Immediate ANZSRC broader research group
CF-451112,Te ahumoni Māori (Māori finance),search_phrase,Canonical ANZSRC field phrase
CF-451112,"Ngā tāngata, te porihanga me ngā hapori o te Māori (Māori peoples, society and community)",broader,Immediate ANZSRC broader research group
CF-451113,Te mātauranga matawhenua ā-iwi me te tatauranga ā-iwi o te Māori (Māori human geography and demography),search_phrase,Canonical ANZSRC field phrase
CF-451113,"Ngā tāngata, te porihanga me ngā hapori o te Māori (Māori peoples, society and community)",broader,Immediate ANZSRC broader research group
CF-451114,Te ture Whenua (Māori land law),search_phrase,Canonical ANZSRC field phrase
CF-451114,"Ngā tāngata, te porihanga me ngā hapori o te Māori (Māori peoples, society and community)",broader,Immediate ANZSRC broader research group
CF-451115,Te ture me te tika Māori (Māori law and justice),search_phrase,Canonical ANZSRC field phrase
CF-451115,"Ngā tāngata, te porihanga me ngā hapori o te Māori (Māori peoples, society and community)",broader,Immediate ANZSRC broader research group
CF-451116,Ngā ture Māori (Māori legislation),search_phrase,Canonical ANZSRC field phrase
CF-451116,"Ngā tāngata, te porihanga me ngā hapori o te Māori (Māori peoples, society and community)",broader,Immediate ANZSRC broader research group
CF-451117,Te whakahaere o te Māori (Māori management),search_phrase,Canonical ANZSRC field phrase
CF-451117,"Ngā tāngata, te porihanga me ngā hapori o te Māori (Māori peoples, society and community)",broader,Immediate ANZSRC broader research group
CF-451118,Te whakamākete o te Māori (Māori marketing),search_phrase,Canonical ANZSRC field phrase
CF-451118,"Ngā tāngata, te porihanga me ngā hapori o te Māori (Māori peoples, society and community)",broader,Immediate ANZSRC broader research group
CF-451119,Ngā hinonga pāpori kaupapa atawhai o te Māori (Māori not-for-profit social enterprises),search_phrase,Canonical ANZSRC field phrase
CF-451119,"Ngā tāngata, te porihanga me ngā hapori o te Māori (Māori peoples, society and community)",broader,Immediate ANZSRC broader research group
CF-451120,Ngā iwi Māori me te ture (Māori peoples and the law),search_phrase,Canonical ANZSRC field phrase
CF-451120,"Ngā tāngata, te porihanga me ngā hapori o te Māori (Māori peoples, society and community)",broader,Immediate ANZSRC broader research group
CF-451121,Ngā tirohanga Māori (Māori perspectives),search_phrase,Canonical ANZSRC field phrase
CF-451121,"Ngā tāngata, te porihanga me ngā hapori o te Māori (Māori peoples, society and community)",broader,Immediate ANZSRC broader research group
CF-451122,Te whai wāhi me te whakakanohi taha tōrāngapū o te Māori (Māori political participation and representation),search_phrase,Canonical ANZSRC field phrase
CF-451122,"Ngā tāngata, te porihanga me ngā hapori o te Māori (Māori peoples, society and community)",broader,Immediate ANZSRC broader research group
CF-451123,Ngā mahi tōrangapū Māori (Māori politics),search_phrase,Canonical ANZSRC field phrase
CF-451123,"Ngā tāngata, te porihanga me ngā hapori o te Māori (Māori peoples, society and community)",broader,Immediate ANZSRC broader research group
CF-451124,Ngā ture rawa Māori (Māori resource law),search_phrase,Canonical ANZSRC field phrase
CF-451124,"Ngā tāngata, te porihanga me ngā hapori o te Māori (Māori peoples, society and community)",broader,Immediate ANZSRC broader research group
CF-451125,Te pāpātanga pāpori me te aromātai hōtaka o te Māori (Māori social impact and program evaluation),search_phrase,Canonical ANZSRC field phrase
CF-451125,"Ngā tāngata, te porihanga me ngā hapori o te Māori (Māori peoples, society and community)",broader,Immediate ANZSRC broader research group
CF-451126,Ngā mahi tauwhiro me te tika pāpori o te Māori (Māori social work and social justice),search_phrase,Canonical ANZSRC field phrase
CF-451126,"Ngā tāngata, te porihanga me ngā hapori o te Māori (Māori peoples, society and community)",broader,Immediate ANZSRC broader research group
CF-451127,Ngā mātai tikanga ā-iwi o te Māori (Māori sociological studies),search_phrase,Canonical ANZSRC field phrase
CF-451127,"Ngā tāngata, te porihanga me ngā hapori o te Māori (Māori peoples, society and community)",broader,Immediate ANZSRC broader research group
CF-451128,Te mātauranga pāpori o te Māori (Māori sociology),search_phrase,Canonical ANZSRC field phrase
CF-451128,"Ngā tāngata, te porihanga me ngā hapori o te Māori (Māori peoples, society and community)",broader,Immediate ANZSRC broader research group
CF-451129,Te mahi tāpoi Māori (Māori tourism),search_phrase,Canonical ANZSRC field phrase
CF-451129,"Ngā tāngata, te porihanga me ngā hapori o te Māori (Māori peoples, society and community)",broader,Immediate ANZSRC broader research group
CF-451130,Te Tiriti o Waitangi (The Treaty of Waitangi),search_phrase,Canonical ANZSRC field phrase
CF-451130,"Ngā tāngata, te porihanga me ngā hapori o te Māori (Māori peoples, society and community)",broader,Immediate ANZSRC broader research group
CF-451131,"Te whakamahere ā-tāone, ā-rohe o te Māori (Māori urban and regional planning)",search_phrase,Canonical ANZSRC field phrase
CF-451131,"Ngā tāngata, te porihanga me ngā hapori o te Māori (Māori peoples, society and community)",broader,Immediate ANZSRC broader research group
CF-451199,"Ngā tāngata, te porihanga me ngā hapori o te Māori kāore anō kia whakarōpūtia i wāhi kē (Māori peoples, society and community not elsewhere classified)",search_phrase,Canonical ANZSRC field phrase
CF-451199,"Ngā tāngata, te porihanga me ngā hapori o te Māori (Māori peoples, society and community)",broader,Immediate ANZSRC broader research group
CF-451201,Te mātai arorangi me te mātai tuarangi o te Māori (Māori astronomy and cosmology),search_phrase,Canonical ANZSRC field phrase
CF-451201,Ngā pūtaiao Māori (Māori sciences),broader,Immediate ANZSRC broader research group
CF-451202,Ngā pūtaiao koiora o te Māori (Māori biological sciences),search_phrase,Canonical ANZSRC field phrase
CF-451202,Ngā pūtaiao Māori (Māori sciences),broader,Immediate ANZSRC broader research group
CF-451203,Te whakamahi me te hoahoa o te hangarau rorohiko o te Māori (Māori computing technology use and design),search_phrase,Canonical ANZSRC field phrase
CF-451203,Ngā pūtaiao Māori (Māori sciences),broader,Immediate ANZSRC broader research group
CF-451204,Te mana motuhake o ngā raraunga Māori (Māori data sovereignty),search_phrase,Canonical ANZSRC field phrase
CF-451204,Ngā pūtaiao Māori (Māori sciences),broader,Immediate ANZSRC broader research group
CF-451205,Te mātauranga pūkaha o te Māori (Māori engineering),search_phrase,Canonical ANZSRC field phrase
CF-451205,Ngā pūtaiao Māori (Māori sciences),broader,Immediate ANZSRC broader research group
CF-451206,Te mātai huingaira o te Māori (Māori genomics),search_phrase,Canonical ANZSRC field phrase
CF-451206,Ngā pūtaiao Māori (Māori sciences),broader,Immediate ANZSRC broader research group
CF-451207,Ngā pūnaha whakahaere mōhiohio me te mātauranga o te Māori (Māori information and knowledge management systems),search_phrase,Canonical ANZSRC field phrase
CF-451207,Ngā pūtaiao Māori (Māori sciences),broader,Immediate ANZSRC broader research group
CF-451208,Te wairua auaha o te Māori (Māori innovation),search_phrase,Canonical ANZSRC field phrase
CF-451208,Ngā pūtaiao Māori (Māori sciences),broader,Immediate ANZSRC broader research group
CF-451209,Ngā tikanga whakahaere mōhiotanga Māori (Māori knowledge management methods),search_phrase,Canonical ANZSRC field phrase
CF-451209,Ngā pūtaiao Māori (Māori sciences),broader,Immediate ANZSRC broader research group
CF-451210,"Ngā pūtaiao pāngarau, ōkiko, matū hoki - hāunga te mātai arorangi me te mātai tuarangi o te Māori (Māori mathematical, physical and chemical sciences - excl. astronomy and cosmology)",search_phrase,Canonical ANZSRC field phrase
CF-451210,Ngā pūtaiao Māori (Māori sciences),broader,Immediate ANZSRC broader research group
CF-451211,Te tukatuka reo noa o te Māori (Māori natural language processing),search_phrase,Canonical ANZSRC field phrase
CF-451211,Ngā pūtaiao Māori (Māori sciences),broader,Immediate ANZSRC broader research group
CF-451299,Ngā pūtaiao Māori kāore anō kia whakarōpūhia i wāhi kē (Māori sciences not elsewhere classified),search_phrase,Canonical ANZSRC field phrase
CF-451299,Ngā pūtaiao Māori (Māori sciences),broader,Immediate ANZSRC broader research group
CF-451301,Archaeology of New Guinea and Pacific Islands (excl. New Zealand),search_phrase,Canonical ANZSRC field phrase
CF-451301,"Pacific Peoples culture, language and history",broader,Immediate ANZSRC broader research group
CF-451302,Conservation of Pacific Peoples heritage,search_phrase,Canonical ANZSRC field phrase
CF-451302,"Pacific Peoples culture, language and history",broader,Immediate ANZSRC broader research group
CF-451303,Pacific Peoples artefacts,search_phrase,Canonical ANZSRC field phrase
CF-451303,"Pacific Peoples culture, language and history",broader,Immediate ANZSRC broader research group
CF-451304,Pacific Peoples cultural history,search_phrase,Canonical ANZSRC field phrase
CF-451304,"Pacific Peoples culture, language and history",broader,Immediate ANZSRC broader research group
CF-451305,Pacific Peoples culture,search_phrase,Canonical ANZSRC field phrase
CF-451305,"Pacific Peoples culture, language and history",broader,Immediate ANZSRC broader research group
CF-451306,"Pacific Peoples curatorial, archives and museum studies",search_phrase,Canonical ANZSRC field phrase
CF-451306,"Pacific Peoples culture, language and history",broader,Immediate ANZSRC broader research group
CF-451307,Pacific Peoples ethics,search_phrase,Canonical ANZSRC field phrase
CF-451307,"Pacific Peoples culture, language and history",broader,Immediate ANZSRC broader research group
CF-451308,Pacific Peoples history,search_phrase,Canonical ANZSRC field phrase
CF-451308,"Pacific Peoples culture, language and history",broader,Immediate ANZSRC broader research group
CF-451309,"Pacific Peoples land, culture and identity",search_phrase,Canonical ANZSRC field phrase
CF-451309,"Pacific Peoples culture, language and history",broader,Immediate ANZSRC broader research group
CF-451310,Pacific Peoples linguistics and languages,search_phrase,Canonical ANZSRC field phrase
CF-451310,"Pacific Peoples culture, language and history",broader,Immediate ANZSRC broader research group
CF-451311,"Pacific Peoples literature, journalism and professional writing",search_phrase,Canonical ANZSRC field phrase
CF-451311,"Pacific Peoples culture, language and history",broader,Immediate ANZSRC broader research group
CF-451312,"Pacific Peoples media, film, animation and photography",search_phrase,Canonical ANZSRC field phrase
CF-451312,"Pacific Peoples culture, language and history",broader,Immediate ANZSRC broader research group
CF-451313,Pacific Peoples music and performing arts,search_phrase,Canonical ANZSRC field phrase
CF-451313,"Pacific Peoples culture, language and history",broader,Immediate ANZSRC broader research group
CF-451314,Pacific Peoples philosophy,search_phrase,Canonical ANZSRC field phrase
CF-451314,"Pacific Peoples culture, language and history",broader,Immediate ANZSRC broader research group
CF-451315,Pacific Peoples religion and religious studies,search_phrase,Canonical ANZSRC field phrase
CF-451315,"Pacific Peoples culture, language and history",broader,Immediate ANZSRC broader research group
CF-451316,Pacific Peoples repatriation,search_phrase,Canonical ANZSRC field phrase
CF-451316,"Pacific Peoples culture, language and history",broader,Immediate ANZSRC broader research group
CF-451317,Pacific Peoples research methods,search_phrase,Canonical ANZSRC field phrase
CF-451317,"Pacific Peoples culture, language and history",broader,Immediate ANZSRC broader research group
CF-451318,Pacific Peoples visual arts and crafts,search_phrase,Canonical ANZSRC field phrase
CF-451318,"Pacific Peoples culture, language and history",broader,Immediate ANZSRC broader research group
CF-451319,"Pacific Peoples ways of knowing, being and doing",search_phrase,Canonical ANZSRC field phrase
CF-451319,"Pacific Peoples culture, language and history",broader,Immediate ANZSRC broader research group
CF-451399,"Pacific Peoples culture, language and history not elsewhere classified",search_phrase,Canonical ANZSRC field phrase
CF-451399,"Pacific Peoples culture, language and history",broader,Immediate ANZSRC broader research group
CF-451401,Cultural responsiveness and working with Pacific Peoples communities education,search_phrase,Canonical ANZSRC field phrase
CF-451401,Pacific Peoples education,broader,Immediate ANZSRC broader research group
CF-451402,"Embedding Pacific Peoples knowledges, histories, culture, country, perspectives and ethics in education",search_phrase,Canonical ANZSRC field phrase
CF-451402,Pacific Peoples education,broader,Immediate ANZSRC broader research group
CF-451403,Pacific Peoples curriculum and pedagogy,search_phrase,Canonical ANZSRC field phrase
CF-451403,Pacific Peoples education,broader,Immediate ANZSRC broader research group
CF-451404,Pacific Peoples early childhood education,search_phrase,Canonical ANZSRC field phrase
CF-451404,Pacific Peoples education,broader,Immediate ANZSRC broader research group
CF-451405,Pacific Peoples educational methods,search_phrase,Canonical ANZSRC field phrase
CF-451405,Pacific Peoples education,broader,Immediate ANZSRC broader research group
CF-451406,"Pacific Peoples technical, further, continuing and community education",search_phrase,Canonical ANZSRC field phrase
CF-451406,Pacific Peoples education,broader,Immediate ANZSRC broader research group
CF-451407,Pacific Peoples higher education,search_phrase,Canonical ANZSRC field phrase
CF-451407,Pacific Peoples education,broader,Immediate ANZSRC broader research group
CF-451408,Pacific Peoples language education,search_phrase,Canonical ANZSRC field phrase
CF-451408,Pacific Peoples education,broader,Immediate ANZSRC broader research group
CF-451409,Pacific Peoples men’s education,search_phrase,Canonical ANZSRC field phrase
CF-451409,Pacific Peoples education,broader,Immediate ANZSRC broader research group
CF-451410,Pacific Peoples primary education,search_phrase,Canonical ANZSRC field phrase
CF-451410,Pacific Peoples education,broader,Immediate ANZSRC broader research group
CF-451411,Pacific Peoples secondary education,search_phrase,Canonical ANZSRC field phrase
CF-451411,Pacific Peoples education,broader,Immediate ANZSRC broader research group
CF-451412,Pacific Peoples student engagement and teaching,search_phrase,Canonical ANZSRC field phrase
CF-451412,Pacific Peoples education,broader,Immediate ANZSRC broader research group
CF-451413,Pacific Peoples women’s education,search_phrase,Canonical ANZSRC field phrase
CF-451413,Pacific Peoples education,broader,Immediate ANZSRC broader research group
CF-451499,Pacific Peoples education not elsewhere classified,search_phrase,Canonical ANZSRC field phrase
CF-451499,Pacific Peoples education,broader,Immediate ANZSRC broader research group
CF-451501,Pacific Peoples agriculture and forestry,search_phrase,Canonical ANZSRC field phrase
CF-451501,Pacific Peoples environmental knowledges,broader,Immediate ANZSRC broader research group
CF-451502,Pacific Peoples earth sciences,search_phrase,Canonical ANZSRC field phrase
CF-451502,Pacific Peoples environmental knowledges,broader,Immediate ANZSRC broader research group
CF-451503,Pacific Peoples environmental conservation,search_phrase,Canonical ANZSRC field phrase
CF-451503,Pacific Peoples environmental knowledges,broader,Immediate ANZSRC broader research group
CF-451504,Pacific Peoples environmental knowledges,search_phrase,Canonical ANZSRC field phrase
CF-451504,Pacific Peoples environmental knowledges,broader,Immediate ANZSRC broader research group
CF-451505,Pacific Peoples fisheries and customary fisheries,search_phrase,Canonical ANZSRC field phrase
CF-451505,Pacific Peoples environmental knowledges,broader,Immediate ANZSRC broader research group
CF-451506,Pacific Peoples land and water management,search_phrase,Canonical ANZSRC field phrase
CF-451506,Pacific Peoples environmental knowledges,broader,Immediate ANZSRC broader research group
CF-451507,Pacific Peoples marine environment science,search_phrase,Canonical ANZSRC field phrase
CF-451507,Pacific Peoples environmental knowledges,broader,Immediate ANZSRC broader research group
CF-451599,Pacific Peoples environmental knowledges not elsewhere classified,search_phrase,Canonical ANZSRC field phrase
CF-451599,Pacific Peoples environmental knowledges,broader,Immediate ANZSRC broader research group
CF-451601,Pacific Peoples and disability,search_phrase,Canonical ANZSRC field phrase
CF-451601,Pacific Peoples health and wellbeing,broader,Immediate ANZSRC broader research group
CF-451602,Pacific Peoples biomedical and clinical science,search_phrase,Canonical ANZSRC field phrase
CF-451602,Pacific Peoples health and wellbeing,broader,Immediate ANZSRC broader research group
CF-451603,Pacific Peoples cultural determinants of health,search_phrase,Canonical ANZSRC field phrase
CF-451603,Pacific Peoples health and wellbeing,broader,Immediate ANZSRC broader research group
CF-451604,Pacific Peoples diet and nutrition,search_phrase,Canonical ANZSRC field phrase
CF-451604,Pacific Peoples health and wellbeing,broader,Immediate ANZSRC broader research group
CF-451605,Pacific Peoples epidemiology,search_phrase,Canonical ANZSRC field phrase
CF-451605,Pacific Peoples health and wellbeing,broader,Immediate ANZSRC broader research group
CF-451606,Pacific Peoples health policy,search_phrase,Canonical ANZSRC field phrase
CF-451606,Pacific Peoples health and wellbeing,broader,Immediate ANZSRC broader research group
CF-451607,Pacific Peoples health promotion,search_phrase,Canonical ANZSRC field phrase
CF-451607,Pacific Peoples health and wellbeing,broader,Immediate ANZSRC broader research group
CF-451608,Pacific Peoples life course,search_phrase,Canonical ANZSRC field phrase
CF-451608,Pacific Peoples health and wellbeing,broader,Immediate ANZSRC broader research group
CF-451609,Pacific Peoples medicine and treatments,search_phrase,Canonical ANZSRC field phrase
CF-451609,Pacific Peoples health and wellbeing,broader,Immediate ANZSRC broader research group
CF-451610,Pacific Peoples midwifery and paediatrics,search_phrase,Canonical ANZSRC field phrase
CF-451610,Pacific Peoples health and wellbeing,broader,Immediate ANZSRC broader research group
CF-451611,Pacific Peoples mothers and babies health and wellbeing,search_phrase,Canonical ANZSRC field phrase
CF-451611,Pacific Peoples health and wellbeing,broader,Immediate ANZSRC broader research group
CF-451612,Pacific Peoples nursing,search_phrase,Canonical ANZSRC field phrase
CF-451612,Pacific Peoples health and wellbeing,broader,Immediate ANZSRC broader research group
CF-451613,Pacific Peoples psychology,search_phrase,Canonical ANZSRC field phrase
CF-451613,Pacific Peoples health and wellbeing,broader,Immediate ANZSRC broader research group
CF-451614,Pacific Peoples public health and wellbeing,search_phrase,Canonical ANZSRC field phrase
CF-451614,Pacific Peoples health and wellbeing,broader,Immediate ANZSRC broader research group
CF-451615,Pacific Peoples remote health,search_phrase,Canonical ANZSRC field phrase
CF-451615,Pacific Peoples health and wellbeing,broader,Immediate ANZSRC broader research group
CF-451616,Pacific Peoples social determinants of health,search_phrase,Canonical ANZSRC field phrase
CF-451616,Pacific Peoples health and wellbeing,broader,Immediate ANZSRC broader research group
CF-451617,"Pacific Peoples social, cultural, emotional and spiritual wellbeing",search_phrase,Canonical ANZSRC field phrase
CF-451617,Pacific Peoples health and wellbeing,broader,Immediate ANZSRC broader research group
CF-451618,Pacific Peoples sport and physical activity,search_phrase,Canonical ANZSRC field phrase
CF-451618,Pacific Peoples health and wellbeing,broader,Immediate ANZSRC broader research group
CF-451619,Pacific Peoples theory of change models for health,search_phrase,Canonical ANZSRC field phrase
CF-451619,Pacific Peoples health and wellbeing,broader,Immediate ANZSRC broader research group
CF-451620,Pacific Peoples youth and family,search_phrase,Canonical ANZSRC field phrase
CF-451620,Pacific Peoples health and wellbeing,broader,Immediate ANZSRC broader research group
CF-451699,Pacific Peoples health and wellbeing not elsewhere classified,search_phrase,Canonical ANZSRC field phrase
CF-451699,Pacific Peoples health and wellbeing,broader,Immediate ANZSRC broader research group
CF-451701,Pacific Peoples astronomy and cosmology,search_phrase,Canonical ANZSRC field phrase
CF-451701,Pacific Peoples sciences,broader,Immediate ANZSRC broader research group
CF-451702,Pacific Peoples biological sciences,search_phrase,Canonical ANZSRC field phrase
CF-451702,Pacific Peoples sciences,broader,Immediate ANZSRC broader research group
CF-451703,Pacific Peoples computing technology use and design,search_phrase,Canonical ANZSRC field phrase
CF-451703,Pacific Peoples sciences,broader,Immediate ANZSRC broader research group
CF-451704,Pacific Peoples engineering,search_phrase,Canonical ANZSRC field phrase
CF-451704,Pacific Peoples sciences,broader,Immediate ANZSRC broader research group
CF-451705,Pacific Peoples genomics,search_phrase,Canonical ANZSRC field phrase
CF-451705,Pacific Peoples sciences,broader,Immediate ANZSRC broader research group
CF-451706,Pacific Peoples information and knowledge management systems,search_phrase,Canonical ANZSRC field phrase
CF-451706,Pacific Peoples sciences,broader,Immediate ANZSRC broader research group
CF-451707,Pacific Peoples innovation,search_phrase,Canonical ANZSRC field phrase
CF-451707,Pacific Peoples sciences,broader,Immediate ANZSRC broader research group
CF-451708,Pacific Peoples knowledge management methods,search_phrase,Canonical ANZSRC field phrase
CF-451708,Pacific Peoples sciences,broader,Immediate ANZSRC broader research group
CF-451709,"Pacific Peoples mathematical, physical and chemical sciences (excl. astronomy and cosmology)",search_phrase,Canonical ANZSRC field phrase
CF-451709,Pacific Peoples sciences,broader,Immediate ANZSRC broader research group
CF-451799,Pacific Peoples sciences not elsewhere classified,search_phrase,Canonical ANZSRC field phrase
CF-451799,Pacific Peoples sciences,broader,Immediate ANZSRC broader research group
CF-451801,Pacific Peoples and the law,search_phrase,Canonical ANZSRC field phrase
CF-451801,Pacific Peoples society and community,broader,Immediate ANZSRC broader research group
CF-451802,Pacific Peoples anthropology,search_phrase,Canonical ANZSRC field phrase
CF-451802,Pacific Peoples society and community,broader,Immediate ANZSRC broader research group
CF-451803,Pacific Peoples architecture,search_phrase,Canonical ANZSRC field phrase
CF-451803,Pacific Peoples society and community,broader,Immediate ANZSRC broader research group
CF-451804,Pacific Peoples commerce,search_phrase,Canonical ANZSRC field phrase
CF-451804,Pacific Peoples society and community,broader,Immediate ANZSRC broader research group
CF-451805,Pacific Peoples community and regional development,search_phrase,Canonical ANZSRC field phrase
CF-451805,Pacific Peoples society and community,broader,Immediate ANZSRC broader research group
CF-451806,Pacific Peoples community governance and decision making,search_phrase,Canonical ANZSRC field phrase
CF-451806,Pacific Peoples society and community,broader,Immediate ANZSRC broader research group
CF-451807,Pacific Peoples community-based research,search_phrase,Canonical ANZSRC field phrase
CF-451807,Pacific Peoples society and community,broader,Immediate ANZSRC broader research group
CF-451808,Pacific Peoples criminology,search_phrase,Canonical ANZSRC field phrase
CF-451808,Pacific Peoples society and community,broader,Immediate ANZSRC broader research group
CF-451809,Pacific Peoples customary law,search_phrase,Canonical ANZSRC field phrase
CF-451809,Pacific Peoples society and community,broader,Immediate ANZSRC broader research group
CF-451810,Pacific Peoples design practice and management,search_phrase,Canonical ANZSRC field phrase
CF-451810,Pacific Peoples society and community,broader,Immediate ANZSRC broader research group
CF-451811,Pacific Peoples economics,search_phrase,Canonical ANZSRC field phrase
CF-451811,Pacific Peoples society and community,broader,Immediate ANZSRC broader research group
CF-451812,Pacific Peoples finance,search_phrase,Canonical ANZSRC field phrase
CF-451812,Pacific Peoples society and community,broader,Immediate ANZSRC broader research group
CF-451813,Pacific Peoples human geography and demography,search_phrase,Canonical ANZSRC field phrase
CF-451813,Pacific Peoples society and community,broader,Immediate ANZSRC broader research group
CF-451814,Pacific Peoples legislation,search_phrase,Canonical ANZSRC field phrase
CF-451814,Pacific Peoples society and community,broader,Immediate ANZSRC broader research group
CF-451815,Pacific Peoples management,search_phrase,Canonical ANZSRC field phrase
CF-451815,Pacific Peoples society and community,broader,Immediate ANZSRC broader research group
CF-451816,Pacific Peoples marketing,search_phrase,Canonical ANZSRC field phrase
CF-451816,Pacific Peoples society and community,broader,Immediate ANZSRC broader research group
CF-451817,Pacific Peoples not-for-profit social enterprises,search_phrase,Canonical ANZSRC field phrase
CF-451817,Pacific Peoples society and community,broader,Immediate ANZSRC broader research group
CF-451818,Pacific Peoples perspectives,search_phrase,Canonical ANZSRC field phrase
CF-451818,Pacific Peoples society and community,broader,Immediate ANZSRC broader research group
CF-451819,Pacific Peoples political participation and representation,search_phrase,Canonical ANZSRC field phrase
CF-451819,Pacific Peoples society and community,broader,Immediate ANZSRC broader research group
CF-451820,Pacific Peoples politics,search_phrase,Canonical ANZSRC field phrase
CF-451820,Pacific Peoples society and community,broader,Immediate ANZSRC broader research group
CF-451821,Pacific Peoples social impact and program evaluation,search_phrase,Canonical ANZSRC field phrase
CF-451821,Pacific Peoples society and community,broader,Immediate ANZSRC broader research group
CF-451822,Pacific Peoples social work and social justice,search_phrase,Canonical ANZSRC field phrase
CF-451822,Pacific Peoples society and community,broader,Immediate ANZSRC broader research group
CF-451823,Pacific Peoples sociological studies,search_phrase,Canonical ANZSRC field phrase
CF-451823,Pacific Peoples society and community,broader,Immediate ANZSRC broader research group
CF-451824,Pacific Peoples sociology,search_phrase,Canonical ANZSRC field phrase
CF-451824,Pacific Peoples society and community,broader,Immediate ANZSRC broader research group
CF-451825,Pacific Peoples tourism,search_phrase,Canonical ANZSRC field phrase
CF-451825,Pacific Peoples society and community,broader,Immediate ANZSRC broader research group
CF-451826,Pacific Peoples urban and regional planning,search_phrase,Canonical ANZSRC field phrase
CF-451826,Pacific Peoples society and community,broader,Immediate ANZSRC broader research group
CF-451899,"Pacific Peoples, society and community not elsewhere classified",search_phrase,Canonical ANZSRC field phrase
CF-451899,Pacific Peoples society and community,broader,Immediate ANZSRC broader research group
CF-451901,"Global Indigenous studies culture, language and history",search_phrase,Canonical ANZSRC field phrase
CF-451901,"Other Indigenous data, methodologies and global Indigenous studies",broader,Immediate ANZSRC broader research group
CF-451902,Global Indigenous studies environmental knowledges and management,search_phrase,Canonical ANZSRC field phrase
CF-451902,"Other Indigenous data, methodologies and global Indigenous studies",broader,Immediate ANZSRC broader research group
CF-451903,Global Indigenous studies health and wellbeing,search_phrase,Canonical ANZSRC field phrase
CF-451903,"Other Indigenous data, methodologies and global Indigenous studies",broader,Immediate ANZSRC broader research group
CF-451904,"Global Indigenous studies peoples, society and community",search_phrase,Canonical ANZSRC field phrase
CF-451904,"Other Indigenous data, methodologies and global Indigenous studies",broader,Immediate ANZSRC broader research group
CF-451905,Global Indigenous studies sciences,search_phrase,Canonical ANZSRC field phrase
CF-451905,"Other Indigenous data, methodologies and global Indigenous studies",broader,Immediate ANZSRC broader research group
CF-451906,Indigenous data and data technologies,search_phrase,Canonical ANZSRC field phrase
CF-451906,"Other Indigenous data, methodologies and global Indigenous studies",broader,Immediate ANZSRC broader research group
CF-451907,Indigenous methodologies,search_phrase,Canonical ANZSRC field phrase
CF-451907,"Other Indigenous data, methodologies and global Indigenous studies",broader,Immediate ANZSRC broader research group
CF-451999,"Other Indigenous data, methodologies and global Indigenous studies not elsewhere classified",search_phrase,Canonical ANZSRC field phrase
CF-451999,"Other Indigenous data, methodologies and global Indigenous studies",broader,Immediate ANZSRC broader research group
CF-459999,Other Indigenous studies not elsewhere classified,search_phrase,Canonical ANZSRC field phrase
CF-459999,Other Indigenous studies,broader,Immediate ANZSRC broader research group
CF-460101,Applications in arts and humanities,search_phrase,Canonical ANZSRC field phrase
CF-460101,Applied computing,broader,Immediate ANZSRC broader research group
CF-460102,Applications in health,search_phrase,Canonical ANZSRC field phrase
CF-460102,Applied computing,broader,Immediate ANZSRC broader research group
CF-460103,Applications in life sciences,search_phrase,Canonical ANZSRC field phrase
CF-460103,Applied computing,broader,Immediate ANZSRC broader research group
CF-460104,Applications in physical sciences,search_phrase,Canonical ANZSRC field phrase
CF-460104,Applied computing,broader,Immediate ANZSRC broader research group
CF-460105,Applications in social sciences and education,search_phrase,Canonical ANZSRC field phrase
CF-460105,Applied computing,broader,Immediate ANZSRC broader research group
CF-460106,Spatial data and applications,search_phrase,Canonical ANZSRC field phrase
CF-460106,Applied computing,broader,Immediate ANZSRC broader research group
CF-460199,Applied computing not elsewhere classified,search_phrase,Canonical ANZSRC field phrase
CF-460199,Applied computing,broader,Immediate ANZSRC broader research group
CF-460201,Artificial life and complex adaptive systems,search_phrase,Canonical ANZSRC field phrase
CF-460201,Artificial intelligence,broader,Immediate ANZSRC broader research group
CF-460202,Autonomous agents and multiagent systems,search_phrase,Canonical ANZSRC field phrase
CF-460202,Artificial intelligence,broader,Immediate ANZSRC broader research group
CF-460203,Evolutionary computation,search_phrase,Canonical ANZSRC field phrase
CF-460203,Artificial intelligence,broader,Immediate ANZSRC broader research group
CF-460204,Fuzzy computation,search_phrase,Canonical ANZSRC field phrase
CF-460204,Artificial intelligence,broader,Immediate ANZSRC broader research group
CF-460205,Intelligent robotics,search_phrase,Canonical ANZSRC field phrase
CF-460205,Artificial intelligence,broader,Immediate ANZSRC broader research group
CF-460206,Knowledge representation and reasoning,search_phrase,Canonical ANZSRC field phrase
CF-460206,Artificial intelligence,broader,Immediate ANZSRC broader research group
CF-460207,Modelling and simulation,search_phrase,Canonical ANZSRC field phrase
CF-460207,Artificial intelligence,broader,Immediate ANZSRC broader research group
CF-460208,Natural language processing,search_phrase,Canonical ANZSRC field phrase
CF-460208,Artificial intelligence,broader,Immediate ANZSRC broader research group
CF-460209,Planning and decision making,search_phrase,Canonical ANZSRC field phrase
CF-460209,Artificial intelligence,broader,Immediate ANZSRC broader research group
CF-460210,Satisfiability and optimisation,search_phrase,Canonical ANZSRC field phrase
CF-460210,Artificial intelligence,broader,Immediate ANZSRC broader research group
CF-460211,Speech production,search_phrase,Canonical ANZSRC field phrase
CF-460211,Artificial intelligence,broader,Immediate ANZSRC broader research group
CF-460212,Speech recognition,search_phrase,Canonical ANZSRC field phrase
CF-460212,Artificial intelligence,broader,Immediate ANZSRC broader research group
CF-460299,Artificial intelligence not elsewhere classified,search_phrase,Canonical ANZSRC field phrase
CF-460299,Artificial intelligence,broader,Immediate ANZSRC broader research group
CF-460301,Active sensing,search_phrase,Canonical ANZSRC field phrase
CF-460301,Computer vision and multimedia computation,broader,Immediate ANZSRC broader research group
CF-460302,Audio processing,search_phrase,Canonical ANZSRC field phrase
CF-460302,Computer vision and multimedia computation,broader,Immediate ANZSRC broader research group
CF-460303,Computational imaging,search_phrase,Canonical ANZSRC field phrase
CF-460303,Computer vision and multimedia computation,broader,Immediate ANZSRC broader research group
CF-460304,Computer vision,search_phrase,Canonical ANZSRC field phrase
CF-460304,Computer vision and multimedia computation,broader,Immediate ANZSRC broader research group
CF-460305,Image and video coding,search_phrase,Canonical ANZSRC field phrase
CF-460305,Computer vision and multimedia computation,broader,Immediate ANZSRC broader research group
CF-460306,Image processing,search_phrase,Canonical ANZSRC field phrase
CF-460306,Computer vision and multimedia computation,broader,Immediate ANZSRC broader research group
CF-460307,Multimodal analysis and synthesis,search_phrase,Canonical ANZSRC field phrase
CF-460307,Computer vision and multimedia computation,broader,Immediate ANZSRC broader research group
CF-460308,Pattern recognition,search_phrase,Canonical ANZSRC field phrase
CF-460308,Computer vision and multimedia computation,broader,Immediate ANZSRC broader research group
CF-460309,Video processing,search_phrase,Canonical ANZSRC field phrase
CF-460309,Computer vision and multimedia computation,broader,Immediate ANZSRC broader research group
CF-460399,Computer vision and multimedia computation not elsewhere classified,search_phrase,Canonical ANZSRC field phrase
CF-460399,Computer vision and multimedia computation,broader,Immediate ANZSRC broader research group
CF-460401,Cryptography,search_phrase,Canonical ANZSRC field phrase
CF-460401,Cybersecurity and privacy,broader,Immediate ANZSRC broader research group
CF-460402,Data and information privacy,search_phrase,Canonical ANZSRC field phrase
CF-460402,Cybersecurity and privacy,broader,Immediate ANZSRC broader research group
CF-460403,Data security and protection,search_phrase,Canonical ANZSRC field phrase
CF-460403,Cybersecurity and privacy,broader,Immediate ANZSRC broader research group
CF-460404,Digital forensics,search_phrase,Canonical ANZSRC field phrase
CF-460404,Cybersecurity and privacy,broader,Immediate ANZSRC broader research group
CF-460405,Hardware security,search_phrase,Canonical ANZSRC field phrase
CF-460405,Cybersecurity and privacy,broader,Immediate ANZSRC broader research group
CF-460406,Software and application security,search_phrase,Canonical ANZSRC field phrase
CF-460406,Cybersecurity and privacy,broader,Immediate ANZSRC broader research group
CF-460407,System and network security,search_phrase,Canonical ANZSRC field phrase
CF-460407,Cybersecurity and privacy,broader,Immediate ANZSRC broader research group
CF-460499,Cybersecurity and privacy not elsewhere classified,search_phrase,Canonical ANZSRC field phrase
CF-460499,Cybersecurity and privacy,broader,Immediate ANZSRC broader research group
CF-460501,Data engineering and data science,search_phrase,Canonical ANZSRC field phrase
CF-460501,Data management and data science,broader,Immediate ANZSRC broader research group
CF-460502,Data mining and knowledge discovery,search_phrase,Canonical ANZSRC field phrase
CF-460502,Data management and data science,broader,Immediate ANZSRC broader research group
CF-460503,"Data models, storage and indexing",search_phrase,Canonical ANZSRC field phrase
CF-460503,Data management and data science,broader,Immediate ANZSRC broader research group
CF-460504,Data quality,search_phrase,Canonical ANZSRC field phrase
CF-460504,Data management and data science,broader,Immediate ANZSRC broader research group
CF-460505,Database systems,search_phrase,Canonical ANZSRC field phrase
CF-460505,Data management and data science,broader,Immediate ANZSRC broader research group
CF-460506,"Graph, social and multimedia data",search_phrase,Canonical ANZSRC field phrase
CF-460506,Data management and data science,broader,Immediate ANZSRC broader research group
CF-460507,Information extraction and fusion,search_phrase,Canonical ANZSRC field phrase
CF-460507,Data management and data science,broader,Immediate ANZSRC broader research group
CF-460508,Information retrieval and web search,search_phrase,Canonical ANZSRC field phrase
CF-460508,Data management and data science,broader,Immediate ANZSRC broader research group
CF-460509,Query processing and optimisation,search_phrase,Canonical ANZSRC field phrase
CF-460509,Data management and data science,broader,Immediate ANZSRC broader research group
CF-460510,Recommender systems,search_phrase,Canonical ANZSRC field phrase
CF-460510,Data management and data science,broader,Immediate ANZSRC broader research group
CF-460511,Stream and sensor data,search_phrase,Canonical ANZSRC field phrase
CF-460511,Data management and data science,broader,Immediate ANZSRC broader research group
CF-460599,Data management and data science not elsewhere classified,search_phrase,Canonical ANZSRC field phrase
CF-460599,Data management and data science,broader,Immediate ANZSRC broader research group
CF-460601,Cloud computing,search_phrase,Canonical ANZSRC field phrase
CF-460601,Distributed computing and systems software,broader,Immediate ANZSRC broader research group
CF-460602,Concurrent/parallel systems and technologies,search_phrase,Canonical ANZSRC field phrase
CF-460602,Distributed computing and systems software,broader,Immediate ANZSRC broader research group
CF-460603,Cyberphysical systems and internet of things,search_phrase,Canonical ANZSRC field phrase
CF-460603,Distributed computing and systems software,broader,Immediate ANZSRC broader research group
CF-460604,Dependable systems,search_phrase,Canonical ANZSRC field phrase
CF-460604,Distributed computing and systems software,broader,Immediate ANZSRC broader research group
CF-460605,Distributed systems and algorithms,search_phrase,Canonical ANZSRC field phrase
CF-460605,Distributed computing and systems software,broader,Immediate ANZSRC broader research group
CF-460606,Energy-efficient computing,search_phrase,Canonical ANZSRC field phrase
CF-460606,Distributed computing and systems software,broader,Immediate ANZSRC broader research group
CF-460607,High performance computing,search_phrase,Canonical ANZSRC field phrase
CF-460607,Distributed computing and systems software,broader,Immediate ANZSRC broader research group
CF-460608,Mobile computing,search_phrase,Canonical ANZSRC field phrase
CF-460608,Distributed computing and systems software,broader,Immediate ANZSRC broader research group
CF-460609,Networking and communications,search_phrase,Canonical ANZSRC field phrase
CF-460609,Distributed computing and systems software,broader,Immediate ANZSRC broader research group
CF-460610,Operating systems,search_phrase,Canonical ANZSRC field phrase
CF-460610,Distributed computing and systems software,broader,Immediate ANZSRC broader research group
CF-460611,Performance evaluation,search_phrase,Canonical ANZSRC field phrase
CF-460611,Distributed computing and systems software,broader,Immediate ANZSRC broader research group
CF-460612,Service oriented computing,search_phrase,Canonical ANZSRC field phrase
CF-460612,Distributed computing and systems software,broader,Immediate ANZSRC broader research group
CF-460699,Distributed computing and systems software not elsewhere classified,search_phrase,Canonical ANZSRC field phrase
CF-460699,Distributed computing and systems software,broader,Immediate ANZSRC broader research group
CF-460701,Computer aided design,search_phrase,Canonical ANZSRC field phrase
CF-460701,"Graphics, augmented reality and games",broader,Immediate ANZSRC broader research group
CF-460702,Computer graphics,search_phrase,Canonical ANZSRC field phrase
CF-460702,"Graphics, augmented reality and games",broader,Immediate ANZSRC broader research group
CF-460703,Entertainment and gaming,search_phrase,Canonical ANZSRC field phrase
CF-460703,"Graphics, augmented reality and games",broader,Immediate ANZSRC broader research group
CF-460704,Interactive narrative,search_phrase,Canonical ANZSRC field phrase
CF-460704,"Graphics, augmented reality and games",broader,Immediate ANZSRC broader research group
CF-460705,Procedural content generation,search_phrase,Canonical ANZSRC field phrase
CF-460705,"Graphics, augmented reality and games",broader,Immediate ANZSRC broader research group
CF-460706,Serious games,search_phrase,Canonical ANZSRC field phrase
CF-460706,"Graphics, augmented reality and games",broader,Immediate ANZSRC broader research group
CF-460707,Sound and music computing,search_phrase,Canonical ANZSRC field phrase
CF-460707,"Graphics, augmented reality and games",broader,Immediate ANZSRC broader research group
CF-460708,Virtual and mixed reality,search_phrase,Canonical ANZSRC field phrase
CF-460708,"Graphics, augmented reality and games",broader,Immediate ANZSRC broader research group
CF-460799,"Graphics, augmented reality and games not elsewhere classified",search_phrase,Canonical ANZSRC field phrase
CF-460799,"Graphics, augmented reality and games",broader,Immediate ANZSRC broader research group
CF-460801,Accessible computing,search_phrase,Canonical ANZSRC field phrase
CF-460801,Human-centred computing,broader,Immediate ANZSRC broader research group
CF-460802,Affective computing,search_phrase,Canonical ANZSRC field phrase
CF-460802,Human-centred computing,broader,Immediate ANZSRC broader research group
CF-460803,Collaborative and social computing,search_phrase,Canonical ANZSRC field phrase
CF-460803,Human-centred computing,broader,Immediate ANZSRC broader research group
CF-460804,Computing education,search_phrase,Canonical ANZSRC field phrase
CF-460804,Human-centred computing,broader,Immediate ANZSRC broader research group
CF-460805,"Fairness, accountability, transparency, trust and ethics of computer systems",search_phrase,Canonical ANZSRC field phrase
CF-460805,Human-centred computing,broader,Immediate ANZSRC broader research group
CF-460806,Human-computer interaction,search_phrase,Canonical ANZSRC field phrase
CF-460806,Human-centred computing,broader,Immediate ANZSRC broader research group
CF-460807,Information visualisation,search_phrase,Canonical ANZSRC field phrase
CF-460807,Human-centred computing,broader,Immediate ANZSRC broader research group
CF-460808,Mixed initiative and human-in-the-loop,search_phrase,Canonical ANZSRC field phrase
CF-460808,Human-centred computing,broader,Immediate ANZSRC broader research group
CF-460809,Pervasive computing,search_phrase,Canonical ANZSRC field phrase
CF-460809,Human-centred computing,broader,Immediate ANZSRC broader research group
CF-460810,Social robotics,search_phrase,Canonical ANZSRC field phrase
CF-460810,Human-centred computing,broader,Immediate ANZSRC broader research group
CF-460899,Human-centred computing not elsewhere classified,search_phrase,Canonical ANZSRC field phrase
CF-460899,Human-centred computing,broader,Immediate ANZSRC broader research group
CF-460901,Business process management,search_phrase,Canonical ANZSRC field phrase
CF-460901,Information systems,broader,Immediate ANZSRC broader research group
CF-460902,Decision support and group support systems,search_phrase,Canonical ANZSRC field phrase
CF-460902,Information systems,broader,Immediate ANZSRC broader research group
CF-460903,"Information modelling, management and ontologies",search_phrase,Canonical ANZSRC field phrase
CF-460903,Information systems,broader,Immediate ANZSRC broader research group
CF-460904,Information security management,search_phrase,Canonical ANZSRC field phrase
CF-460904,Information systems,broader,Immediate ANZSRC broader research group
CF-460905,Information systems development methodologies and practice,search_phrase,Canonical ANZSRC field phrase
CF-460905,Information systems,broader,Immediate ANZSRC broader research group
CF-460906,Information systems education,search_phrase,Canonical ANZSRC field phrase
CF-460906,Information systems,broader,Immediate ANZSRC broader research group
CF-460907,Information systems for sustainable development and the public good,search_phrase,Canonical ANZSRC field phrase
CF-460907,Information systems,broader,Immediate ANZSRC broader research group
CF-460908,Information systems organisation and management,search_phrase,Canonical ANZSRC field phrase
CF-460908,Information systems,broader,Immediate ANZSRC broader research group
CF-460909,"Information systems philosophy, research methods and theory",search_phrase,Canonical ANZSRC field phrase
CF-460909,Information systems,broader,Immediate ANZSRC broader research group
CF-460910,Information systems user experience design and development,search_phrase,Canonical ANZSRC field phrase
CF-460910,Information systems,broader,Immediate ANZSRC broader research group
CF-460911,"Inter-organisational, extra-organisational and global information systems",search_phrase,Canonical ANZSRC field phrase
CF-460911,Information systems,broader,Immediate ANZSRC broader research group
CF-460912,Knowledge and information management,search_phrase,Canonical ANZSRC field phrase
CF-460912,Information systems,broader,Immediate ANZSRC broader research group
CF-460999,Information systems not elsewhere classified,search_phrase,Canonical ANZSRC field phrase
CF-460999,Information systems,broader,Immediate ANZSRC broader research group
CF-461001,Digital curation and preservation,search_phrase,Canonical ANZSRC field phrase
CF-461001,Library and information studies,broader,Immediate ANZSRC broader research group
CF-461002,Human information behaviour,search_phrase,Canonical ANZSRC field phrase
CF-461002,Library and information studies,broader,Immediate ANZSRC broader research group
CF-461003,Human information interaction and retrieval,search_phrase,Canonical ANZSRC field phrase
CF-461003,Library and information studies,broader,Immediate ANZSRC broader research group
CF-461004,"Information governance, policy and ethics",search_phrase,Canonical ANZSRC field phrase
CF-461004,Library and information studies,broader,Immediate ANZSRC broader research group
CF-461005,Informetrics,search_phrase,Canonical ANZSRC field phrase
CF-461005,Library and information studies,broader,Immediate ANZSRC broader research group
CF-461006,Library studies,search_phrase,Canonical ANZSRC field phrase
CF-461006,Library and information studies,broader,Immediate ANZSRC broader research group
CF-461007,Open access,search_phrase,Canonical ANZSRC field phrase
CF-461007,Library and information studies,broader,Immediate ANZSRC broader research group
CF-461008,Organisation of information and knowledge resources,search_phrase,Canonical ANZSRC field phrase
CF-461008,Library and information studies,broader,Immediate ANZSRC broader research group
CF-461009,Recordkeeping informatics,search_phrase,Canonical ANZSRC field phrase
CF-461009,Library and information studies,broader,Immediate ANZSRC broader research group
CF-461010,Social and community informatics,search_phrase,Canonical ANZSRC field phrase
CF-461010,Library and information studies,broader,Immediate ANZSRC broader research group
CF-461099,Library and information studies not elsewhere classified,search_phrase,Canonical ANZSRC field phrase
CF-461099,Library and information studies,broader,Immediate ANZSRC broader research group
CF-461101,Adversarial machine learning,search_phrase,Canonical ANZSRC field phrase
CF-461101,Machine learning,broader,Immediate ANZSRC broader research group
CF-461102,Context learning,search_phrase,Canonical ANZSRC field phrase
CF-461102,Machine learning,broader,Immediate ANZSRC broader research group
CF-461103,Deep learning,search_phrase,Canonical ANZSRC field phrase
CF-461103,Machine learning,broader,Immediate ANZSRC broader research group
CF-461104,Neural networks,search_phrase,Canonical ANZSRC field phrase
CF-461104,Machine learning,broader,Immediate ANZSRC broader research group
CF-461105,Reinforcement learning,search_phrase,Canonical ANZSRC field phrase
CF-461105,Machine learning,broader,Immediate ANZSRC broader research group
CF-461106,Semi- and unsupervised learning,search_phrase,Canonical ANZSRC field phrase
CF-461106,Machine learning,broader,Immediate ANZSRC broader research group
CF-461199,Machine learning not elsewhere classified,search_phrase,Canonical ANZSRC field phrase
CF-461199,Machine learning,broader,Immediate ANZSRC broader research group
CF-461201,Automated software engineering,search_phrase,Canonical ANZSRC field phrase
CF-461201,Software engineering,broader,Immediate ANZSRC broader research group
CF-461202,Empirical software engineering,search_phrase,Canonical ANZSRC field phrase
CF-461202,Software engineering,broader,Immediate ANZSRC broader research group
CF-461203,Formal methods for software,search_phrase,Canonical ANZSRC field phrase
CF-461203,Software engineering,broader,Immediate ANZSRC broader research group
CF-461204,Programming languages,search_phrase,Canonical ANZSRC field phrase
CF-461204,Software engineering,broader,Immediate ANZSRC broader research group
CF-461205,Requirements engineering,search_phrase,Canonical ANZSRC field phrase
CF-461205,Software engineering,broader,Immediate ANZSRC broader research group
CF-461206,Software architecture,search_phrase,Canonical ANZSRC field phrase
CF-461206,Software engineering,broader,Immediate ANZSRC broader research group
CF-461207,"Software quality, processes and metrics",search_phrase,Canonical ANZSRC field phrase
CF-461207,Software engineering,broader,Immediate ANZSRC broader research group
CF-461208,"Software testing, verification and validation",search_phrase,Canonical ANZSRC field phrase
CF-461208,Software engineering,broader,Immediate ANZSRC broader research group
CF-461299,Software engineering not elsewhere classified,search_phrase,Canonical ANZSRC field phrase
CF-461299,Software engineering,broader,Immediate ANZSRC broader research group
CF-461301,"Coding, information theory and compression",search_phrase,Canonical ANZSRC field phrase
CF-461301,Theory of computation,broader,Immediate ANZSRC broader research group
CF-461302,Computational complexity and computability,search_phrase,Canonical ANZSRC field phrase
CF-461302,Theory of computation,broader,Immediate ANZSRC broader research group
CF-461303,Computational logic and formal languages,search_phrase,Canonical ANZSRC field phrase
CF-461303,Theory of computation,broader,Immediate ANZSRC broader research group
CF-461304,Concurrency theory,search_phrase,Canonical ANZSRC field phrase
CF-461304,Theory of computation,broader,Immediate ANZSRC broader research group
CF-461305,Data structures and algorithms,search_phrase,Canonical ANZSRC field phrase
CF-461305,Theory of computation,broader,Immediate ANZSRC broader research group
CF-461306,Numerical computation and mathematical software,search_phrase,Canonical ANZSRC field phrase
CF-461306,Theory of computation,broader,Immediate ANZSRC broader research group
CF-461307,Quantum computation,search_phrase,Canonical ANZSRC field phrase
CF-461307,Theory of computation,broader,Immediate ANZSRC broader research group
CF-461399,Theory of computation not elsewhere classified,search_phrase,Canonical ANZSRC field phrase
CF-461399,Theory of computation,broader,Immediate ANZSRC broader research group
CF-469999,Other information and computing sciences not elsewhere classified,search_phrase,Canonical ANZSRC field phrase
CF-469999,Other information and computing sciences,broader,Immediate ANZSRC broader research group
CF-470101,Communication studies,search_phrase,Canonical ANZSRC field phrase
CF-470101,Communication and media studies,broader,Immediate ANZSRC broader research group
CF-470102,Communication technology and digital media studies,search_phrase,Canonical ANZSRC field phrase
CF-470102,Communication and media studies,broader,Immediate ANZSRC broader research group
CF-470103,Environmental communication,search_phrase,Canonical ANZSRC field phrase
CF-470103,Communication and media studies,broader,Immediate ANZSRC broader research group
CF-470104,International and development communication,search_phrase,Canonical ANZSRC field phrase
CF-470104,Communication and media studies,broader,Immediate ANZSRC broader research group
CF-470105,Journalism studies,search_phrase,Canonical ANZSRC field phrase
CF-470105,Communication and media studies,broader,Immediate ANZSRC broader research group
CF-470106,Media industry studies,search_phrase,Canonical ANZSRC field phrase
CF-470106,Communication and media studies,broader,Immediate ANZSRC broader research group
CF-470107,Media studies,search_phrase,Canonical ANZSRC field phrase
CF-470107,Communication and media studies,broader,Immediate ANZSRC broader research group
CF-470108,"Organisational, interpersonal and intercultural communication",search_phrase,Canonical ANZSRC field phrase
CF-470108,Communication and media studies,broader,Immediate ANZSRC broader research group
CF-470199,Communication and media studies not elsewhere classified,search_phrase,Canonical ANZSRC field phrase
CF-470199,Communication and media studies,broader,Immediate ANZSRC broader research group
CF-470201,Arts and cultural policy,search_phrase,Canonical ANZSRC field phrase
CF-470201,Cultural studies,broader,Immediate ANZSRC broader research group
CF-470202,Asian cultural studies,search_phrase,Canonical ANZSRC field phrase
CF-470202,Cultural studies,broader,Immediate ANZSRC broader research group
CF-470203,Consumption and everyday life,search_phrase,Canonical ANZSRC field phrase
CF-470203,Cultural studies,broader,Immediate ANZSRC broader research group
CF-470204,Cultural and creative industries,search_phrase,Canonical ANZSRC field phrase
CF-470204,Cultural studies,broader,Immediate ANZSRC broader research group
CF-470205,"Cultural studies of agriculture, food and wine",search_phrase,Canonical ANZSRC field phrase
CF-470205,Cultural studies,broader,Immediate ANZSRC broader research group
CF-470206,Cultural studies of nation and region,search_phrase,Canonical ANZSRC field phrase
CF-470206,Cultural studies,broader,Immediate ANZSRC broader research group
CF-470207,Cultural theory,search_phrase,Canonical ANZSRC field phrase
CF-470207,Cultural studies,broader,Immediate ANZSRC broader research group
CF-470208,"Culture, representation and identity",search_phrase,Canonical ANZSRC field phrase
CF-470208,Cultural studies,broader,Immediate ANZSRC broader research group
CF-470209,Environment and culture,search_phrase,Canonical ANZSRC field phrase
CF-470209,Cultural studies,broader,Immediate ANZSRC broader research group
CF-470210,Globalisation and culture,search_phrase,Canonical ANZSRC field phrase
CF-470210,Cultural studies,broader,Immediate ANZSRC broader research group
CF-470211,Migrant cultural studies,search_phrase,Canonical ANZSRC field phrase
CF-470211,Cultural studies,broader,Immediate ANZSRC broader research group
CF-470212,"Multicultural, intercultural and cross-cultural studies",search_phrase,Canonical ANZSRC field phrase
CF-470212,Cultural studies,broader,Immediate ANZSRC broader research group
CF-470213,Postcolonial studies,search_phrase,Canonical ANZSRC field phrase
CF-470213,Cultural studies,broader,Immediate ANZSRC broader research group
CF-470214,Screen and media culture,search_phrase,Canonical ANZSRC field phrase
CF-470214,Cultural studies,broader,Immediate ANZSRC broader research group
CF-470299,Cultural studies not elsewhere classified,search_phrase,Canonical ANZSRC field phrase
CF-470299,Cultural studies,broader,Immediate ANZSRC broader research group
CF-470301,African languages,search_phrase,Canonical ANZSRC field phrase
CF-470301,Language studies,broader,Immediate ANZSRC broader research group
CF-470302,Central and Eastern European languages (incl. Russian),search_phrase,Canonical ANZSRC field phrase
CF-470302,Language studies,broader,Immediate ANZSRC broader research group
CF-470303,Chinese languages,search_phrase,Canonical ANZSRC field phrase
CF-470303,Language studies,broader,Immediate ANZSRC broader research group
CF-470304,Comparative language studies,search_phrase,Canonical ANZSRC field phrase
CF-470304,Language studies,broader,Immediate ANZSRC broader research group
CF-470305,Early English languages,search_phrase,Canonical ANZSRC field phrase
CF-470305,Language studies,broader,Immediate ANZSRC broader research group
CF-470306,English as a second language,search_phrase,Canonical ANZSRC field phrase
CF-470306,Language studies,broader,Immediate ANZSRC broader research group
CF-470307,English language,search_phrase,Canonical ANZSRC field phrase
CF-470307,Language studies,broader,Immediate ANZSRC broader research group
CF-470308,French language,search_phrase,Canonical ANZSRC field phrase
CF-470308,Language studies,broader,Immediate ANZSRC broader research group
CF-470309,German language,search_phrase,Canonical ANZSRC field phrase
CF-470309,Language studies,broader,Immediate ANZSRC broader research group
CF-470310,Iberian languages,search_phrase,Canonical ANZSRC field phrase
CF-470310,Language studies,broader,Immediate ANZSRC broader research group
CF-470311,Indian languages,search_phrase,Canonical ANZSRC field phrase
CF-470311,Language studies,broader,Immediate ANZSRC broader research group
CF-470312,Indonesian languages,search_phrase,Canonical ANZSRC field phrase
CF-470312,Language studies,broader,Immediate ANZSRC broader research group
CF-470313,Italian language,search_phrase,Canonical ANZSRC field phrase
CF-470313,Language studies,broader,Immediate ANZSRC broader research group
CF-470314,Japanese language,search_phrase,Canonical ANZSRC field phrase
CF-470314,Language studies,broader,Immediate ANZSRC broader research group
CF-470315,Korean language,search_phrase,Canonical ANZSRC field phrase
CF-470315,Language studies,broader,Immediate ANZSRC broader research group
CF-470316,Latin and classical Greek languages,search_phrase,Canonical ANZSRC field phrase
CF-470316,Language studies,broader,Immediate ANZSRC broader research group
CF-470317,Middle Eastern languages,search_phrase,Canonical ANZSRC field phrase
CF-470317,Language studies,broader,Immediate ANZSRC broader research group
CF-470318,Other Asian languages (excl. South-East Asian),search_phrase,Canonical ANZSRC field phrase
CF-470318,Language studies,broader,Immediate ANZSRC broader research group
CF-470319,Other European languages,search_phrase,Canonical ANZSRC field phrase
CF-470319,Language studies,broader,Immediate ANZSRC broader research group
CF-470320,South-East Asian languages (excl. Indonesian),search_phrase,Canonical ANZSRC field phrase
CF-470320,Language studies,broader,Immediate ANZSRC broader research group
CF-470321,Translation and interpretation studies,search_phrase,Canonical ANZSRC field phrase
CF-470321,Language studies,broader,Immediate ANZSRC broader research group
CF-470399,Language studies not elsewhere classified,search_phrase,Canonical ANZSRC field phrase
CF-470399,Language studies,broader,Immediate ANZSRC broader research group
CF-470401,Applied linguistics and educational linguistics,search_phrase,Canonical ANZSRC field phrase
CF-470401,Linguistics,broader,Immediate ANZSRC broader research group
CF-470402,Child language acquisition,search_phrase,Canonical ANZSRC field phrase
CF-470402,Linguistics,broader,Immediate ANZSRC broader research group
CF-470403,Computational linguistics,search_phrase,Canonical ANZSRC field phrase
CF-470403,Linguistics,broader,Immediate ANZSRC broader research group
CF-470404,Corpus linguistics,search_phrase,Canonical ANZSRC field phrase
CF-470404,Linguistics,broader,Immediate ANZSRC broader research group
CF-470405,Discourse and pragmatics,search_phrase,Canonical ANZSRC field phrase
CF-470405,Linguistics,broader,Immediate ANZSRC broader research group
CF-470406,"Historical, comparative and typological linguistics",search_phrase,Canonical ANZSRC field phrase
CF-470406,Linguistics,broader,Immediate ANZSRC broader research group
CF-470407,Language documentation and description,search_phrase,Canonical ANZSRC field phrase
CF-470407,Linguistics,broader,Immediate ANZSRC broader research group
CF-470408,Lexicography and semantics,search_phrase,Canonical ANZSRC field phrase
CF-470408,Linguistics,broader,Immediate ANZSRC broader research group
CF-470409,"Linguistic structures (incl. phonology, morphology and syntax)",search_phrase,Canonical ANZSRC field phrase
CF-470409,Linguistics,broader,Immediate ANZSRC broader research group
CF-470410,Phonetics and speech science,search_phrase,Canonical ANZSRC field phrase
CF-470410,Linguistics,broader,Immediate ANZSRC broader research group
CF-470411,Sociolinguistics,search_phrase,Canonical ANZSRC field phrase
CF-470411,Linguistics,broader,Immediate ANZSRC broader research group
CF-470499,Linguistics not elsewhere classified,search_phrase,Canonical ANZSRC field phrase
CF-470499,Linguistics,broader,Immediate ANZSRC broader research group
CF-470501,African literature,search_phrase,Canonical ANZSRC field phrase
CF-470501,Literary studies,broader,Immediate ANZSRC broader research group
CF-470502,Australian literature (excl. Aboriginal and Torres Strait Islander literature),search_phrase,Canonical ANZSRC field phrase
CF-470502,Literary studies,broader,Immediate ANZSRC broader research group
CF-470503,Book history,search_phrase,Canonical ANZSRC field phrase
CF-470503,Literary studies,broader,Immediate ANZSRC broader research group
CF-470504,British and Irish literature,search_phrase,Canonical ANZSRC field phrase
CF-470504,Literary studies,broader,Immediate ANZSRC broader research group
CF-470505,Central and Eastern European literature (incl. Russian),search_phrase,Canonical ANZSRC field phrase
CF-470505,Literary studies,broader,Immediate ANZSRC broader research group
CF-470506,Children's literature,search_phrase,Canonical ANZSRC field phrase
CF-470506,Literary studies,broader,Immediate ANZSRC broader research group
CF-470507,Comparative and transnational literature,search_phrase,Canonical ANZSRC field phrase
CF-470507,Literary studies,broader,Immediate ANZSRC broader research group
CF-470508,Digital literature,search_phrase,Canonical ANZSRC field phrase
CF-470508,Literary studies,broader,Immediate ANZSRC broader research group
CF-470509,Ecocriticism,search_phrase,Canonical ANZSRC field phrase
CF-470509,Literary studies,broader,Immediate ANZSRC broader research group
CF-470510,Indian literature,search_phrase,Canonical ANZSRC field phrase
CF-470510,Literary studies,broader,Immediate ANZSRC broader research group
CF-470511,Indonesian literature,search_phrase,Canonical ANZSRC field phrase
CF-470511,Literary studies,broader,Immediate ANZSRC broader research group
CF-470512,Korean literature,search_phrase,Canonical ANZSRC field phrase
CF-470512,Literary studies,broader,Immediate ANZSRC broader research group
CF-470513,Latin and classical Greek literature,search_phrase,Canonical ANZSRC field phrase
CF-470513,Literary studies,broader,Immediate ANZSRC broader research group
CF-470514,Literary theory,search_phrase,Canonical ANZSRC field phrase
CF-470514,Literary studies,broader,Immediate ANZSRC broader research group
CF-470515,Literature in Chinese,search_phrase,Canonical ANZSRC field phrase
CF-470515,Literary studies,broader,Immediate ANZSRC broader research group
CF-470516,Literature in French,search_phrase,Canonical ANZSRC field phrase
CF-470516,Literary studies,broader,Immediate ANZSRC broader research group
CF-470517,Literature in German,search_phrase,Canonical ANZSRC field phrase
CF-470517,Literary studies,broader,Immediate ANZSRC broader research group
CF-470518,Literature in Italian,search_phrase,Canonical ANZSRC field phrase
CF-470518,Literary studies,broader,Immediate ANZSRC broader research group
CF-470519,Literature in Japanese,search_phrase,Canonical ANZSRC field phrase
CF-470519,Literary studies,broader,Immediate ANZSRC broader research group
CF-470520,Literature in Spanish and Portuguese,search_phrase,Canonical ANZSRC field phrase
CF-470520,Literary studies,broader,Immediate ANZSRC broader research group
CF-470521,Middle Eastern literature,search_phrase,Canonical ANZSRC field phrase
CF-470521,Literary studies,broader,Immediate ANZSRC broader research group
CF-470522,New Zealand literature (excl. Māori literature),search_phrase,Canonical ANZSRC field phrase
CF-470522,Literary studies,broader,Immediate ANZSRC broader research group
CF-470523,North American literature,search_phrase,Canonical ANZSRC field phrase
CF-470523,Literary studies,broader,Immediate ANZSRC broader research group
CF-470524,Other Asian literature (excl. South-East Asian),search_phrase,Canonical ANZSRC field phrase
CF-470524,Literary studies,broader,Immediate ANZSRC broader research group
CF-470525,Other European literature,search_phrase,Canonical ANZSRC field phrase
CF-470525,Literary studies,broader,Immediate ANZSRC broader research group
CF-470526,Other literatures in English,search_phrase,Canonical ANZSRC field phrase
CF-470526,Literary studies,broader,Immediate ANZSRC broader research group
CF-470527,Popular and genre literature,search_phrase,Canonical ANZSRC field phrase
CF-470527,Literary studies,broader,Immediate ANZSRC broader research group
CF-470528,Print culture,search_phrase,Canonical ANZSRC field phrase
CF-470528,Literary studies,broader,Immediate ANZSRC broader research group
CF-470529,South-East Asian literature (excl. Indonesian),search_phrase,Canonical ANZSRC field phrase
CF-470529,Literary studies,broader,Immediate ANZSRC broader research group
CF-470530,Stylistics and textual analysis,search_phrase,Canonical ANZSRC field phrase
CF-470530,Literary studies,broader,Immediate ANZSRC broader research group
CF-470531,Young adult literature,search_phrase,Canonical ANZSRC field phrase
CF-470531,Literary studies,broader,Immediate ANZSRC broader research group
CF-470599,Literary studies not elsewhere classified,search_phrase,Canonical ANZSRC field phrase
CF-470599,Literary studies,broader,Immediate ANZSRC broader research group
CF-479999,"Other language, communication and culture not elsewhere classified",search_phrase,Canonical ANZSRC field phrase
CF-479999,"Other language, communication and culture",broader,Immediate ANZSRC broader research group
CF-480101,"Banking, finance and securities law",search_phrase,Canonical ANZSRC field phrase
CF-480101,Commercial law,broader,Immediate ANZSRC broader research group
CF-480102,Commercial law,search_phrase,Canonical ANZSRC field phrase
CF-480102,Commercial law,broader,Immediate ANZSRC broader research group
CF-480103,Corporations and associations law,search_phrase,Canonical ANZSRC field phrase
CF-480103,Commercial law,broader,Immediate ANZSRC broader research group
CF-480104,Labour law,search_phrase,Canonical ANZSRC field phrase
CF-480104,Commercial law,broader,Immediate ANZSRC broader research group
CF-480105,Not-for-profit law,search_phrase,Canonical ANZSRC field phrase
CF-480105,Commercial law,broader,Immediate ANZSRC broader research group
CF-480106,Taxation law,search_phrase,Canonical ANZSRC field phrase
CF-480106,Commercial law,broader,Immediate ANZSRC broader research group
CF-480199,Commercial law not elsewhere classified,search_phrase,Canonical ANZSRC field phrase
CF-480199,Commercial law,broader,Immediate ANZSRC broader research group
CF-480201,Animal law,search_phrase,Canonical ANZSRC field phrase
CF-480201,Environmental and resources law,broader,Immediate ANZSRC broader research group
CF-480202,Climate change law,search_phrase,Canonical ANZSRC field phrase
CF-480202,Environmental and resources law,broader,Immediate ANZSRC broader research group
CF-480203,Environmental law,search_phrase,Canonical ANZSRC field phrase
CF-480203,Environmental and resources law,broader,Immediate ANZSRC broader research group
CF-480204,"Mining, energy and natural resources law",search_phrase,Canonical ANZSRC field phrase
CF-480204,Environmental and resources law,broader,Immediate ANZSRC broader research group
CF-480299,Environmental and resources law not elsewhere classified,search_phrase,Canonical ANZSRC field phrase
CF-480299,Environmental and resources law,broader,Immediate ANZSRC broader research group
CF-480301,Asian and Pacific law,search_phrase,Canonical ANZSRC field phrase
CF-480301,International and comparative law,broader,Immediate ANZSRC broader research group
CF-480302,Comparative law,search_phrase,Canonical ANZSRC field phrase
CF-480302,International and comparative law,broader,Immediate ANZSRC broader research group
CF-480303,Conflict of laws (incl. private international law),search_phrase,Canonical ANZSRC field phrase
CF-480303,International and comparative law,broader,Immediate ANZSRC broader research group
CF-480304,European Union law,search_phrase,Canonical ANZSRC field phrase
CF-480304,International and comparative law,broader,Immediate ANZSRC broader research group
CF-480305,International arbitration,search_phrase,Canonical ANZSRC field phrase
CF-480305,International and comparative law,broader,Immediate ANZSRC broader research group
CF-480306,International criminal law,search_phrase,Canonical ANZSRC field phrase
CF-480306,International and comparative law,broader,Immediate ANZSRC broader research group
CF-480307,International humanitarian and human rights law,search_phrase,Canonical ANZSRC field phrase
CF-480307,International and comparative law,broader,Immediate ANZSRC broader research group
CF-480308,International trade and investment law,search_phrase,Canonical ANZSRC field phrase
CF-480308,International and comparative law,broader,Immediate ANZSRC broader research group
CF-480309,Ocean law and governance,search_phrase,Canonical ANZSRC field phrase
CF-480309,International and comparative law,broader,Immediate ANZSRC broader research group
CF-480310,Public international law,search_phrase,Canonical ANZSRC field phrase
CF-480310,International and comparative law,broader,Immediate ANZSRC broader research group
CF-480311,"Space, maritime and aviation law",search_phrase,Canonical ANZSRC field phrase
CF-480311,International and comparative law,broader,Immediate ANZSRC broader research group
CF-480399,International and comparative law not elsewhere classified,search_phrase,Canonical ANZSRC field phrase
CF-480399,International and comparative law,broader,Immediate ANZSRC broader research group
CF-480401,Criminal law,search_phrase,Canonical ANZSRC field phrase
CF-480401,Law in context,broader,Immediate ANZSRC broader research group
CF-480402,Family law,search_phrase,Canonical ANZSRC field phrase
CF-480402,Law in context,broader,Immediate ANZSRC broader research group
CF-480403,Law and humanities,search_phrase,Canonical ANZSRC field phrase
CF-480403,Law in context,broader,Immediate ANZSRC broader research group
CF-480404,Law and religion,search_phrase,Canonical ANZSRC field phrase
CF-480404,Law in context,broader,Immediate ANZSRC broader research group
CF-480405,Law and society and socio-legal research,search_phrase,Canonical ANZSRC field phrase
CF-480405,Law in context,broader,Immediate ANZSRC broader research group
CF-480406,Law reform,search_phrase,Canonical ANZSRC field phrase
CF-480406,Law in context,broader,Immediate ANZSRC broader research group
CF-480407,"Law, gender and sexuality (incl. feminist legal scholarship)",search_phrase,Canonical ANZSRC field phrase
CF-480407,Law in context,broader,Immediate ANZSRC broader research group
CF-480408,"Law, science and technology",search_phrase,Canonical ANZSRC field phrase
CF-480408,Law in context,broader,Immediate ANZSRC broader research group
CF-480409,Legal education,search_phrase,Canonical ANZSRC field phrase
CF-480409,Law in context,broader,Immediate ANZSRC broader research group
CF-480410,"Legal theory, jurisprudence and legal interpretation",search_phrase,Canonical ANZSRC field phrase
CF-480410,Law in context,broader,Immediate ANZSRC broader research group
CF-480411,Media and communication law,search_phrase,Canonical ANZSRC field phrase
CF-480411,Law in context,broader,Immediate ANZSRC broader research group
CF-480412,Medical and health law,search_phrase,Canonical ANZSRC field phrase
CF-480412,Law in context,broader,Immediate ANZSRC broader research group
CF-480413,"Race, ethnicity and law",search_phrase,Canonical ANZSRC field phrase
CF-480413,Law in context,broader,Immediate ANZSRC broader research group
CF-480414,Sports law,search_phrase,Canonical ANZSRC field phrase
CF-480414,Law in context,broader,Immediate ANZSRC broader research group
CF-480499,Law in context not elsewhere classified,search_phrase,Canonical ANZSRC field phrase
CF-480499,Law in context,broader,Immediate ANZSRC broader research group
CF-480501,Access to justice,search_phrase,Canonical ANZSRC field phrase
CF-480501,Legal systems,broader,Immediate ANZSRC broader research group
CF-480502,Civil procedure,search_phrase,Canonical ANZSRC field phrase
CF-480502,Legal systems,broader,Immediate ANZSRC broader research group
CF-480503,Criminal procedure,search_phrase,Canonical ANZSRC field phrase
CF-480503,Legal systems,broader,Immediate ANZSRC broader research group
CF-480504,Legal institutions (incl. courts and justice systems),search_phrase,Canonical ANZSRC field phrase
CF-480504,Legal systems,broader,Immediate ANZSRC broader research group
CF-480505,"Legal practice, lawyering and the legal profession",search_phrase,Canonical ANZSRC field phrase
CF-480505,Legal systems,broader,Immediate ANZSRC broader research group
CF-480506,"Litigation, adjudication and dispute resolution",search_phrase,Canonical ANZSRC field phrase
CF-480506,Legal systems,broader,Immediate ANZSRC broader research group
CF-480507,Youth justice,search_phrase,Canonical ANZSRC field phrase
CF-480507,Legal systems,broader,Immediate ANZSRC broader research group
CF-480599,Legal systems not elsewhere classified,search_phrase,Canonical ANZSRC field phrase
CF-480599,Legal systems,broader,Immediate ANZSRC broader research group
CF-480601,Contract law,search_phrase,Canonical ANZSRC field phrase
CF-480601,Private law and civil obligations,broader,Immediate ANZSRC broader research group
CF-480602,Equity and trusts law,search_phrase,Canonical ANZSRC field phrase
CF-480602,Private law and civil obligations,broader,Immediate ANZSRC broader research group
CF-480603,Intellectual property law,search_phrase,Canonical ANZSRC field phrase
CF-480603,Private law and civil obligations,broader,Immediate ANZSRC broader research group
CF-480604,Property law (excl. intellectual property law),search_phrase,Canonical ANZSRC field phrase
CF-480604,Private law and civil obligations,broader,Immediate ANZSRC broader research group
CF-480605,Tort law,search_phrase,Canonical ANZSRC field phrase
CF-480605,Private law and civil obligations,broader,Immediate ANZSRC broader research group
CF-480699,Private law and civil obligations not elsewhere classified,search_phrase,Canonical ANZSRC field phrase
CF-480699,Private law and civil obligations,broader,Immediate ANZSRC broader research group
CF-480701,Administrative law,search_phrase,Canonical ANZSRC field phrase
CF-480701,Public law,broader,Immediate ANZSRC broader research group
CF-480702,Constitutional law,search_phrase,Canonical ANZSRC field phrase
CF-480702,Public law,broader,Immediate ANZSRC broader research group
CF-480703,Domestic human rights law,search_phrase,Canonical ANZSRC field phrase
CF-480703,Public law,broader,Immediate ANZSRC broader research group
CF-480704,"Migration, asylum and refugee law",search_phrase,Canonical ANZSRC field phrase
CF-480704,Public law,broader,Immediate ANZSRC broader research group
CF-480705,Military law and justice,search_phrase,Canonical ANZSRC field phrase
CF-480705,Public law,broader,Immediate ANZSRC broader research group
CF-480706,Privacy and data rights,search_phrase,Canonical ANZSRC field phrase
CF-480706,Public law,broader,Immediate ANZSRC broader research group
CF-480707,"Welfare, insurance, disability and social security law",search_phrase,Canonical ANZSRC field phrase
CF-480707,Public law,broader,Immediate ANZSRC broader research group
CF-480799,Public law not elsewhere classified,search_phrase,Canonical ANZSRC field phrase
CF-480799,Public law,broader,Immediate ANZSRC broader research group
CF-489999,Other law and legal studies not elsewhere classified,search_phrase,Canonical ANZSRC field phrase
CF-489999,Other law and legal studies,broader,Immediate ANZSRC broader research group
CF-490101,Approximation theory and asymptotic methods,search_phrase,Canonical ANZSRC field phrase
CF-490101,Applied mathematics,broader,Immediate ANZSRC broader research group
CF-490102,Biological mathematics,search_phrase,Canonical ANZSRC field phrase
CF-490102,Applied mathematics,broader,Immediate ANZSRC broader research group
CF-490103,"Calculus of variations, mathematical aspects of systems theory and control theory",search_phrase,Canonical ANZSRC field phrase
CF-490103,Applied mathematics,broader,Immediate ANZSRC broader research group
CF-490104,Complex systems,search_phrase,Canonical ANZSRC field phrase
CF-490104,Applied mathematics,broader,Immediate ANZSRC broader research group
CF-490105,Dynamical systems in applications,search_phrase,Canonical ANZSRC field phrase
CF-490105,Applied mathematics,broader,Immediate ANZSRC broader research group
CF-490106,Financial mathematics,search_phrase,Canonical ANZSRC field phrase
CF-490106,Applied mathematics,broader,Immediate ANZSRC broader research group
CF-490107,Mathematical methods and special functions,search_phrase,Canonical ANZSRC field phrase
CF-490107,Applied mathematics,broader,Immediate ANZSRC broader research group
CF-490108,Operations research,search_phrase,Canonical ANZSRC field phrase
CF-490108,Applied mathematics,broader,Immediate ANZSRC broader research group
CF-490109,Theoretical and applied mechanics,search_phrase,Canonical ANZSRC field phrase
CF-490109,Applied mathematics,broader,Immediate ANZSRC broader research group
CF-490199,Applied mathematics not elsewhere classified,search_phrase,Canonical ANZSRC field phrase
CF-490199,Applied mathematics,broader,Immediate ANZSRC broader research group
CF-490201,Algebraic structures in mathematical physics,search_phrase,Canonical ANZSRC field phrase
CF-490201,Mathematical physics,broader,Immediate ANZSRC broader research group
CF-490202,Integrable systems (classical and quantum),search_phrase,Canonical ANZSRC field phrase
CF-490202,Mathematical physics,broader,Immediate ANZSRC broader research group
CF-490203,"Mathematical aspects of classical mechanics, quantum mechanics and quantum information theory",search_phrase,Canonical ANZSRC field phrase
CF-490203,Mathematical physics,broader,Immediate ANZSRC broader research group
CF-490204,Mathematical aspects of general relativity,search_phrase,Canonical ANZSRC field phrase
CF-490204,Mathematical physics,broader,Immediate ANZSRC broader research group
CF-490205,"Mathematical aspects of quantum and conformal field theory, quantum gravity and string theory",search_phrase,Canonical ANZSRC field phrase
CF-490205,Mathematical physics,broader,Immediate ANZSRC broader research group
CF-490206,"Statistical mechanics, physical combinatorics and mathematical aspects of condensed matter",search_phrase,Canonical ANZSRC field phrase
CF-490206,Mathematical physics,broader,Immediate ANZSRC broader research group
CF-490299,Mathematical physics not elsewhere classified,search_phrase,Canonical ANZSRC field phrase
CF-490299,Mathematical physics,broader,Immediate ANZSRC broader research group
CF-490301,Experimental mathematics,search_phrase,Canonical ANZSRC field phrase
CF-490301,Numerical and computational mathematics,broader,Immediate ANZSRC broader research group
CF-490302,Numerical analysis,search_phrase,Canonical ANZSRC field phrase
CF-490302,Numerical and computational mathematics,broader,Immediate ANZSRC broader research group
CF-490303,Numerical solution of differential and integral equations,search_phrase,Canonical ANZSRC field phrase
CF-490303,Numerical and computational mathematics,broader,Immediate ANZSRC broader research group
CF-490304,Optimisation,search_phrase,Canonical ANZSRC field phrase
CF-490304,Numerical and computational mathematics,broader,Immediate ANZSRC broader research group
CF-490399,Numerical and computational mathematics not elsewhere classified,search_phrase,Canonical ANZSRC field phrase
CF-490399,Numerical and computational mathematics,broader,Immediate ANZSRC broader research group
CF-490401,Algebra and number theory,search_phrase,Canonical ANZSRC field phrase
CF-490401,Pure mathematics,broader,Immediate ANZSRC broader research group
CF-490402,Algebraic and differential geometry,search_phrase,Canonical ANZSRC field phrase
CF-490402,Pure mathematics,broader,Immediate ANZSRC broader research group
CF-490403,"Category theory, k theory, homological algebra",search_phrase,Canonical ANZSRC field phrase
CF-490403,Pure mathematics,broader,Immediate ANZSRC broader research group
CF-490404,Combinatorics and discrete mathematics (excl. physical combinatorics),search_phrase,Canonical ANZSRC field phrase
CF-490404,Pure mathematics,broader,Immediate ANZSRC broader research group
CF-490405,Group theory and generalisations,search_phrase,Canonical ANZSRC field phrase
CF-490405,Pure mathematics,broader,Immediate ANZSRC broader research group
CF-490406,"Lie groups, harmonic and Fourier analysis",search_phrase,Canonical ANZSRC field phrase
CF-490406,Pure mathematics,broader,Immediate ANZSRC broader research group
CF-490407,"Mathematical logic, set theory, lattices and universal algebra",search_phrase,Canonical ANZSRC field phrase
CF-490407,Pure mathematics,broader,Immediate ANZSRC broader research group
CF-490408,Operator algebras and functional analysis,search_phrase,Canonical ANZSRC field phrase
CF-490408,Pure mathematics,broader,Immediate ANZSRC broader research group
CF-490409,"Ordinary differential equations, difference equations and dynamical systems",search_phrase,Canonical ANZSRC field phrase
CF-490409,Pure mathematics,broader,Immediate ANZSRC broader research group
CF-490410,Partial differential equations,search_phrase,Canonical ANZSRC field phrase
CF-490410,Pure mathematics,broader,Immediate ANZSRC broader research group
CF-490411,Real and complex functions (incl. several variables),search_phrase,Canonical ANZSRC field phrase
CF-490411,Pure mathematics,broader,Immediate ANZSRC broader research group
CF-490412,Topology,search_phrase,Canonical ANZSRC field phrase
CF-490412,Pure mathematics,broader,Immediate ANZSRC broader research group
CF-490499,Pure mathematics not elsewhere classified,search_phrase,Canonical ANZSRC field phrase
CF-490499,Pure mathematics,broader,Immediate ANZSRC broader research group
CF-490501,Applied statistics,search_phrase,Canonical ANZSRC field phrase
CF-490501,Statistics,broader,Immediate ANZSRC broader research group
CF-490502,Biostatistics,search_phrase,Canonical ANZSRC field phrase
CF-490502,Statistics,broader,Immediate ANZSRC broader research group
CF-490503,Computational statistics,search_phrase,Canonical ANZSRC field phrase
CF-490503,Statistics,broader,Immediate ANZSRC broader research group
CF-490504,"Forensic evaluation, inference and statistics",search_phrase,Canonical ANZSRC field phrase
CF-490504,Statistics,broader,Immediate ANZSRC broader research group
CF-490505,Large and complex data theory,search_phrase,Canonical ANZSRC field phrase
CF-490505,Statistics,broader,Immediate ANZSRC broader research group
CF-490506,Probability theory,search_phrase,Canonical ANZSRC field phrase
CF-490506,Statistics,broader,Immediate ANZSRC broader research group
CF-490507,Spatial statistics,search_phrase,Canonical ANZSRC field phrase
CF-490507,Statistics,broader,Immediate ANZSRC broader research group
CF-490508,Statistical data science,search_phrase,Canonical ANZSRC field phrase
CF-490508,Statistics,broader,Immediate ANZSRC broader research group
CF-490509,Statistical theory,search_phrase,Canonical ANZSRC field phrase
CF-490509,Statistics,broader,Immediate ANZSRC broader research group
CF-490510,Stochastic analysis and modelling,search_phrase,Canonical ANZSRC field phrase
CF-490510,Statistics,broader,Immediate ANZSRC broader research group
CF-490511,Time series and spatial modelling,search_phrase,Canonical ANZSRC field phrase
CF-490511,Statistics,broader,Immediate ANZSRC broader research group
CF-490599,Statistics not elsewhere classified,search_phrase,Canonical ANZSRC field phrase
CF-490599,Statistics,broader,Immediate ANZSRC broader research group
CF-499999,Other mathematical sciences not elsewhere classified,search_phrase,Canonical ANZSRC field phrase
CF-499999,Other mathematical sciences,broader,Immediate ANZSRC broader research group
CF-500101,Bioethics,search_phrase,Canonical ANZSRC field phrase
CF-500101,Applied ethics,broader,Immediate ANZSRC broader research group
CF-500102,Business ethics,search_phrase,Canonical ANZSRC field phrase
CF-500102,Applied ethics,broader,Immediate ANZSRC broader research group
CF-500103,Ethical use of new technology,search_phrase,Canonical ANZSRC field phrase
CF-500103,Applied ethics,broader,Immediate ANZSRC broader research group
CF-500104,Human rights and justice issues (excl. law),search_phrase,Canonical ANZSRC field phrase
CF-500104,Applied ethics,broader,Immediate ANZSRC broader research group
CF-500105,Legal ethics,search_phrase,Canonical ANZSRC field phrase
CF-500105,Applied ethics,broader,Immediate ANZSRC broader research group
CF-500106,Medical ethics,search_phrase,Canonical ANZSRC field phrase
CF-500106,Applied ethics,broader,Immediate ANZSRC broader research group
CF-500107,Professional ethics,search_phrase,Canonical ANZSRC field phrase
CF-500107,Applied ethics,broader,Immediate ANZSRC broader research group
CF-500199,Applied ethics not elsewhere classified,search_phrase,Canonical ANZSRC field phrase
CF-500199,Applied ethics,broader,Immediate ANZSRC broader research group
CF-500201,History and philosophy of engineering and technology,search_phrase,Canonical ANZSRC field phrase
CF-500201,History and philosophy of specific fields,broader,Immediate ANZSRC broader research group
CF-500202,History and philosophy of law and justice,search_phrase,Canonical ANZSRC field phrase
CF-500202,History and philosophy of specific fields,broader,Immediate ANZSRC broader research group
CF-500203,History and philosophy of medicine,search_phrase,Canonical ANZSRC field phrase
CF-500203,History and philosophy of specific fields,broader,Immediate ANZSRC broader research group
CF-500204,History and philosophy of science,search_phrase,Canonical ANZSRC field phrase
CF-500204,History and philosophy of specific fields,broader,Immediate ANZSRC broader research group
CF-500205,History and philosophy of the humanities,search_phrase,Canonical ANZSRC field phrase
CF-500205,History and philosophy of specific fields,broader,Immediate ANZSRC broader research group
CF-500206,History and philosophy of the social sciences,search_phrase,Canonical ANZSRC field phrase
CF-500206,History and philosophy of specific fields,broader,Immediate ANZSRC broader research group
CF-500207,History of ideas,search_phrase,Canonical ANZSRC field phrase
CF-500207,History and philosophy of specific fields,broader,Immediate ANZSRC broader research group
CF-500208,History of philosophy,search_phrase,Canonical ANZSRC field phrase
CF-500208,History and philosophy of specific fields,broader,Immediate ANZSRC broader research group
CF-500299,History and philosophy of specific fields not elsewhere classified,search_phrase,Canonical ANZSRC field phrase
CF-500299,History and philosophy of specific fields,broader,Immediate ANZSRC broader research group
CF-500301,Aesthetics,search_phrase,Canonical ANZSRC field phrase
CF-500301,Philosophy,broader,Immediate ANZSRC broader research group
CF-500302,Critical theory,search_phrase,Canonical ANZSRC field phrase
CF-500302,Philosophy,broader,Immediate ANZSRC broader research group
CF-500303,Decision theory,search_phrase,Canonical ANZSRC field phrase
CF-500303,Philosophy,broader,Immediate ANZSRC broader research group
CF-500304,Environmental philosophy,search_phrase,Canonical ANZSRC field phrase
CF-500304,Philosophy,broader,Immediate ANZSRC broader research group
CF-500305,Epistemology,search_phrase,Canonical ANZSRC field phrase
CF-500305,Philosophy,broader,Immediate ANZSRC broader research group
CF-500306,Ethical theory,search_phrase,Canonical ANZSRC field phrase
CF-500306,Philosophy,broader,Immediate ANZSRC broader research group
CF-500307,Hermeneutics,search_phrase,Canonical ANZSRC field phrase
CF-500307,Philosophy,broader,Immediate ANZSRC broader research group
CF-500308,Logic,search_phrase,Canonical ANZSRC field phrase
CF-500308,Philosophy,broader,Immediate ANZSRC broader research group
CF-500309,Metaphysics,search_phrase,Canonical ANZSRC field phrase
CF-500309,Philosophy,broader,Immediate ANZSRC broader research group
CF-500310,Phenomenology,search_phrase,Canonical ANZSRC field phrase
CF-500310,Philosophy,broader,Immediate ANZSRC broader research group
CF-500311,Philosophical psychology (incl. moral psychology and philosophy of action),search_phrase,Canonical ANZSRC field phrase
CF-500311,Philosophy,broader,Immediate ANZSRC broader research group
CF-500312,Philosophy of cognition,search_phrase,Canonical ANZSRC field phrase
CF-500312,Philosophy,broader,Immediate ANZSRC broader research group
CF-500313,Philosophy of gender,search_phrase,Canonical ANZSRC field phrase
CF-500313,Philosophy,broader,Immediate ANZSRC broader research group
CF-500314,Philosophy of language,search_phrase,Canonical ANZSRC field phrase
CF-500314,Philosophy,broader,Immediate ANZSRC broader research group
CF-500315,Philosophy of mind (excl. cognition),search_phrase,Canonical ANZSRC field phrase
CF-500315,Philosophy,broader,Immediate ANZSRC broader research group
CF-500316,Philosophy of religion,search_phrase,Canonical ANZSRC field phrase
CF-500316,Philosophy,broader,Immediate ANZSRC broader research group
CF-500317,Philosophy of science (excl. history and philosophy of specific fields),search_phrase,Canonical ANZSRC field phrase
CF-500317,Philosophy,broader,Immediate ANZSRC broader research group
CF-500318,Philosophy of specific cultures (incl. comparative philosophy),search_phrase,Canonical ANZSRC field phrase
CF-500318,Philosophy,broader,Immediate ANZSRC broader research group
CF-500319,Poststructuralism,search_phrase,Canonical ANZSRC field phrase
CF-500319,Philosophy,broader,Immediate ANZSRC broader research group
CF-500320,Psychoanalytic philosophy,search_phrase,Canonical ANZSRC field phrase
CF-500320,Philosophy,broader,Immediate ANZSRC broader research group
CF-500321,Social and political philosophy,search_phrase,Canonical ANZSRC field phrase
CF-500321,Philosophy,broader,Immediate ANZSRC broader research group
CF-500399,Philosophy not elsewhere classified,search_phrase,Canonical ANZSRC field phrase
CF-500399,Philosophy,broader,Immediate ANZSRC broader research group
CF-500401,Christian studies,search_phrase,Canonical ANZSRC field phrase
CF-500401,Religious studies,broader,Immediate ANZSRC broader research group
CF-500402,Comparative religious studies,search_phrase,Canonical ANZSRC field phrase
CF-500402,Religious studies,broader,Immediate ANZSRC broader research group
CF-500403,Islamic studies,search_phrase,Canonical ANZSRC field phrase
CF-500403,Religious studies,broader,Immediate ANZSRC broader research group
CF-500404,Jewish studies,search_phrase,Canonical ANZSRC field phrase
CF-500404,Religious studies,broader,Immediate ANZSRC broader research group
CF-500405,"Religion, society and culture",search_phrase,Canonical ANZSRC field phrase
CF-500405,Religious studies,broader,Immediate ANZSRC broader research group
CF-500406,Studies in eastern religious traditions,search_phrase,Canonical ANZSRC field phrase
CF-500406,Religious studies,broader,Immediate ANZSRC broader research group
CF-500407,"Studies in religious traditions (excl. Eastern, Jewish, Christian and Islamic traditions)",search_phrase,Canonical ANZSRC field phrase
CF-500407,Religious studies,broader,Immediate ANZSRC broader research group
CF-500499,Religious studies not elsewhere classified,search_phrase,Canonical ANZSRC field phrase
CF-500499,Religious studies,broader,Immediate ANZSRC broader research group
CF-500501,Theology,search_phrase,Canonical ANZSRC field phrase
CF-500501,Theology,broader,Immediate ANZSRC broader research group
CF-500599,Theology not elsewhere classified,search_phrase,Canonical ANZSRC field phrase
CF-500599,Theology,broader,Immediate ANZSRC broader research group
CF-509999,Other philosophy and religious studies not elsewhere classified,search_phrase,Canonical ANZSRC field phrase
CF-509999,Other philosophy and religious studies,broader,Immediate ANZSRC broader research group
CF-510101,Astrobiology,search_phrase,Canonical ANZSRC field phrase
CF-510101,Astronomical sciences,broader,Immediate ANZSRC broader research group
CF-510102,Astronomical instrumentation,search_phrase,Canonical ANZSRC field phrase
CF-510102,Astronomical sciences,broader,Immediate ANZSRC broader research group
CF-510103,Cosmology and extragalactic astronomy,search_phrase,Canonical ANZSRC field phrase
CF-510103,Astronomical sciences,broader,Immediate ANZSRC broader research group
CF-510104,Galactic astronomy,search_phrase,Canonical ANZSRC field phrase
CF-510104,Astronomical sciences,broader,Immediate ANZSRC broader research group
CF-510105,General relativity and gravitational waves,search_phrase,Canonical ANZSRC field phrase
CF-510105,Astronomical sciences,broader,Immediate ANZSRC broader research group
CF-510106,High energy astrophysics and galactic cosmic rays,search_phrase,Canonical ANZSRC field phrase
CF-510106,Astronomical sciences,broader,Immediate ANZSRC broader research group
CF-510107,Planetary science (excl. solar system and planetary geology),search_phrase,Canonical ANZSRC field phrase
CF-510107,Astronomical sciences,broader,Immediate ANZSRC broader research group
CF-510108,Solar physics,search_phrase,Canonical ANZSRC field phrase
CF-510108,Astronomical sciences,broader,Immediate ANZSRC broader research group
CF-510109,Stellar astronomy and planetary systems,search_phrase,Canonical ANZSRC field phrase
CF-510109,Astronomical sciences,broader,Immediate ANZSRC broader research group
CF-510199,Astronomical sciences not elsewhere classified,search_phrase,Canonical ANZSRC field phrase
CF-510199,Astronomical sciences,broader,Immediate ANZSRC broader research group
CF-510201,Atomic and molecular physics,search_phrase,Canonical ANZSRC field phrase
CF-510201,"Atomic, molecular and optical physics",broader,Immediate ANZSRC broader research group
CF-510202,Lasers and quantum electronics,search_phrase,Canonical ANZSRC field phrase
CF-510202,"Atomic, molecular and optical physics",broader,Immediate ANZSRC broader research group
CF-510203,Nonlinear optics and spectroscopy,search_phrase,Canonical ANZSRC field phrase
CF-510203,"Atomic, molecular and optical physics",broader,Immediate ANZSRC broader research group
CF-510204,"Photonics, optoelectronics and optical communications",search_phrase,Canonical ANZSRC field phrase
CF-510204,"Atomic, molecular and optical physics",broader,Immediate ANZSRC broader research group
CF-510205,Terahertz physics,search_phrase,Canonical ANZSRC field phrase
CF-510205,"Atomic, molecular and optical physics",broader,Immediate ANZSRC broader research group
CF-510299,"Atomic, molecular and optical physics not elsewhere classified",search_phrase,Canonical ANZSRC field phrase
CF-510299,"Atomic, molecular and optical physics",broader,Immediate ANZSRC broader research group
CF-510301,Acoustics and acoustical devices; waves,search_phrase,Canonical ANZSRC field phrase
CF-510301,Classical physics,broader,Immediate ANZSRC broader research group
CF-510302,Classical and physical optics,search_phrase,Canonical ANZSRC field phrase
CF-510302,Classical physics,broader,Immediate ANZSRC broader research group
CF-510303,Electrostatics and electrodynamics,search_phrase,Canonical ANZSRC field phrase
CF-510303,Classical physics,broader,Immediate ANZSRC broader research group
CF-510304,Thermodynamics and statistical physics,search_phrase,Canonical ANZSRC field phrase
CF-510304,Classical physics,broader,Immediate ANZSRC broader research group
CF-510399,Classical physics not elsewhere classified,search_phrase,Canonical ANZSRC field phrase
CF-510399,Classical physics,broader,Immediate ANZSRC broader research group
CF-510401,Condensed matter characterisation technique development,search_phrase,Canonical ANZSRC field phrase
CF-510401,Condensed matter physics,broader,Immediate ANZSRC broader research group
CF-510402,Condensed matter imaging,search_phrase,Canonical ANZSRC field phrase
CF-510402,Condensed matter physics,broader,Immediate ANZSRC broader research group
CF-510403,Condensed matter modelling and density functional theory,search_phrase,Canonical ANZSRC field phrase
CF-510403,Condensed matter physics,broader,Immediate ANZSRC broader research group
CF-510404,Electronic and magnetic properties of condensed matter; superconductivity,search_phrase,Canonical ANZSRC field phrase
CF-510404,Condensed matter physics,broader,Immediate ANZSRC broader research group
CF-510405,Soft condensed matter,search_phrase,Canonical ANZSRC field phrase
CF-510405,Condensed matter physics,broader,Immediate ANZSRC broader research group
CF-510406,Structural properties of condensed matter,search_phrase,Canonical ANZSRC field phrase
CF-510406,Condensed matter physics,broader,Immediate ANZSRC broader research group
CF-510407,Surface properties of condensed matter,search_phrase,Canonical ANZSRC field phrase
CF-510407,Condensed matter physics,broader,Immediate ANZSRC broader research group
CF-510499,Condensed matter physics not elsewhere classified,search_phrase,Canonical ANZSRC field phrase
CF-510499,Condensed matter physics,broader,Immediate ANZSRC broader research group
CF-510501,Biological physics,search_phrase,Canonical ANZSRC field phrase
CF-510501,Medical and biological physics,broader,Immediate ANZSRC broader research group
CF-510502,Medical physics,search_phrase,Canonical ANZSRC field phrase
CF-510502,Medical and biological physics,broader,Immediate ANZSRC broader research group
CF-510599,Medical and biological physics not elsewhere classified,search_phrase,Canonical ANZSRC field phrase
CF-510599,Medical and biological physics,broader,Immediate ANZSRC broader research group
CF-510601,Nuclear physics,search_phrase,Canonical ANZSRC field phrase
CF-510601,Nuclear and plasma physics,broader,Immediate ANZSRC broader research group
CF-510602,Plasma physics; fusion plasmas; electrical discharges,search_phrase,Canonical ANZSRC field phrase
CF-510602,Nuclear and plasma physics,broader,Immediate ANZSRC broader research group
CF-510699,Nuclear and plasma physics not elsewhere classified,search_phrase,Canonical ANZSRC field phrase
CF-510699,Nuclear and plasma physics,broader,Immediate ANZSRC broader research group
CF-510701,Astroparticle physics and particle cosmology,search_phrase,Canonical ANZSRC field phrase
CF-510701,Particle and high energy physics,broader,Immediate ANZSRC broader research group
CF-510702,Field theory and string theory,search_phrase,Canonical ANZSRC field phrase
CF-510702,Particle and high energy physics,broader,Immediate ANZSRC broader research group
CF-510703,Particle physics,search_phrase,Canonical ANZSRC field phrase
CF-510703,Particle and high energy physics,broader,Immediate ANZSRC broader research group
CF-510799,Particle and high energy physics not elsewhere classified,search_phrase,Canonical ANZSRC field phrase
CF-510799,Particle and high energy physics,broader,Immediate ANZSRC broader research group
CF-510801,Degenerate quantum gases and atom optics,search_phrase,Canonical ANZSRC field phrase
CF-510801,Quantum physics,broader,Immediate ANZSRC broader research group
CF-510802,Foundations of quantum mechanics,search_phrase,Canonical ANZSRC field phrase
CF-510802,Quantum physics,broader,Immediate ANZSRC broader research group
CF-510803,"Quantum information, computation and communication",search_phrase,Canonical ANZSRC field phrase
CF-510803,Quantum physics,broader,Immediate ANZSRC broader research group
CF-510804,Quantum optics and quantum optomechanics,search_phrase,Canonical ANZSRC field phrase
CF-510804,Quantum physics,broader,Immediate ANZSRC broader research group
CF-510805,Quantum technologies,search_phrase,Canonical ANZSRC field phrase
CF-510805,Quantum physics,broader,Immediate ANZSRC broader research group
CF-510899,Quantum physics not elsewhere classified,search_phrase,Canonical ANZSRC field phrase
CF-510899,Quantum physics,broader,Immediate ANZSRC broader research group
CF-510901,Astrodynamics and space situational awareness,search_phrase,Canonical ANZSRC field phrase
CF-510901,Space sciences,broader,Immediate ANZSRC broader research group
CF-510902,Heliophysics and space weather,search_phrase,Canonical ANZSRC field phrase
CF-510902,Space sciences,broader,Immediate ANZSRC broader research group
CF-510903,"Mesospheric, thermospheric, ionospheric and magnetospheric physics",search_phrase,Canonical ANZSRC field phrase
CF-510903,Space sciences,broader,Immediate ANZSRC broader research group
CF-510904,Solar system energetic particles,search_phrase,Canonical ANZSRC field phrase
CF-510904,Space sciences,broader,Immediate ANZSRC broader research group
CF-510905,Solar system planetary science (excl. planetary geology),search_phrase,Canonical ANZSRC field phrase
CF-510905,Space sciences,broader,Immediate ANZSRC broader research group
CF-510906,Space instrumentation,search_phrase,Canonical ANZSRC field phrase
CF-510906,Space sciences,broader,Immediate ANZSRC broader research group
CF-510999,Space sciences not elsewhere classified,search_phrase,Canonical ANZSRC field phrase
CF-510999,Space sciences,broader,Immediate ANZSRC broader research group
CF-511001,Accelerators,search_phrase,Canonical ANZSRC field phrase
CF-511001,Synchrotrons and accelerators,broader,Immediate ANZSRC broader research group
CF-511002,Instruments and techniques,search_phrase,Canonical ANZSRC field phrase
CF-511002,Synchrotrons and accelerators,broader,Immediate ANZSRC broader research group
CF-511003,Synchrotrons,search_phrase,Canonical ANZSRC field phrase
CF-511003,Synchrotrons and accelerators,broader,Immediate ANZSRC broader research group
CF-511099,Synchrotrons and accelerators not elsewhere classified,search_phrase,Canonical ANZSRC field phrase
CF-511099,Synchrotrons and accelerators,broader,Immediate ANZSRC broader research group
CF-519901,Complex physical systems,search_phrase,Canonical ANZSRC field phrase
CF-519901,Other physical sciences,broader,Immediate ANZSRC broader research group
CF-519999,Other physical sciences not elsewhere classified,search_phrase,Canonical ANZSRC field phrase
CF-519999,Other physical sciences,broader,Immediate ANZSRC broader research group
CF-520101,Child and adolescent development,search_phrase,Canonical ANZSRC field phrase
CF-520101,Applied and developmental psychology,broader,Immediate ANZSRC broader research group
CF-520102,Educational psychology,search_phrase,Canonical ANZSRC field phrase
CF-520102,Applied and developmental psychology,broader,Immediate ANZSRC broader research group
CF-520103,Forensic psychology,search_phrase,Canonical ANZSRC field phrase
CF-520103,Applied and developmental psychology,broader,Immediate ANZSRC broader research group
CF-520104,Industrial and organisational psychology (incl. human factors),search_phrase,Canonical ANZSRC field phrase
CF-520104,Applied and developmental psychology,broader,Immediate ANZSRC broader research group
CF-520105,"Psychological methodology, design and analysis",search_phrase,Canonical ANZSRC field phrase
CF-520105,Applied and developmental psychology,broader,Immediate ANZSRC broader research group
CF-520106,Psychology of ageing,search_phrase,Canonical ANZSRC field phrase
CF-520106,Applied and developmental psychology,broader,Immediate ANZSRC broader research group
CF-520107,Sport and exercise psychology,search_phrase,Canonical ANZSRC field phrase
CF-520107,Applied and developmental psychology,broader,Immediate ANZSRC broader research group
CF-520108,"Testing, assessment and psychometrics",search_phrase,Canonical ANZSRC field phrase
CF-520108,Applied and developmental psychology,broader,Immediate ANZSRC broader research group
CF-520199,Applied and developmental psychology not elsewhere classified,search_phrase,Canonical ANZSRC field phrase
CF-520199,Applied and developmental psychology,broader,Immediate ANZSRC broader research group
CF-520201,Behavioural genetics,search_phrase,Canonical ANZSRC field phrase
CF-520201,Biological psychology,broader,Immediate ANZSRC broader research group
CF-520202,Behavioural neuroscience,search_phrase,Canonical ANZSRC field phrase
CF-520202,Biological psychology,broader,Immediate ANZSRC broader research group
CF-520203,Cognitive neuroscience,search_phrase,Canonical ANZSRC field phrase
CF-520203,Biological psychology,broader,Immediate ANZSRC broader research group
CF-520204,Evolutionary psychological studies,search_phrase,Canonical ANZSRC field phrase
CF-520204,Biological psychology,broader,Immediate ANZSRC broader research group
CF-520205,Psychopharmacology,search_phrase,Canonical ANZSRC field phrase
CF-520205,Biological psychology,broader,Immediate ANZSRC broader research group
CF-520206,Psychophysiology,search_phrase,Canonical ANZSRC field phrase
CF-520206,Biological psychology,broader,Immediate ANZSRC broader research group
CF-520207,Social and affective neuroscience,search_phrase,Canonical ANZSRC field phrase
CF-520207,Biological psychology,broader,Immediate ANZSRC broader research group
CF-520299,Biological psychology not elsewhere classified,search_phrase,Canonical ANZSRC field phrase
CF-520299,Biological psychology,broader,Immediate ANZSRC broader research group
CF-520301,Clinical neuropsychology,search_phrase,Canonical ANZSRC field phrase
CF-520301,Clinical and health psychology,broader,Immediate ANZSRC broader research group
CF-520302,Clinical psychology,search_phrase,Canonical ANZSRC field phrase
CF-520302,Clinical and health psychology,broader,Immediate ANZSRC broader research group
CF-520303,Counselling psychology,search_phrase,Canonical ANZSRC field phrase
CF-520303,Clinical and health psychology,broader,Immediate ANZSRC broader research group
CF-520304,Health psychology,search_phrase,Canonical ANZSRC field phrase
CF-520304,Clinical and health psychology,broader,Immediate ANZSRC broader research group
CF-520399,Clinical and health psychology not elsewhere classified,search_phrase,Canonical ANZSRC field phrase
CF-520399,Clinical and health psychology,broader,Immediate ANZSRC broader research group
CF-520401,Cognition,search_phrase,Canonical ANZSRC field phrase
CF-520401,Cognitive and computational psychology,broader,Immediate ANZSRC broader research group
CF-520402,Decision making,search_phrase,Canonical ANZSRC field phrase
CF-520402,Cognitive and computational psychology,broader,Immediate ANZSRC broader research group
CF-520403,"Learning, motivation and emotion",search_phrase,Canonical ANZSRC field phrase
CF-520403,Cognitive and computational psychology,broader,Immediate ANZSRC broader research group
CF-520404,Memory and attention,search_phrase,Canonical ANZSRC field phrase
CF-520404,Cognitive and computational psychology,broader,Immediate ANZSRC broader research group
CF-520405,Psycholinguistics (incl. speech production and comprehension),search_phrase,Canonical ANZSRC field phrase
CF-520405,Cognitive and computational psychology,broader,Immediate ANZSRC broader research group
CF-520406,"Sensory processes, perception and performance",search_phrase,Canonical ANZSRC field phrase
CF-520406,Cognitive and computational psychology,broader,Immediate ANZSRC broader research group
CF-520499,Cognitive and computational psychology not elsewhere classified,search_phrase,Canonical ANZSRC field phrase
CF-520499,Cognitive and computational psychology,broader,Immediate ANZSRC broader research group
CF-520501,Community psychology,search_phrase,Canonical ANZSRC field phrase
CF-520501,Social and personality psychology,broader,Immediate ANZSRC broader research group
CF-520502,Gender psychology,search_phrase,Canonical ANZSRC field phrase
CF-520502,Social and personality psychology,broader,Immediate ANZSRC broader research group
CF-520503,Personality and individual differences,search_phrase,Canonical ANZSRC field phrase
CF-520503,Social and personality psychology,broader,Immediate ANZSRC broader research group
CF-520504,Psychology of religion,search_phrase,Canonical ANZSRC field phrase
CF-520504,Social and personality psychology,broader,Immediate ANZSRC broader research group
CF-520505,Social psychology,search_phrase,Canonical ANZSRC field phrase
CF-520505,Social and personality psychology,broader,Immediate ANZSRC broader research group
CF-520599,Social and personality psychology not elsewhere classified,search_phrase,Canonical ANZSRC field phrase
CF-520599,Social and personality psychology,broader,Immediate ANZSRC broader research group
CF-529999,Other psychology not elsewhere classified,search_phrase,Canonical ANZSRC field phrase
CF-529999,Other psychology,broader,Immediate ANZSRC broader research group
C000001,Agricultural biotechnology,search_phrase,Canonical concept phrase
C000001,"""Agricultural biotechnology"" OR ""Agricultural biotechnology research""",high_recall,Database-adaptable phrase expansion
C000001,Agricultural biotechnology,broader,Disciplinary or overlay context
C000001,Agricultural biotechnology literature,related,Literature-oriented retrieval expansion
C000002,"Agriculture, land and farm management",search_phrase,Canonical concept phrase
C000002,"""Agriculture, land and farm management"" OR ""Agriculture, land and farm management research""",high_recall,Database-adaptable phrase expansion
C000002,"Agriculture, land and farm management",broader,Disciplinary or overlay context
C000002,"Agriculture, land and farm management literature",related,Literature-oriented retrieval expansion
C000003,Animal production,search_phrase,Canonical concept phrase
C000003,"""Animal production"" OR ""Animal production research""",high_recall,Database-adaptable phrase expansion
C000003,Animal production,broader,Disciplinary or overlay context
C000003,Animal production literature,related,Literature-oriented retrieval expansion
C000004,Crop and pasture production,search_phrase,Canonical concept phrase
C000004,"""Crop and pasture production"" OR ""Crop and pasture production research""",high_recall,Database-adaptable phrase expansion
C000004,Crop and pasture production,broader,Disciplinary or overlay context
C000004,Crop and pasture production literature,related,Literature-oriented retrieval expansion
C000005,Fisheries sciences,search_phrase,Canonical concept phrase
C000005,"""Fisheries sciences"" OR ""Fisheries sciences research""",high_recall,Database-adaptable phrase expansion
C000005,Fisheries sciences,broader,Disciplinary or overlay context
C000005,Fisheries sciences literature,related,Literature-oriented retrieval expansion
C000006,Food sciences,search_phrase,Canonical concept phrase
C000006,"""Food sciences"" OR ""Food sciences research""",high_recall,Database-adaptable phrase expansion
C000006,Food sciences,broader,Disciplinary or overlay context
C000006,Food sciences literature,related,Literature-oriented retrieval expansion
C000007,Forestry sciences,search_phrase,Canonical concept phrase
C000007,"""Forestry sciences"" OR ""Forestry sciences research""",high_recall,Database-adaptable phrase expansion
C000007,Forestry sciences,broader,Disciplinary or overlay context
C000007,Forestry sciences literature,related,Literature-oriented retrieval expansion
C000008,Horticultural production,search_phrase,Canonical concept phrase
C000008,"""Horticultural production"" OR ""Horticultural production research""",high_recall,Database-adaptable phrase expansion
C000008,Horticultural production,broader,Disciplinary or overlay context
C000008,Horticultural production literature,related,Literature-oriented retrieval expansion
C000009,Veterinary sciences,search_phrase,Canonical concept phrase
C000009,"""Veterinary sciences"" OR ""Veterinary sciences research""",high_recall,Database-adaptable phrase expansion
C000009,Veterinary sciences,broader,Disciplinary or overlay context
C000009,Veterinary sciences literature,related,Literature-oriented retrieval expansion
C000010,"Other agricultural, veterinary and food sciences",search_phrase,Canonical concept phrase
C000010,"""Other agricultural, veterinary and food sciences"" OR ""Other agricultural, veterinary and food sciences research""",high_recall,Database-adaptable phrase expansion
C000010,"Other agricultural, veterinary and food sciences",broader,Disciplinary or overlay context
C000010,"Other agricultural, veterinary and food sciences literature",related,Literature-oriented retrieval expansion
C000011,Biochemistry and cell biology,search_phrase,Canonical concept phrase
C000011,"""Biochemistry and cell biology"" OR ""Biochemistry and cell biology research""",high_recall,Database-adaptable phrase expansion
C000011,Biochemistry and cell biology,broader,Disciplinary or overlay context
C000011,Biochemistry and cell biology literature,related,Literature-oriented retrieval expansion
C000012,Bioinformatics and computational biology,search_phrase,Canonical concept phrase
C000012,"""Bioinformatics and computational biology"" OR ""Bioinformatics and computational biology research""",high_recall,Database-adaptable phrase expansion
C000012,Bioinformatics and computational biology,broader,Disciplinary or overlay context
C000012,Bioinformatics and computational biology literature,related,Literature-oriented retrieval expansion
C000013,Ecology,search_phrase,Canonical concept phrase
C000013,"""Ecology"" OR ""Ecology research""",high_recall,Database-adaptable phrase expansion
C000013,Ecology,broader,Disciplinary or overlay context
C000013,Ecology literature,related,Literature-oriented retrieval expansion
C000014,Evolutionary biology,search_phrase,Canonical concept phrase
C000014,"""Evolutionary biology"" OR ""Evolutionary biology research""",high_recall,Database-adaptable phrase expansion
C000014,Evolutionary biology,broader,Disciplinary or overlay context
C000014,Evolutionary biology literature,related,Literature-oriented retrieval expansion
C000015,Genetics,search_phrase,Canonical concept phrase
C000015,"""Genetics"" OR ""Genetics research""",high_recall,Database-adaptable phrase expansion
C000015,Genetics,broader,Disciplinary or overlay context
C000015,Genetics literature,related,Literature-oriented retrieval expansion
C000016,Industrial biotechnology,search_phrase,Canonical concept phrase
C000016,"""Industrial biotechnology"" OR ""Industrial biotechnology research""",high_recall,Database-adaptable phrase expansion
C000016,Industrial biotechnology,broader,Disciplinary or overlay context
C000016,Industrial biotechnology literature,related,Literature-oriented retrieval expansion
C000017,Microbiology,search_phrase,Canonical concept phrase
C000017,"""Microbiology"" OR ""Microbiology research""",high_recall,Database-adaptable phrase expansion
C000017,Microbiology,broader,Disciplinary or overlay context
C000017,Microbiology literature,related,Literature-oriented retrieval expansion
C000018,Plant biology,search_phrase,Canonical concept phrase
C000018,"""Plant biology"" OR ""Plant biology research""",high_recall,Database-adaptable phrase expansion
C000018,Plant biology,broader,Disciplinary or overlay context
C000018,Plant biology literature,related,Literature-oriented retrieval expansion
C000019,Zoology,search_phrase,Canonical concept phrase
C000019,"""Zoology"" OR ""Zoology research""",high_recall,Database-adaptable phrase expansion
C000019,Zoology,broader,Disciplinary or overlay context
C000019,Zoology literature,related,Literature-oriented retrieval expansion
C000020,Other biological sciences,search_phrase,Canonical concept phrase
C000020,"""Other biological sciences"" OR ""Other biological sciences research""",high_recall,Database-adaptable phrase expansion
C000020,Other biological sciences,broader,Disciplinary or overlay context
C000020,Other biological sciences literature,related,Literature-oriented retrieval expansion
C000021,Cardiovascular medicine and haematology,search_phrase,Canonical concept phrase
C000021,"""Cardiovascular medicine and haematology"" OR ""Cardiovascular medicine and haematology research""",high_recall,Database-adaptable phrase expansion
C000021,Cardiovascular medicine and haematology,broader,Disciplinary or overlay context
C000021,Cardiovascular medicine and haematology literature,related,Literature-oriented retrieval expansion
C000022,Clinical sciences,search_phrase,Canonical concept phrase
C000022,"""Clinical sciences"" OR ""Clinical sciences research""",high_recall,Database-adaptable phrase expansion
C000022,Clinical sciences,broader,Disciplinary or overlay context
C000022,Clinical sciences literature,related,Literature-oriented retrieval expansion
C000023,Dentistry,search_phrase,Canonical concept phrase
C000023,"""Dentistry"" OR ""Dentistry research""",high_recall,Database-adaptable phrase expansion
C000023,Dentistry,broader,Disciplinary or overlay context
C000023,Dentistry literature,related,Literature-oriented retrieval expansion
C000024,Immunology,search_phrase,Canonical concept phrase
C000024,"""Immunology"" OR ""Immunology research""",high_recall,Database-adaptable phrase expansion
C000024,Immunology,broader,Disciplinary or overlay context
C000024,Immunology literature,related,Literature-oriented retrieval expansion
C000025,Medical biochemistry and metabolomics,search_phrase,Canonical concept phrase
C000025,"""Medical biochemistry and metabolomics"" OR ""Medical biochemistry and metabolomics research""",high_recall,Database-adaptable phrase expansion
C000025,Medical biochemistry and metabolomics,broader,Disciplinary or overlay context
C000025,Medical biochemistry and metabolomics literature,related,Literature-oriented retrieval expansion
C000026,Medical biotechnology,search_phrase,Canonical concept phrase
C000026,"""Medical biotechnology"" OR ""Medical biotechnology research""",high_recall,Database-adaptable phrase expansion
C000026,Medical biotechnology,broader,Disciplinary or overlay context
C000026,Medical biotechnology literature,related,Literature-oriented retrieval expansion
C000027,Medical microbiology,search_phrase,Canonical concept phrase
C000027,"""Medical microbiology"" OR ""Medical microbiology research""",high_recall,Database-adaptable phrase expansion
C000027,Medical microbiology,broader,Disciplinary or overlay context
C000027,Medical microbiology literature,related,Literature-oriented retrieval expansion
C000028,Medical physiology,search_phrase,Canonical concept phrase
C000028,"""Medical physiology"" OR ""Medical physiology research""",high_recall,Database-adaptable phrase expansion
C000028,Medical physiology,broader,Disciplinary or overlay context
C000028,Medical physiology literature,related,Literature-oriented retrieval expansion
C000029,Neurosciences,search_phrase,Canonical concept phrase
C000029,"""Neurosciences"" OR ""Neurosciences research""",high_recall,Database-adaptable phrase expansion
C000029,Neurosciences,broader,Disciplinary or overlay context
C000029,Neurosciences literature,related,Literature-oriented retrieval expansion
C000030,Nutrition and dietetics,search_phrase,Canonical concept phrase
C000030,"""Nutrition and dietetics"" OR ""Nutrition and dietetics research""",high_recall,Database-adaptable phrase expansion
C000030,Nutrition and dietetics,broader,Disciplinary or overlay context
C000030,Nutrition and dietetics literature,related,Literature-oriented retrieval expansion
C000031,Oncology and carcinogenesis,search_phrase,Canonical concept phrase
C000031,"""Oncology and carcinogenesis"" OR ""Oncology and carcinogenesis research""",high_recall,Database-adaptable phrase expansion
C000031,Oncology and carcinogenesis,broader,Disciplinary or overlay context
C000031,Oncology and carcinogenesis literature,related,Literature-oriented retrieval expansion
C000032,Ophthalmology and optometry,search_phrase,Canonical concept phrase
C000032,"""Ophthalmology and optometry"" OR ""Ophthalmology and optometry research""",high_recall,Database-adaptable phrase expansion
C000032,Ophthalmology and optometry,broader,Disciplinary or overlay context
C000032,Ophthalmology and optometry literature,related,Literature-oriented retrieval expansion
C000033,Paediatrics,search_phrase,Canonical concept phrase
C000033,"""Paediatrics"" OR ""Paediatrics research""",high_recall,Database-adaptable phrase expansion
C000033,Paediatrics,broader,Disciplinary or overlay context
C000033,Paediatrics literature,related,Literature-oriented retrieval expansion
C000034,Pharmacology and pharmaceutical sciences,search_phrase,Canonical concept phrase
C000034,"""Pharmacology and pharmaceutical sciences"" OR ""Pharmacology and pharmaceutical sciences research""",high_recall,Database-adaptable phrase expansion
C000034,Pharmacology and pharmaceutical sciences,broader,Disciplinary or overlay context
C000034,Pharmacology and pharmaceutical sciences literature,related,Literature-oriented retrieval expansion
C000035,Reproductive medicine,search_phrase,Canonical concept phrase
C000035,"""Reproductive medicine"" OR ""Reproductive medicine research""",high_recall,Database-adaptable phrase expansion
C000035,Reproductive medicine,broader,Disciplinary or overlay context
C000035,Reproductive medicine literature,related,Literature-oriented retrieval expansion
C000036,Other biomedical and clinical sciences,search_phrase,Canonical concept phrase
C000036,"""Other biomedical and clinical sciences"" OR ""Other biomedical and clinical sciences research""",high_recall,Database-adaptable phrase expansion
C000036,Other biomedical and clinical sciences,broader,Disciplinary or overlay context
C000036,Other biomedical and clinical sciences literature,related,Literature-oriented retrieval expansion
C000037,Architecture,search_phrase,Canonical concept phrase
C000037,"""Architecture"" OR ""Architecture research""",high_recall,Database-adaptable phrase expansion
C000037,Architecture,broader,Disciplinary or overlay context
C000037,Architecture literature,related,Literature-oriented retrieval expansion
C000038,Building,search_phrase,Canonical concept phrase
C000038,"""Building"" OR ""Building research""",high_recall,Database-adaptable phrase expansion
C000038,Building,broader,Disciplinary or overlay context
C000038,Building literature,related,Literature-oriented retrieval expansion
C000039,Design,search_phrase,Canonical concept phrase
C000039,"""Design"" OR ""Design research""",high_recall,Database-adaptable phrase expansion
C000039,Design,broader,Disciplinary or overlay context
C000039,Design literature,related,Literature-oriented retrieval expansion
C000040,Urban and regional planning,search_phrase,Canonical concept phrase
C000040,"""Urban and regional planning"" OR ""Urban and regional planning research""",high_recall,Database-adaptable phrase expansion
C000040,Urban and regional planning,broader,Disciplinary or overlay context
C000040,Urban and regional planning literature,related,Literature-oriented retrieval expansion
C000041,Other built environment and design,search_phrase,Canonical concept phrase
C000041,"""Other built environment and design"" OR ""Other built environment and design research""",high_recall,Database-adaptable phrase expansion
C000041,Other built environment and design,broader,Disciplinary or overlay context
C000041,Other built environment and design literature,related,Literature-oriented retrieval expansion
C000042,Analytical chemistry,search_phrase,Canonical concept phrase
C000042,"""Analytical chemistry"" OR ""Analytical chemistry research""",high_recall,Database-adaptable phrase expansion
C000042,Analytical chemistry,broader,Disciplinary or overlay context
C000042,Analytical chemistry literature,related,Literature-oriented retrieval expansion
C000043,Inorganic chemistry,search_phrase,Canonical concept phrase
C000043,"""Inorganic chemistry"" OR ""Inorganic chemistry research""",high_recall,Database-adaptable phrase expansion
C000043,Inorganic chemistry,broader,Disciplinary or overlay context
C000043,Inorganic chemistry literature,related,Literature-oriented retrieval expansion
C000044,Macromolecular and materials chemistry,search_phrase,Canonical concept phrase
C000044,"""Macromolecular and materials chemistry"" OR ""Macromolecular and materials chemistry research""",high_recall,Database-adaptable phrase expansion
C000044,Macromolecular and materials chemistry,broader,Disciplinary or overlay context
C000044,Macromolecular and materials chemistry literature,related,Literature-oriented retrieval expansion
C000045,Medicinal and biomolecular chemistry,search_phrase,Canonical concept phrase
C000045,"""Medicinal and biomolecular chemistry"" OR ""Medicinal and biomolecular chemistry research""",high_recall,Database-adaptable phrase expansion
C000045,Medicinal and biomolecular chemistry,broader,Disciplinary or overlay context
C000045,Medicinal and biomolecular chemistry literature,related,Literature-oriented retrieval expansion
C000046,Organic chemistry,search_phrase,Canonical concept phrase
C000046,"""Organic chemistry"" OR ""Organic chemistry research""",high_recall,Database-adaptable phrase expansion
C000046,Organic chemistry,broader,Disciplinary or overlay context
C000046,Organic chemistry literature,related,Literature-oriented retrieval expansion
C000047,Physical chemistry,search_phrase,Canonical concept phrase
C000047,"""Physical chemistry"" OR ""Physical chemistry research""",high_recall,Database-adaptable phrase expansion
C000047,Physical chemistry,broader,Disciplinary or overlay context
C000047,Physical chemistry literature,related,Literature-oriented retrieval expansion
C000048,Theoretical and computational chemistry,search_phrase,Canonical concept phrase
C000048,"""Theoretical and computational chemistry"" OR ""Theoretical and computational chemistry research""",high_recall,Database-adaptable phrase expansion
C000048,Theoretical and computational chemistry,broader,Disciplinary or overlay context
C000048,Theoretical and computational chemistry literature,related,Literature-oriented retrieval expansion
C000049,Other chemical sciences,search_phrase,Canonical concept phrase
C000049,"""Other chemical sciences"" OR ""Other chemical sciences research""",high_recall,Database-adaptable phrase expansion
C000049,Other chemical sciences,broader,Disciplinary or overlay context
C000049,Other chemical sciences literature,related,Literature-oriented retrieval expansion
C000050,"Accounting, auditing and accountability",search_phrase,Canonical concept phrase
C000050,"""Accounting, auditing and accountability"" OR ""Accounting, auditing and accountability research""",high_recall,Database-adaptable phrase expansion
C000050,"Accounting, auditing and accountability",broader,Disciplinary or overlay context
C000050,"Accounting, auditing and accountability literature",related,Literature-oriented retrieval expansion
C000051,"Banking, finance and investment",search_phrase,Canonical concept phrase
C000051,"""Banking, finance and investment"" OR ""Banking, finance and investment research""",high_recall,Database-adaptable phrase expansion
C000051,"Banking, finance and investment",broader,Disciplinary or overlay context
C000051,"Banking, finance and investment literature",related,Literature-oriented retrieval expansion
C000052,Business systems in context,search_phrase,Canonical concept phrase
C000052,"""Business systems in context"" OR ""Business systems in context research""",high_recall,Database-adaptable phrase expansion
C000052,Business systems in context,broader,Disciplinary or overlay context
C000052,Business systems in context literature,related,Literature-oriented retrieval expansion
C000053,Commercial services,search_phrase,Canonical concept phrase
C000053,"""Commercial services"" OR ""Commercial services research""",high_recall,Database-adaptable phrase expansion
C000053,Commercial services,broader,Disciplinary or overlay context
C000053,Commercial services literature,related,Literature-oriented retrieval expansion
C000054,Human resources and industrial relations,search_phrase,Canonical concept phrase
C000054,"""Human resources and industrial relations"" OR ""Human resources and industrial relations research""",high_recall,Database-adaptable phrase expansion
C000054,Human resources and industrial relations,broader,Disciplinary or overlay context
C000054,Human resources and industrial relations literature,related,Literature-oriented retrieval expansion
C000055,Marketing,search_phrase,Canonical concept phrase
C000055,"""Marketing"" OR ""Marketing research""",high_recall,Database-adaptable phrase expansion
C000055,Marketing,broader,Disciplinary or overlay context
C000055,Marketing literature,related,Literature-oriented retrieval expansion
C000056,"Strategy, management and organisational behaviour",search_phrase,Canonical concept phrase
C000056,"""Strategy, management and organisational behaviour"" OR ""Strategy, management and organisational behaviour research""",high_recall,Database-adaptable phrase expansion
C000056,"Strategy, management and organisational behaviour",broader,Disciplinary or overlay context
C000056,"Strategy, management and organisational behaviour literature",related,Literature-oriented retrieval expansion
C000057,Tourism,search_phrase,Canonical concept phrase
C000057,"""Tourism"" OR ""Tourism research""",high_recall,Database-adaptable phrase expansion
C000057,Tourism,broader,Disciplinary or overlay context
C000057,Tourism literature,related,Literature-oriented retrieval expansion
C000058,"Transportation, logistics and supply chains",search_phrase,Canonical concept phrase
C000058,"""Transportation, logistics and supply chains"" OR ""Transportation, logistics and supply chains research""",high_recall,Database-adaptable phrase expansion
C000058,"Transportation, logistics and supply chains",broader,Disciplinary or overlay context
C000058,"Transportation, logistics and supply chains literature",related,Literature-oriented retrieval expansion
C000059,"Other commerce, management, tourism and services",search_phrase,Canonical concept phrase
C000059,"""Other commerce, management, tourism and services"" OR ""Other commerce, management, tourism and services research""",high_recall,Database-adaptable phrase expansion
C000059,"Other commerce, management, tourism and services",broader,Disciplinary or overlay context
C000059,"Other commerce, management, tourism and services literature",related,Literature-oriented retrieval expansion
C000060,"Art history, theory and criticism",search_phrase,Canonical concept phrase
C000060,"""Art history, theory and criticism"" OR ""Art history, theory and criticism research""",high_recall,Database-adaptable phrase expansion
C000060,"Art history, theory and criticism",broader,Disciplinary or overlay context
C000060,"Art history, theory and criticism literature",related,Literature-oriented retrieval expansion
C000061,Creative and professional writing,search_phrase,Canonical concept phrase
C000061,"""Creative and professional writing"" OR ""Creative and professional writing research""",high_recall,Database-adaptable phrase expansion
C000061,Creative and professional writing,broader,Disciplinary or overlay context
C000061,Creative and professional writing literature,related,Literature-oriented retrieval expansion
C000062,Music,search_phrase,Canonical concept phrase
C000062,"""Music"" OR ""Music research""",high_recall,Database-adaptable phrase expansion
C000062,Music,broader,Disciplinary or overlay context
C000062,Music literature,related,Literature-oriented retrieval expansion
C000063,Performing arts,search_phrase,Canonical concept phrase
C000063,"""Performing arts"" OR ""Performing arts research""",high_recall,Database-adaptable phrase expansion
C000063,Performing arts,broader,Disciplinary or overlay context
C000063,Performing arts literature,related,Literature-oriented retrieval expansion
C000064,Screen and digital media,search_phrase,Canonical concept phrase
C000064,"""Screen and digital media"" OR ""Screen and digital media research""",high_recall,Database-adaptable phrase expansion
C000064,Screen and digital media,broader,Disciplinary or overlay context
C000064,Screen and digital media literature,related,Literature-oriented retrieval expansion
C000065,Visual arts,search_phrase,Canonical concept phrase
C000065,"""Visual arts"" OR ""Visual arts research""",high_recall,Database-adaptable phrase expansion
C000065,Visual arts,broader,Disciplinary or overlay context
C000065,Visual arts literature,related,Literature-oriented retrieval expansion
C000066,Other creative arts and writing,search_phrase,Canonical concept phrase
C000066,"""Other creative arts and writing"" OR ""Other creative arts and writing research""",high_recall,Database-adaptable phrase expansion
C000066,Other creative arts and writing,broader,Disciplinary or overlay context
C000066,Other creative arts and writing literature,related,Literature-oriented retrieval expansion
C000067,Atmospheric sciences,search_phrase,Canonical concept phrase
C000067,"""Atmospheric sciences"" OR ""Atmospheric sciences research""",high_recall,Database-adaptable phrase expansion
C000067,Atmospheric sciences,broader,Disciplinary or overlay context
C000067,Atmospheric sciences literature,related,Literature-oriented retrieval expansion
C000068,Climate change science,search_phrase,Canonical concept phrase
C000068,"""Climate change science"" OR ""Climate change science research""",high_recall,Database-adaptable phrase expansion
C000068,Climate change science,broader,Disciplinary or overlay context
C000068,Climate change science literature,related,Literature-oriented retrieval expansion
C000069,Geochemistry,search_phrase,Canonical concept phrase
C000069,"""Geochemistry"" OR ""Geochemistry research""",high_recall,Database-adaptable phrase expansion
C000069,Geochemistry,broader,Disciplinary or overlay context
C000069,Geochemistry literature,related,Literature-oriented retrieval expansion
C000070,Geoinformatics,search_phrase,Canonical concept phrase
C000070,"""Geoinformatics"" OR ""Geoinformatics research""",high_recall,Database-adaptable phrase expansion
C000070,Geoinformatics,broader,Disciplinary or overlay context
C000070,Geoinformatics literature,related,Literature-oriented retrieval expansion
C000071,Geology,search_phrase,Canonical concept phrase
C000071,"""Geology"" OR ""Geology research""",high_recall,Database-adaptable phrase expansion
C000071,Geology,broader,Disciplinary or overlay context
C000071,Geology literature,related,Literature-oriented retrieval expansion
C000072,Geophysics,search_phrase,Canonical concept phrase
C000072,"""Geophysics"" OR ""Geophysics research""",high_recall,Database-adaptable phrase expansion
C000072,Geophysics,broader,Disciplinary or overlay context
C000072,Geophysics literature,related,Literature-oriented retrieval expansion
C000073,Hydrology,search_phrase,Canonical concept phrase
C000073,"""Hydrology"" OR ""Hydrology research""",high_recall,Database-adaptable phrase expansion
C000073,Hydrology,broader,Disciplinary or overlay context
C000073,Hydrology literature,related,Literature-oriented retrieval expansion
C000074,Oceanography,search_phrase,Canonical concept phrase
C000074,"""Oceanography"" OR ""Oceanography research""",high_recall,Database-adaptable phrase expansion
C000074,Oceanography,broader,Disciplinary or overlay context
C000074,Oceanography literature,related,Literature-oriented retrieval expansion
C000075,Physical geography and environmental geoscience,search_phrase,Canonical concept phrase
C000075,"""Physical geography and environmental geoscience"" OR ""Physical geography and environmental geoscience research""",high_recall,Database-adaptable phrase expansion
C000075,Physical geography and environmental geoscience,broader,Disciplinary or overlay context
C000075,Physical geography and environmental geoscience literature,related,Literature-oriented retrieval expansion
C000076,Other earth sciences,search_phrase,Canonical concept phrase
C000076,"""Other earth sciences"" OR ""Other earth sciences research""",high_recall,Database-adaptable phrase expansion
C000076,Other earth sciences,broader,Disciplinary or overlay context
C000076,Other earth sciences literature,related,Literature-oriented retrieval expansion
C000077,Applied economics,search_phrase,Canonical concept phrase
C000077,"""Applied economics"" OR ""Applied economics research""",high_recall,Database-adaptable phrase expansion
C000077,Applied economics,broader,Disciplinary or overlay context
C000077,Applied economics literature,related,Literature-oriented retrieval expansion
C000078,Econometrics,search_phrase,Canonical concept phrase
C000078,"""Econometrics"" OR ""Econometrics research""",high_recall,Database-adaptable phrase expansion
C000078,Econometrics,broader,Disciplinary or overlay context
C000078,Econometrics literature,related,Literature-oriented retrieval expansion
C000079,Economic theory,search_phrase,Canonical concept phrase
C000079,"""Economic theory"" OR ""Economic theory research""",high_recall,Database-adaptable phrase expansion
C000079,Economic theory,broader,Disciplinary or overlay context
C000079,Economic theory literature,related,Literature-oriented retrieval expansion
C000080,Other economics,search_phrase,Canonical concept phrase
C000080,"""Other economics"" OR ""Other economics research""",high_recall,Database-adaptable phrase expansion
C000080,Other economics,broader,Disciplinary or overlay context
C000080,Other economics literature,related,Literature-oriented retrieval expansion
C000081,Curriculum and pedagogy,search_phrase,Canonical concept phrase
C000081,"""Curriculum and pedagogy"" OR ""Curriculum and pedagogy research""",high_recall,Database-adaptable phrase expansion
C000081,Curriculum and pedagogy,broader,Disciplinary or overlay context
C000081,Curriculum and pedagogy literature,related,Literature-oriented retrieval expansion
C000082,"Education policy, sociology and philosophy",search_phrase,Canonical concept phrase
C000082,"""Education policy, sociology and philosophy"" OR ""Education policy, sociology and philosophy research""",high_recall,Database-adaptable phrase expansion
C000082,"Education policy, sociology and philosophy",broader,Disciplinary or overlay context
C000082,"Education policy, sociology and philosophy literature",related,Literature-oriented retrieval expansion
C000083,Education systems,search_phrase,Canonical concept phrase
C000083,"""Education systems"" OR ""Education systems research""",high_recall,Database-adaptable phrase expansion
C000083,Education systems,broader,Disciplinary or overlay context
C000083,Education systems literature,related,Literature-oriented retrieval expansion
C000084,Specialist studies in education,search_phrase,Canonical concept phrase
C000084,"""Specialist studies in education"" OR ""Specialist studies in education research""",high_recall,Database-adaptable phrase expansion
C000084,Specialist studies in education,broader,Disciplinary or overlay context
C000084,Specialist studies in education literature,related,Literature-oriented retrieval expansion
C000085,Other Education,search_phrase,Canonical concept phrase
C000085,"""Other Education"" OR ""Other Education research""",high_recall,Database-adaptable phrase expansion
C000085,Other Education,broader,Disciplinary or overlay context
C000085,Other Education literature,related,Literature-oriented retrieval expansion
C000086,Aerospace engineering,search_phrase,Canonical concept phrase
C000086,"""Aerospace engineering"" OR ""Aerospace engineering research""",high_recall,Database-adaptable phrase expansion
C000086,Aerospace engineering,broader,Disciplinary or overlay context
C000086,Aerospace engineering literature,related,Literature-oriented retrieval expansion
C000087,Automotive engineering,search_phrase,Canonical concept phrase
C000087,"""Automotive engineering"" OR ""Automotive engineering research""",high_recall,Database-adaptable phrase expansion
C000087,Automotive engineering,broader,Disciplinary or overlay context
C000087,Automotive engineering literature,related,Literature-oriented retrieval expansion
C000088,Biomedical engineering,search_phrase,Canonical concept phrase
C000088,"""Biomedical engineering"" OR ""Biomedical engineering research""",high_recall,Database-adaptable phrase expansion
C000088,Biomedical engineering,broader,Disciplinary or overlay context
C000088,Biomedical engineering literature,related,Literature-oriented retrieval expansion
C000089,Chemical engineering,search_phrase,Canonical concept phrase
C000089,"""Chemical engineering"" OR ""Chemical engineering research""",high_recall,Database-adaptable phrase expansion
C000089,Chemical engineering,broader,Disciplinary or overlay context
C000089,Chemical engineering literature,related,Literature-oriented retrieval expansion
C000090,Civil engineering,search_phrase,Canonical concept phrase
C000090,"""Civil engineering"" OR ""Civil engineering research""",high_recall,Database-adaptable phrase expansion
C000090,Civil engineering,broader,Disciplinary or overlay context
C000090,Civil engineering literature,related,Literature-oriented retrieval expansion
C000091,Communications engineering,search_phrase,Canonical concept phrase
C000091,"""Communications engineering"" OR ""Communications engineering research""",high_recall,Database-adaptable phrase expansion
C000091,Communications engineering,broader,Disciplinary or overlay context
C000091,Communications engineering literature,related,Literature-oriented retrieval expansion
C000092,"Control engineering, mechatronics and robotics",search_phrase,Canonical concept phrase
C000092,"""Control engineering, mechatronics and robotics"" OR ""Control engineering, mechatronics and robotics research""",high_recall,Database-adaptable phrase expansion
C000092,"Control engineering, mechatronics and robotics",broader,Disciplinary or overlay context
C000092,"Control engineering, mechatronics and robotics literature",related,Literature-oriented retrieval expansion
C000093,Electrical engineering,search_phrase,Canonical concept phrase
C000093,"""Electrical engineering"" OR ""Electrical engineering research""",high_recall,Database-adaptable phrase expansion
C000093,Electrical engineering,broader,Disciplinary or overlay context
C000093,Electrical engineering literature,related,Literature-oriented retrieval expansion
C000094,"Electronics, sensors and digital hardware",search_phrase,Canonical concept phrase
C000094,"""Electronics, sensors and digital hardware"" OR ""Electronics, sensors and digital hardware research""",high_recall,Database-adaptable phrase expansion
C000094,"Electronics, sensors and digital hardware",broader,Disciplinary or overlay context
C000094,"Electronics, sensors and digital hardware literature",related,Literature-oriented retrieval expansion
C000095,Engineering practice and education,search_phrase,Canonical concept phrase
C000095,"""Engineering practice and education"" OR ""Engineering practice and education research""",high_recall,Database-adaptable phrase expansion
C000095,Engineering practice and education,broader,Disciplinary or overlay context
C000095,Engineering practice and education literature,related,Literature-oriented retrieval expansion
C000096,Environmental engineering,search_phrase,Canonical concept phrase
C000096,"""Environmental engineering"" OR ""Environmental engineering research""",high_recall,Database-adaptable phrase expansion
C000096,Environmental engineering,broader,Disciplinary or overlay context
C000096,Environmental engineering literature,related,Literature-oriented retrieval expansion
C000097,Fluid mechanics and thermal engineering,search_phrase,Canonical concept phrase
C000097,"""Fluid mechanics and thermal engineering"" OR ""Fluid mechanics and thermal engineering research""",high_recall,Database-adaptable phrase expansion
C000097,Fluid mechanics and thermal engineering,broader,Disciplinary or overlay context
C000097,Fluid mechanics and thermal engineering literature,related,Literature-oriented retrieval expansion
C000098,Geomatic engineering,search_phrase,Canonical concept phrase
C000098,"""Geomatic engineering"" OR ""Geomatic engineering research""",high_recall,Database-adaptable phrase expansion
C000098,Geomatic engineering,broader,Disciplinary or overlay context
C000098,Geomatic engineering literature,related,Literature-oriented retrieval expansion
C000099,Manufacturing engineering,search_phrase,Canonical concept phrase
C000099,"""Manufacturing engineering"" OR ""Manufacturing engineering research""",high_recall,Database-adaptable phrase expansion
C000099,Manufacturing engineering,broader,Disciplinary or overlay context
C000099,Manufacturing engineering literature,related,Literature-oriented retrieval expansion
C000100,Maritime engineering,search_phrase,Canonical concept phrase
C000100,"""Maritime engineering"" OR ""Maritime engineering research""",high_recall,Database-adaptable phrase expansion
C000100,Maritime engineering,broader,Disciplinary or overlay context
C000100,Maritime engineering literature,related,Literature-oriented retrieval expansion
C000101,Materials engineering,search_phrase,Canonical concept phrase
C000101,"""Materials engineering"" OR ""Materials engineering research""",high_recall,Database-adaptable phrase expansion
C000101,Materials engineering,broader,Disciplinary or overlay context
C000101,Materials engineering literature,related,Literature-oriented retrieval expansion
C000102,Mechanical engineering,search_phrase,Canonical concept phrase
C000102,"""Mechanical engineering"" OR ""Mechanical engineering research""",high_recall,Database-adaptable phrase expansion
C000102,Mechanical engineering,broader,Disciplinary or overlay context
C000102,Mechanical engineering literature,related,Literature-oriented retrieval expansion
C000103,Nanotechnology,search_phrase,Canonical concept phrase
C000103,"""Nanotechnology"" OR ""Nanotechnology research""",high_recall,Database-adaptable phrase expansion
C000103,Nanotechnology,broader,Disciplinary or overlay context
C000103,Nanotechnology literature,related,Literature-oriented retrieval expansion
C000104,Resources engineering and extractive metallurgy,search_phrase,Canonical concept phrase
C000104,"""Resources engineering and extractive metallurgy"" OR ""Resources engineering and extractive metallurgy research""",high_recall,Database-adaptable phrase expansion
C000104,Resources engineering and extractive metallurgy,broader,Disciplinary or overlay context
C000104,Resources engineering and extractive metallurgy literature,related,Literature-oriented retrieval expansion
C000105,Other engineering,search_phrase,Canonical concept phrase
C000105,"""Other engineering"" OR ""Other engineering research""",high_recall,Database-adaptable phrase expansion
C000105,Other engineering,broader,Disciplinary or overlay context
C000105,Other engineering literature,related,Literature-oriented retrieval expansion
C000106,Climate change impacts and adaptation,search_phrase,Canonical concept phrase
C000106,"""Climate change impacts and adaptation"" OR ""Climate change impacts and adaptation research""",high_recall,Database-adaptable phrase expansion
C000106,Climate change impacts and adaptation,broader,Disciplinary or overlay context
C000106,Climate change impacts and adaptation literature,related,Literature-oriented retrieval expansion
C000107,Ecological applications,search_phrase,Canonical concept phrase
C000107,"""Ecological applications"" OR ""Ecological applications research""",high_recall,Database-adaptable phrase expansion
C000107,Ecological applications,broader,Disciplinary or overlay context
C000107,Ecological applications literature,related,Literature-oriented retrieval expansion
C000108,Environmental biotechnology,search_phrase,Canonical concept phrase
C000108,"""Environmental biotechnology"" OR ""Environmental biotechnology research""",high_recall,Database-adaptable phrase expansion
C000108,Environmental biotechnology,broader,Disciplinary or overlay context
C000108,Environmental biotechnology literature,related,Literature-oriented retrieval expansion
C000109,Environmental management,search_phrase,Canonical concept phrase
C000109,"""Environmental management"" OR ""Environmental management research""",high_recall,Database-adaptable phrase expansion
C000109,Environmental management,broader,Disciplinary or overlay context
C000109,Environmental management literature,related,Literature-oriented retrieval expansion
C000110,Pollution and contamination,search_phrase,Canonical concept phrase
C000110,"""Pollution and contamination"" OR ""Pollution and contamination research""",high_recall,Database-adaptable phrase expansion
C000110,Pollution and contamination,broader,Disciplinary or overlay context
C000110,Pollution and contamination literature,related,Literature-oriented retrieval expansion
C000111,Soil sciences,search_phrase,Canonical concept phrase
C000111,"""Soil sciences"" OR ""Soil sciences research""",high_recall,Database-adaptable phrase expansion
C000111,Soil sciences,broader,Disciplinary or overlay context
C000111,Soil sciences literature,related,Literature-oriented retrieval expansion
C000112,Other environmental sciences,search_phrase,Canonical concept phrase
C000112,"""Other environmental sciences"" OR ""Other environmental sciences research""",high_recall,Database-adaptable phrase expansion
C000112,Other environmental sciences,broader,Disciplinary or overlay context
C000112,Other environmental sciences literature,related,Literature-oriented retrieval expansion
C000113,Allied health and rehabilitation science,search_phrase,Canonical concept phrase
C000113,"""Allied health and rehabilitation science"" OR ""Allied health and rehabilitation science research""",high_recall,Database-adaptable phrase expansion
C000113,Allied health and rehabilitation science,broader,Disciplinary or overlay context
C000113,Allied health and rehabilitation science literature,related,Literature-oriented retrieval expansion
C000114,Epidemiology,search_phrase,Canonical concept phrase
C000114,"""Epidemiology"" OR ""Epidemiology research""",high_recall,Database-adaptable phrase expansion
C000114,Epidemiology,broader,Disciplinary or overlay context
C000114,Epidemiology literature,related,Literature-oriented retrieval expansion
C000115,Health services and systems,search_phrase,Canonical concept phrase
C000115,"""Health services and systems"" OR ""Health services and systems research""",high_recall,Database-adaptable phrase expansion
C000115,Health services and systems,broader,Disciplinary or overlay context
C000115,Health services and systems literature,related,Literature-oriented retrieval expansion
C000116,Midwifery,search_phrase,Canonical concept phrase
C000116,"""Midwifery"" OR ""Midwifery research""",high_recall,Database-adaptable phrase expansion
C000116,Midwifery,broader,Disciplinary or overlay context
C000116,Midwifery literature,related,Literature-oriented retrieval expansion
C000117,Nursing,search_phrase,Canonical concept phrase
C000117,"""Nursing"" OR ""Nursing research""",high_recall,Database-adaptable phrase expansion
C000117,Nursing,broader,Disciplinary or overlay context
C000117,Nursing literature,related,Literature-oriented retrieval expansion
C000118,Public health,search_phrase,Canonical concept phrase
C000118,"""Public health"" OR ""Public health research""",high_recall,Database-adaptable phrase expansion
C000118,Public health,broader,Disciplinary or overlay context
C000118,Public health literature,related,Literature-oriented retrieval expansion
C000119,Sports science and exercise,search_phrase,Canonical concept phrase
C000119,"""Sports science and exercise"" OR ""Sports science and exercise research""",high_recall,Database-adaptable phrase expansion
C000119,Sports science and exercise,broader,Disciplinary or overlay context
C000119,Sports science and exercise literature,related,Literature-oriented retrieval expansion
C000120,"Traditional, complementary and integrative medicine",search_phrase,Canonical concept phrase
C000120,"""Traditional, complementary and integrative medicine"" OR ""Traditional, complementary and integrative medicine research""",high_recall,Database-adaptable phrase expansion
C000120,"Traditional, complementary and integrative medicine",broader,Disciplinary or overlay context
C000120,"Traditional, complementary and integrative medicine literature",related,Literature-oriented retrieval expansion
C000121,Other health sciences,search_phrase,Canonical concept phrase
C000121,"""Other health sciences"" OR ""Other health sciences research""",high_recall,Database-adaptable phrase expansion
C000121,Other health sciences,broader,Disciplinary or overlay context
C000121,Other health sciences literature,related,Literature-oriented retrieval expansion
C000122,Archaeology,search_phrase,Canonical concept phrase
C000122,"""Archaeology"" OR ""Archaeology research""",high_recall,Database-adaptable phrase expansion
C000122,Archaeology,broader,Disciplinary or overlay context
C000122,Archaeology literature,related,Literature-oriented retrieval expansion
C000123,"Heritage, archive and museum studies",search_phrase,Canonical concept phrase
C000123,"""Heritage, archive and museum studies"" OR ""Heritage, archive and museum studies research""",high_recall,Database-adaptable phrase expansion
C000123,"Heritage, archive and museum studies",broader,Disciplinary or overlay context
C000123,"Heritage, archive and museum studies literature",related,Literature-oriented retrieval expansion
C000124,Historical studies,search_phrase,Canonical concept phrase
C000124,"""Historical studies"" OR ""Historical studies research""",high_recall,Database-adaptable phrase expansion
C000124,Historical studies,broader,Disciplinary or overlay context
C000124,Historical studies literature,related,Literature-oriented retrieval expansion
C000125,"Other history, heritage and archaeology",search_phrase,Canonical concept phrase
C000125,"""Other history, heritage and archaeology"" OR ""Other history, heritage and archaeology research""",high_recall,Database-adaptable phrase expansion
C000125,"Other history, heritage and archaeology",broader,Disciplinary or overlay context
C000125,"Other history, heritage and archaeology literature",related,Literature-oriented retrieval expansion
C000126,Anthropology,search_phrase,Canonical concept phrase
C000126,"""Anthropology"" OR ""Anthropology research""",high_recall,Database-adaptable phrase expansion
C000126,Anthropology,broader,Disciplinary or overlay context
C000126,Anthropology literature,related,Literature-oriented retrieval expansion
C000127,Criminology,search_phrase,Canonical concept phrase
C000127,"""Criminology"" OR ""Criminology research""",high_recall,Database-adaptable phrase expansion
C000127,Criminology,broader,Disciplinary or overlay context
C000127,Criminology literature,related,Literature-oriented retrieval expansion
C000128,Demography,search_phrase,Canonical concept phrase
C000128,"""Demography"" OR ""Demography research""",high_recall,Database-adaptable phrase expansion
C000128,Demography,broader,Disciplinary or overlay context
C000128,Demography literature,related,Literature-oriented retrieval expansion
C000129,Development studies,search_phrase,Canonical concept phrase
C000129,"""Development studies"" OR ""Development studies research""",high_recall,Database-adaptable phrase expansion
C000129,Development studies,broader,Disciplinary or overlay context
C000129,Development studies literature,related,Literature-oriented retrieval expansion
C000130,Gender studies,search_phrase,Canonical concept phrase
C000130,"""Gender studies"" OR ""Gender studies research""",high_recall,Database-adaptable phrase expansion
C000130,Gender studies,broader,Disciplinary or overlay context
C000130,Gender studies literature,related,Literature-oriented retrieval expansion
C000131,Human geography,search_phrase,Canonical concept phrase
C000131,"""Human geography"" OR ""Human geography research""",high_recall,Database-adaptable phrase expansion
C000131,Human geography,broader,Disciplinary or overlay context
C000131,Human geography literature,related,Literature-oriented retrieval expansion
C000132,Policy and administration,search_phrase,Canonical concept phrase
C000132,"""Policy and administration"" OR ""Policy and administration research""",high_recall,Database-adaptable phrase expansion
C000132,Policy and administration,broader,Disciplinary or overlay context
C000132,Policy and administration literature,related,Literature-oriented retrieval expansion
C000133,Political science,search_phrase,Canonical concept phrase
C000133,"""Political science"" OR ""Political science research""",high_recall,Database-adaptable phrase expansion
C000133,Political science,broader,Disciplinary or overlay context
C000133,Political science literature,related,Literature-oriented retrieval expansion
C000134,Social work,search_phrase,Canonical concept phrase
C000134,"""Social work"" OR ""Social work research""",high_recall,Database-adaptable phrase expansion
C000134,Social work,broader,Disciplinary or overlay context
C000134,Social work literature,related,Literature-oriented retrieval expansion
C000135,Sociology,search_phrase,Canonical concept phrase
C000135,"""Sociology"" OR ""Sociology research""",high_recall,Database-adaptable phrase expansion
C000135,Sociology,broader,Disciplinary or overlay context
C000135,Sociology literature,related,Literature-oriented retrieval expansion
C000136,Other human society,search_phrase,Canonical concept phrase
C000136,"""Other human society"" OR ""Other human society research""",high_recall,Database-adaptable phrase expansion
C000136,Other human society,broader,Disciplinary or overlay context
C000136,Other human society literature,related,Literature-oriented retrieval expansion
C000137,"Aboriginal and Torres Strait Islander culture, language and history",search_phrase,Canonical concept phrase
C000137,"""Aboriginal and Torres Strait Islander culture, language and history"" OR ""Aboriginal and Torres Strait Islander culture, language and history research""",high_recall,Database-adaptable phrase expansion
C000137,"Aboriginal and Torres Strait Islander culture, language and history",broader,Disciplinary or overlay context
C000137,"Aboriginal and Torres Strait Islander culture, language and history literature",related,Literature-oriented retrieval expansion
C000138,Aboriginal and Torres Strait Islander education,search_phrase,Canonical concept phrase
C000138,"""Aboriginal and Torres Strait Islander education"" OR ""Aboriginal and Torres Strait Islander education research""",high_recall,Database-adaptable phrase expansion
C000138,Aboriginal and Torres Strait Islander education,broader,Disciplinary or overlay context
C000138,Aboriginal and Torres Strait Islander education literature,related,Literature-oriented retrieval expansion
C000139,Aboriginal and Torres Strait Islander environmental knowledges and management,search_phrase,Canonical concept phrase
C000139,"""Aboriginal and Torres Strait Islander environmental knowledges and management"" OR ""Aboriginal and Torres Strait Islander environmental knowledges and management research""",high_recall,Database-adaptable phrase expansion
C000139,Aboriginal and Torres Strait Islander environmental knowledges and management,broader,Disciplinary or overlay context
C000139,Aboriginal and Torres Strait Islander environmental knowledges and management literature,related,Literature-oriented retrieval expansion
C000140,Aboriginal and Torres Strait Islander health and wellbeing,search_phrase,Canonical concept phrase
C000140,"""Aboriginal and Torres Strait Islander health and wellbeing"" OR ""Aboriginal and Torres Strait Islander health and wellbeing research""",high_recall,Database-adaptable phrase expansion
C000140,Aboriginal and Torres Strait Islander health and wellbeing,broader,Disciplinary or overlay context
C000140,Aboriginal and Torres Strait Islander health and wellbeing literature,related,Literature-oriented retrieval expansion
C000141,"Aboriginal and Torres Strait Islander peoples, society and community",search_phrase,Canonical concept phrase
C000141,"""Aboriginal and Torres Strait Islander peoples, society and community"" OR ""Aboriginal and Torres Strait Islander peoples, society and community research""",high_recall,Database-adaptable phrase expansion
C000141,"Aboriginal and Torres Strait Islander peoples, society and community",broader,Disciplinary or overlay context
C000141,"Aboriginal and Torres Strait Islander peoples, society and community literature",related,Literature-oriented retrieval expansion
C000142,Aboriginal and Torres Strait Islander sciences,search_phrase,Canonical concept phrase
C000142,"""Aboriginal and Torres Strait Islander sciences"" OR ""Aboriginal and Torres Strait Islander sciences research""",high_recall,Database-adaptable phrase expansion
C000142,Aboriginal and Torres Strait Islander sciences,broader,Disciplinary or overlay context
C000142,Aboriginal and Torres Strait Islander sciences literature,related,Literature-oriented retrieval expansion
C000143,"Te ahurea, reo me te hītori o te Māori (Māori culture, language and history)",search_phrase,Canonical concept phrase
C000143,"""Te ahurea, reo me te hītori o te Māori (Māori culture, language and history)"" OR ""Te ahurea, reo me te hītori o te Māori (Māori culture, language and history) research""",high_recall,Database-adaptable phrase expansion
C000143,"Te ahurea, reo me te hītori o te Māori (Māori culture, language and history)",broader,Disciplinary or overlay context
C000143,"Te ahurea, reo me te hītori o te Māori (Māori culture, language and history) literature",related,Literature-oriented retrieval expansion
C000144,Mātauranga Māori (Māori education),search_phrase,Canonical concept phrase
C000144,"""Mātauranga Māori (Māori education)"" OR ""Mātauranga Māori (Māori education) research""",high_recall,Database-adaptable phrase expansion
C000144,Mātauranga Māori (Māori education),broader,Disciplinary or overlay context
C000144,Mātauranga Māori (Māori education) literature,related,Literature-oriented retrieval expansion
C000145,Ngā mātauranga taiao o te Māori (Māori environmental knowledges),search_phrase,Canonical concept phrase
C000145,"""Ngā mātauranga taiao o te Māori (Māori environmental knowledges)"" OR ""Ngā mātauranga taiao o te Māori (Māori environmental knowledges) research""",high_recall,Database-adaptable phrase expansion
C000145,Ngā mātauranga taiao o te Māori (Māori environmental knowledges),broader,Disciplinary or overlay context
C000145,Ngā mātauranga taiao o te Māori (Māori environmental knowledges) literature,related,Literature-oriented retrieval expansion
C000146,Te hauora me te oranga o te Māori (Māori health and wellbeing),search_phrase,Canonical concept phrase
C000146,"""Te hauora me te oranga o te Māori (Māori health and wellbeing)"" OR ""Te hauora me te oranga o te Māori (Māori health and wellbeing) research""",high_recall,Database-adaptable phrase expansion
C000146,Te hauora me te oranga o te Māori (Māori health and wellbeing),broader,Disciplinary or overlay context
C000146,Te hauora me te oranga o te Māori (Māori health and wellbeing) literature,related,Literature-oriented retrieval expansion
C000147,"Ngā tāngata, te porihanga me ngā hapori o te Māori (Māori peoples, society and community)",search_phrase,Canonical concept phrase
C000147,"""Ngā tāngata, te porihanga me ngā hapori o te Māori (Māori peoples, society and community)"" OR ""Ngā tāngata, te porihanga me ngā hapori o te Māori (Māori peoples, society and community) research""",high_recall,Database-adaptable phrase expansion
C000147,"Ngā tāngata, te porihanga me ngā hapori o te Māori (Māori peoples, society and community)",broader,Disciplinary or overlay context
C000147,"Ngā tāngata, te porihanga me ngā hapori o te Māori (Māori peoples, society and community) literature",related,Literature-oriented retrieval expansion
C000148,Ngā pūtaiao Māori (Māori sciences),search_phrase,Canonical concept phrase
C000148,"""Ngā pūtaiao Māori (Māori sciences)"" OR ""Ngā pūtaiao Māori (Māori sciences) research""",high_recall,Database-adaptable phrase expansion
C000148,Ngā pūtaiao Māori (Māori sciences),broader,Disciplinary or overlay context
C000148,Ngā pūtaiao Māori (Māori sciences) literature,related,Literature-oriented retrieval expansion
C000149,"Pacific Peoples culture, language and history",search_phrase,Canonical concept phrase
C000149,"""Pacific Peoples culture, language and history"" OR ""Pacific Peoples culture, language and history research""",high_recall,Database-adaptable phrase expansion
C000149,"Pacific Peoples culture, language and history",broader,Disciplinary or overlay context
C000149,"Pacific Peoples culture, language and history literature",related,Literature-oriented retrieval expansion
C000150,Pacific Peoples education,search_phrase,Canonical concept phrase
C000150,"""Pacific Peoples education"" OR ""Pacific Peoples education research""",high_recall,Database-adaptable phrase expansion
C000150,Pacific Peoples education,broader,Disciplinary or overlay context
C000150,Pacific Peoples education literature,related,Literature-oriented retrieval expansion
C000151,Pacific Peoples environmental knowledges,search_phrase,Canonical concept phrase
C000151,"""Pacific Peoples environmental knowledges"" OR ""Pacific Peoples environmental knowledges research""",high_recall,Database-adaptable phrase expansion
C000151,Pacific Peoples environmental knowledges,broader,Disciplinary or overlay context
C000151,Pacific Peoples environmental knowledges literature,related,Literature-oriented retrieval expansion
C000152,Pacific Peoples health and wellbeing,search_phrase,Canonical concept phrase
C000152,"""Pacific Peoples health and wellbeing"" OR ""Pacific Peoples health and wellbeing research""",high_recall,Database-adaptable phrase expansion
C000152,Pacific Peoples health and wellbeing,broader,Disciplinary or overlay context
C000152,Pacific Peoples health and wellbeing literature,related,Literature-oriented retrieval expansion
C000153,Pacific Peoples sciences,search_phrase,Canonical concept phrase
C000153,"""Pacific Peoples sciences"" OR ""Pacific Peoples sciences research""",high_recall,Database-adaptable phrase expansion
C000153,Pacific Peoples sciences,broader,Disciplinary or overlay context
C000153,Pacific Peoples sciences literature,related,Literature-oriented retrieval expansion
C000154,Pacific Peoples society and community,search_phrase,Canonical concept phrase
C000154,"""Pacific Peoples society and community"" OR ""Pacific Peoples society and community research""",high_recall,Database-adaptable phrase expansion
C000154,Pacific Peoples society and community,broader,Disciplinary or overlay context
C000154,Pacific Peoples society and community literature,related,Literature-oriented retrieval expansion
C000155,"Other Indigenous data, methodologies and global Indigenous studies",search_phrase,Canonical concept phrase
C000155,"""Other Indigenous data, methodologies and global Indigenous studies"" OR ""Other Indigenous data, methodologies and global Indigenous studies research""",high_recall,Database-adaptable phrase expansion
C000155,"Other Indigenous data, methodologies and global Indigenous studies",broader,Disciplinary or overlay context
C000155,"Other Indigenous data, methodologies and global Indigenous studies literature",related,Literature-oriented retrieval expansion
C000156,Other Indigenous studies,search_phrase,Canonical concept phrase
C000156,"""Other Indigenous studies"" OR ""Other Indigenous studies research""",high_recall,Database-adaptable phrase expansion
C000156,Other Indigenous studies,broader,Disciplinary or overlay context
C000156,Other Indigenous studies literature,related,Literature-oriented retrieval expansion
C000157,Applied computing,search_phrase,Canonical concept phrase
C000157,"""Applied computing"" OR ""Applied computing research""",high_recall,Database-adaptable phrase expansion
C000157,Applied computing,broader,Disciplinary or overlay context
C000157,Applied computing literature,related,Literature-oriented retrieval expansion
C000158,Artificial intelligence,search_phrase,Canonical concept phrase
C000158,"""Artificial intelligence"" OR ""Artificial intelligence research""",high_recall,Database-adaptable phrase expansion
C000158,Artificial intelligence,broader,Disciplinary or overlay context
C000158,Artificial intelligence literature,related,Literature-oriented retrieval expansion
C000159,Computer vision and multimedia computation,search_phrase,Canonical concept phrase
C000159,"""Computer vision and multimedia computation"" OR ""Computer vision and multimedia computation research""",high_recall,Database-adaptable phrase expansion
C000159,Computer vision and multimedia computation,broader,Disciplinary or overlay context
C000159,Computer vision and multimedia computation literature,related,Literature-oriented retrieval expansion
C000160,Cybersecurity and privacy,search_phrase,Canonical concept phrase
C000160,"""Cybersecurity and privacy"" OR ""Cybersecurity and privacy research""",high_recall,Database-adaptable phrase expansion
C000160,Cybersecurity and privacy,broader,Disciplinary or overlay context
C000160,Cybersecurity and privacy literature,related,Literature-oriented retrieval expansion
C000161,Data management and data science,search_phrase,Canonical concept phrase
C000161,"""Data management and data science"" OR ""Data management and data science research""",high_recall,Database-adaptable phrase expansion
C000161,Data management and data science,broader,Disciplinary or overlay context
C000161,Data management and data science literature,related,Literature-oriented retrieval expansion
C000162,Distributed computing and systems software,search_phrase,Canonical concept phrase
C000162,"""Distributed computing and systems software"" OR ""Distributed computing and systems software research""",high_recall,Database-adaptable phrase expansion
C000162,Distributed computing and systems software,broader,Disciplinary or overlay context
C000162,Distributed computing and systems software literature,related,Literature-oriented retrieval expansion
C000163,"Graphics, augmented reality and games",search_phrase,Canonical concept phrase
C000163,"""Graphics, augmented reality and games"" OR ""Graphics, augmented reality and games research""",high_recall,Database-adaptable phrase expansion
C000163,"Graphics, augmented reality and games",broader,Disciplinary or overlay context
C000163,"Graphics, augmented reality and games literature",related,Literature-oriented retrieval expansion
C000164,Human-centred computing,search_phrase,Canonical concept phrase
C000164,"""Human-centred computing"" OR ""Human-centred computing research""",high_recall,Database-adaptable phrase expansion
C000164,Human-centred computing,broader,Disciplinary or overlay context
C000164,Human-centred computing literature,related,Literature-oriented retrieval expansion
C000165,Information systems,search_phrase,Canonical concept phrase
C000165,"""Information systems"" OR ""Information systems research""",high_recall,Database-adaptable phrase expansion
C000165,Information systems,broader,Disciplinary or overlay context
C000165,Information systems literature,related,Literature-oriented retrieval expansion
C000166,Library and information studies,search_phrase,Canonical concept phrase
C000166,"""Library and information studies"" OR ""Library and information studies research""",high_recall,Database-adaptable phrase expansion
C000166,Library and information studies,broader,Disciplinary or overlay context
C000166,Library and information studies literature,related,Literature-oriented retrieval expansion
C000167,Machine learning,search_phrase,Canonical concept phrase
C000167,"""Machine learning"" OR ""Machine learning research""",high_recall,Database-adaptable phrase expansion
C000167,Machine learning,broader,Disciplinary or overlay context
C000167,Machine learning literature,related,Literature-oriented retrieval expansion
C000168,Software engineering,search_phrase,Canonical concept phrase
C000168,"""Software engineering"" OR ""Software engineering research""",high_recall,Database-adaptable phrase expansion
C000168,Software engineering,broader,Disciplinary or overlay context
C000168,Software engineering literature,related,Literature-oriented retrieval expansion
C000169,Theory of computation,search_phrase,Canonical concept phrase
C000169,"""Theory of computation"" OR ""Theory of computation research""",high_recall,Database-adaptable phrase expansion
C000169,Theory of computation,broader,Disciplinary or overlay context
C000169,Theory of computation literature,related,Literature-oriented retrieval expansion
C000170,Other information and computing sciences,search_phrase,Canonical concept phrase
C000170,"""Other information and computing sciences"" OR ""Other information and computing sciences research""",high_recall,Database-adaptable phrase expansion
C000170,Other information and computing sciences,broader,Disciplinary or overlay context
C000170,Other information and computing sciences literature,related,Literature-oriented retrieval expansion
C000171,Communication and media studies,search_phrase,Canonical concept phrase
C000171,"""Communication and media studies"" OR ""Communication and media studies research""",high_recall,Database-adaptable phrase expansion
C000171,Communication and media studies,broader,Disciplinary or overlay context
C000171,Communication and media studies literature,related,Literature-oriented retrieval expansion
C000172,Cultural studies,search_phrase,Canonical concept phrase
C000172,"""Cultural studies"" OR ""Cultural studies research""",high_recall,Database-adaptable phrase expansion
C000172,Cultural studies,broader,Disciplinary or overlay context
C000172,Cultural studies literature,related,Literature-oriented retrieval expansion
C000173,Language studies,search_phrase,Canonical concept phrase
C000173,"""Language studies"" OR ""Language studies research""",high_recall,Database-adaptable phrase expansion
C000173,Language studies,broader,Disciplinary or overlay context
C000173,Language studies literature,related,Literature-oriented retrieval expansion
C000174,Linguistics,search_phrase,Canonical concept phrase
C000174,"""Linguistics"" OR ""Linguistics research""",high_recall,Database-adaptable phrase expansion
C000174,Linguistics,broader,Disciplinary or overlay context
C000174,Linguistics literature,related,Literature-oriented retrieval expansion
C000175,Literary studies,search_phrase,Canonical concept phrase
C000175,"""Literary studies"" OR ""Literary studies research""",high_recall,Database-adaptable phrase expansion
C000175,Literary studies,broader,Disciplinary or overlay context
C000175,Literary studies literature,related,Literature-oriented retrieval expansion
C000176,"Other language, communication and culture",search_phrase,Canonical concept phrase
C000176,"""Other language, communication and culture"" OR ""Other language, communication and culture research""",high_recall,Database-adaptable phrase expansion
C000176,"Other language, communication and culture",broader,Disciplinary or overlay context
C000176,"Other language, communication and culture literature",related,Literature-oriented retrieval expansion
C000177,Commercial law,search_phrase,Canonical concept phrase
C000177,"""Commercial law"" OR ""Commercial law research""",high_recall,Database-adaptable phrase expansion
C000177,Commercial law,broader,Disciplinary or overlay context
C000177,Commercial law literature,related,Literature-oriented retrieval expansion
C000178,Environmental and resources law,search_phrase,Canonical concept phrase
C000178,"""Environmental and resources law"" OR ""Environmental and resources law research""",high_recall,Database-adaptable phrase expansion
C000178,Environmental and resources law,broader,Disciplinary or overlay context
C000178,Environmental and resources law literature,related,Literature-oriented retrieval expansion
C000179,International and comparative law,search_phrase,Canonical concept phrase
C000179,"""International and comparative law"" OR ""International and comparative law research""",high_recall,Database-adaptable phrase expansion
C000179,International and comparative law,broader,Disciplinary or overlay context
C000179,International and comparative law literature,related,Literature-oriented retrieval expansion
C000180,Law in context,search_phrase,Canonical concept phrase
C000180,"""Law in context"" OR ""Law in context research""",high_recall,Database-adaptable phrase expansion
C000180,Law in context,broader,Disciplinary or overlay context
C000180,Law in context literature,related,Literature-oriented retrieval expansion
C000181,Legal systems,search_phrase,Canonical concept phrase
C000181,"""Legal systems"" OR ""Legal systems research""",high_recall,Database-adaptable phrase expansion
C000181,Legal systems,broader,Disciplinary or overlay context
C000181,Legal systems literature,related,Literature-oriented retrieval expansion
C000182,Private law and civil obligations,search_phrase,Canonical concept phrase
C000182,"""Private law and civil obligations"" OR ""Private law and civil obligations research""",high_recall,Database-adaptable phrase expansion
C000182,Private law and civil obligations,broader,Disciplinary or overlay context
C000182,Private law and civil obligations literature,related,Literature-oriented retrieval expansion
C000183,Public law,search_phrase,Canonical concept phrase
C000183,"""Public law"" OR ""Public law research""",high_recall,Database-adaptable phrase expansion
C000183,Public law,broader,Disciplinary or overlay context
C000183,Public law literature,related,Literature-oriented retrieval expansion
C000184,Other law and legal studies,search_phrase,Canonical concept phrase
C000184,"""Other law and legal studies"" OR ""Other law and legal studies research""",high_recall,Database-adaptable phrase expansion
C000184,Other law and legal studies,broader,Disciplinary or overlay context
C000184,Other law and legal studies literature,related,Literature-oriented retrieval expansion
C000185,Applied mathematics,search_phrase,Canonical concept phrase
C000185,"""Applied mathematics"" OR ""Applied mathematics research""",high_recall,Database-adaptable phrase expansion
C000185,Applied mathematics,broader,Disciplinary or overlay context
C000185,Applied mathematics literature,related,Literature-oriented retrieval expansion
C000186,Mathematical physics,search_phrase,Canonical concept phrase
C000186,"""Mathematical physics"" OR ""Mathematical physics research""",high_recall,Database-adaptable phrase expansion
C000186,Mathematical physics,broader,Disciplinary or overlay context
C000186,Mathematical physics literature,related,Literature-oriented retrieval expansion
C000187,Numerical and computational mathematics,search_phrase,Canonical concept phrase
C000187,"""Numerical and computational mathematics"" OR ""Numerical and computational mathematics research""",high_recall,Database-adaptable phrase expansion
C000187,Numerical and computational mathematics,broader,Disciplinary or overlay context
C000187,Numerical and computational mathematics literature,related,Literature-oriented retrieval expansion
C000188,Pure mathematics,search_phrase,Canonical concept phrase
C000188,"""Pure mathematics"" OR ""Pure mathematics research""",high_recall,Database-adaptable phrase expansion
C000188,Pure mathematics,broader,Disciplinary or overlay context
C000188,Pure mathematics literature,related,Literature-oriented retrieval expansion
C000189,Statistics,search_phrase,Canonical concept phrase
C000189,"""Statistics"" OR ""Statistics research""",high_recall,Database-adaptable phrase expansion
C000189,Statistics,broader,Disciplinary or overlay context
C000189,Statistics literature,related,Literature-oriented retrieval expansion
C000190,Other mathematical sciences,search_phrase,Canonical concept phrase
C000190,"""Other mathematical sciences"" OR ""Other mathematical sciences research""",high_recall,Database-adaptable phrase expansion
C000190,Other mathematical sciences,broader,Disciplinary or overlay context
C000190,Other mathematical sciences literature,related,Literature-oriented retrieval expansion
C000191,Applied ethics,search_phrase,Canonical concept phrase
C000191,"""Applied ethics"" OR ""Applied ethics research""",high_recall,Database-adaptable phrase expansion
C000191,Applied ethics,broader,Disciplinary or overlay context
C000191,Applied ethics literature,related,Literature-oriented retrieval expansion
C000192,History and philosophy of specific fields,search_phrase,Canonical concept phrase
C000192,"""History and philosophy of specific fields"" OR ""History and philosophy of specific fields research""",high_recall,Database-adaptable phrase expansion
C000192,History and philosophy of specific fields,broader,Disciplinary or overlay context
C000192,History and philosophy of specific fields literature,related,Literature-oriented retrieval expansion
C000193,Philosophy,search_phrase,Canonical concept phrase
C000193,"""Philosophy"" OR ""Philosophy research""",high_recall,Database-adaptable phrase expansion
C000193,Philosophy,broader,Disciplinary or overlay context
C000193,Philosophy literature,related,Literature-oriented retrieval expansion
C000194,Religious studies,search_phrase,Canonical concept phrase
C000194,"""Religious studies"" OR ""Religious studies research""",high_recall,Database-adaptable phrase expansion
C000194,Religious studies,broader,Disciplinary or overlay context
C000194,Religious studies literature,related,Literature-oriented retrieval expansion
C000195,Theology,search_phrase,Canonical concept phrase
C000195,"""Theology"" OR ""Theology research""",high_recall,Database-adaptable phrase expansion
C000195,Theology,broader,Disciplinary or overlay context
C000195,Theology literature,related,Literature-oriented retrieval expansion
C000196,Other philosophy and religious studies,search_phrase,Canonical concept phrase
C000196,"""Other philosophy and religious studies"" OR ""Other philosophy and religious studies research""",high_recall,Database-adaptable phrase expansion
C000196,Other philosophy and religious studies,broader,Disciplinary or overlay context
C000196,Other philosophy and religious studies literature,related,Literature-oriented retrieval expansion
C000197,Astronomical sciences,search_phrase,Canonical concept phrase
C000197,"""Astronomical sciences"" OR ""Astronomical sciences research""",high_recall,Database-adaptable phrase expansion
C000197,Astronomical sciences,broader,Disciplinary or overlay context
C000197,Astronomical sciences literature,related,Literature-oriented retrieval expansion
C000198,"Atomic, molecular and optical physics",search_phrase,Canonical concept phrase
C000198,"""Atomic, molecular and optical physics"" OR ""Atomic, molecular and optical physics research""",high_recall,Database-adaptable phrase expansion
C000198,"Atomic, molecular and optical physics",broader,Disciplinary or overlay context
C000198,"Atomic, molecular and optical physics literature",related,Literature-oriented retrieval expansion
C000199,Classical physics,search_phrase,Canonical concept phrase
C000199,"""Classical physics"" OR ""Classical physics research""",high_recall,Database-adaptable phrase expansion
C000199,Classical physics,broader,Disciplinary or overlay context
C000199,Classical physics literature,related,Literature-oriented retrieval expansion
C000200,Condensed matter physics,search_phrase,Canonical concept phrase
C000200,"""Condensed matter physics"" OR ""Condensed matter physics research""",high_recall,Database-adaptable phrase expansion
C000200,Condensed matter physics,broader,Disciplinary or overlay context
C000200,Condensed matter physics literature,related,Literature-oriented retrieval expansion
C000201,Medical and biological physics,search_phrase,Canonical concept phrase
C000201,"""Medical and biological physics"" OR ""Medical and biological physics research""",high_recall,Database-adaptable phrase expansion
C000201,Medical and biological physics,broader,Disciplinary or overlay context
C000201,Medical and biological physics literature,related,Literature-oriented retrieval expansion
C000202,Nuclear and plasma physics,search_phrase,Canonical concept phrase
C000202,"""Nuclear and plasma physics"" OR ""Nuclear and plasma physics research""",high_recall,Database-adaptable phrase expansion
C000202,Nuclear and plasma physics,broader,Disciplinary or overlay context
C000202,Nuclear and plasma physics literature,related,Literature-oriented retrieval expansion
C000203,Particle and high energy physics,search_phrase,Canonical concept phrase
C000203,"""Particle and high energy physics"" OR ""Particle and high energy physics research""",high_recall,Database-adaptable phrase expansion
C000203,Particle and high energy physics,broader,Disciplinary or overlay context
C000203,Particle and high energy physics literature,related,Literature-oriented retrieval expansion
C000204,Quantum physics,search_phrase,Canonical concept phrase
C000204,"""Quantum physics"" OR ""Quantum physics research""",high_recall,Database-adaptable phrase expansion
C000204,Quantum physics,broader,Disciplinary or overlay context
C000204,Quantum physics literature,related,Literature-oriented retrieval expansion
C000205,Space sciences,search_phrase,Canonical concept phrase
C000205,"""Space sciences"" OR ""Space sciences research""",high_recall,Database-adaptable phrase expansion
C000205,Space sciences,broader,Disciplinary or overlay context
C000205,Space sciences literature,related,Literature-oriented retrieval expansion
C000206,Synchrotrons and accelerators,search_phrase,Canonical concept phrase
C000206,"""Synchrotrons and accelerators"" OR ""Synchrotrons and accelerators research""",high_recall,Database-adaptable phrase expansion
C000206,Synchrotrons and accelerators,broader,Disciplinary or overlay context
C000206,Synchrotrons and accelerators literature,related,Literature-oriented retrieval expansion
C000207,Other physical sciences,search_phrase,Canonical concept phrase
C000207,"""Other physical sciences"" OR ""Other physical sciences research""",high_recall,Database-adaptable phrase expansion
C000207,Other physical sciences,broader,Disciplinary or overlay context
C000207,Other physical sciences literature,related,Literature-oriented retrieval expansion
C000208,Applied and developmental psychology,search_phrase,Canonical concept phrase
C000208,"""Applied and developmental psychology"" OR ""Applied and developmental psychology research""",high_recall,Database-adaptable phrase expansion
C000208,Applied and developmental psychology,broader,Disciplinary or overlay context
C000208,Applied and developmental psychology literature,related,Literature-oriented retrieval expansion
C000209,Biological psychology,search_phrase,Canonical concept phrase
C000209,"""Biological psychology"" OR ""Biological psychology research""",high_recall,Database-adaptable phrase expansion
C000209,Biological psychology,broader,Disciplinary or overlay context
C000209,Biological psychology literature,related,Literature-oriented retrieval expansion
C000210,Clinical and health psychology,search_phrase,Canonical concept phrase
C000210,"""Clinical and health psychology"" OR ""Clinical and health psychology research""",high_recall,Database-adaptable phrase expansion
C000210,Clinical and health psychology,broader,Disciplinary or overlay context
C000210,Clinical and health psychology literature,related,Literature-oriented retrieval expansion
C000211,Cognitive and computational psychology,search_phrase,Canonical concept phrase
C000211,"""Cognitive and computational psychology"" OR ""Cognitive and computational psychology research""",high_recall,Database-adaptable phrase expansion
C000211,Cognitive and computational psychology,broader,Disciplinary or overlay context
C000211,Cognitive and computational psychology literature,related,Literature-oriented retrieval expansion
C000212,Social and personality psychology,search_phrase,Canonical concept phrase
C000212,"""Social and personality psychology"" OR ""Social and personality psychology research""",high_recall,Database-adaptable phrase expansion
C000212,Social and personality psychology,broader,Disciplinary or overlay context
C000212,Social and personality psychology literature,related,Literature-oriented retrieval expansion
C000213,Other psychology,search_phrase,Canonical concept phrase
C000213,"""Other psychology"" OR ""Other psychology research""",high_recall,Database-adaptable phrase expansion
C000213,Other psychology,broader,Disciplinary or overlay context
C000213,Other psychology literature,related,Literature-oriented retrieval expansion
C000214,Agricultural biotechnology diagnostics (incl. biosensors),search_phrase,Canonical concept phrase
C000214,"""Agricultural biotechnology diagnostics (incl. biosensors)"" OR ""Agricultural biotechnology diagnostics (incl. biosensors) research""",high_recall,Database-adaptable phrase expansion
C000214,Agricultural biotechnology diagnostics (incl. biosensors),broader,Disciplinary or overlay context
C000214,Agricultural biotechnology diagnostics (incl. biosensors) literature,related,Literature-oriented retrieval expansion
C000215,Analytical biochemistry,search_phrase,Canonical concept phrase
C000215,"""Analytical biochemistry"" OR ""Analytical biochemistry research""",high_recall,Database-adaptable phrase expansion
C000215,Analytical biochemistry,broader,Disciplinary or overlay context
C000215,Analytical biochemistry literature,related,Literature-oriented retrieval expansion
C000216,Cardiology (incl. cardiovascular diseases),search_phrase,Canonical concept phrase
C000216,"""Cardiology (incl. cardiovascular diseases)"" OR ""Cardiology (incl. cardiovascular diseases) research""",high_recall,Database-adaptable phrase expansion
C000216,Cardiology (incl. cardiovascular diseases),broader,Disciplinary or overlay context
C000216,Cardiology (incl. cardiovascular diseases) literature,related,Literature-oriented retrieval expansion
C000217,Architectural computing and visualisation methods,search_phrase,Canonical concept phrase
C000217,"""Architectural computing and visualisation methods"" OR ""Architectural computing and visualisation methods research""",high_recall,Database-adaptable phrase expansion
C000217,Architectural computing and visualisation methods,broader,Disciplinary or overlay context
C000217,Architectural computing and visualisation methods literature,related,Literature-oriented retrieval expansion
C000218,Analytical spectrometry,search_phrase,Canonical concept phrase
C000218,"""Analytical spectrometry"" OR ""Analytical spectrometry research""",high_recall,Database-adaptable phrase expansion
C000218,Analytical spectrometry,broader,Disciplinary or overlay context
C000218,Analytical spectrometry literature,related,Literature-oriented retrieval expansion
C000219,Accounting theory and standards,search_phrase,Canonical concept phrase
C000219,"""Accounting theory and standards"" OR ""Accounting theory and standards research""",high_recall,Database-adaptable phrase expansion
C000219,Accounting theory and standards,broader,Disciplinary or overlay context
C000219,Accounting theory and standards literature,related,Literature-oriented retrieval expansion
C000220,Art criticism,search_phrase,Canonical concept phrase
C000220,"""Art criticism"" OR ""Art criticism research""",high_recall,Database-adaptable phrase expansion
C000220,Art criticism,broader,Disciplinary or overlay context
C000220,Art criticism literature,related,Literature-oriented retrieval expansion
C000221,Adverse weather events,search_phrase,Canonical concept phrase
C000221,"""Adverse weather events"" OR ""Adverse weather events research""",high_recall,Database-adaptable phrase expansion
C000221,Adverse weather events,broader,Disciplinary or overlay context
C000221,Adverse weather events literature,related,Literature-oriented retrieval expansion
C000222,Agricultural economics,search_phrase,Canonical concept phrase
C000222,"""Agricultural economics"" OR ""Agricultural economics research""",high_recall,Database-adaptable phrase expansion
C000222,Agricultural economics,broader,Disciplinary or overlay context
C000222,Agricultural economics literature,related,Literature-oriented retrieval expansion
C000223,"Creative arts, media and communication curriculum and pedagogy",search_phrase,Canonical concept phrase
C000223,"""Creative arts, media and communication curriculum and pedagogy"" OR ""Creative arts, media and communication curriculum and pedagogy research""",high_recall,Database-adaptable phrase expansion
C000223,"Creative arts, media and communication curriculum and pedagogy",broader,Disciplinary or overlay context
C000223,"Creative arts, media and communication curriculum and pedagogy literature",related,Literature-oriented retrieval expansion
C000224,Aerospace materials,search_phrase,Canonical concept phrase
C000224,"""Aerospace materials"" OR ""Aerospace materials research""",high_recall,Database-adaptable phrase expansion
C000224,Aerospace materials,broader,Disciplinary or overlay context
C000224,Aerospace materials literature,related,Literature-oriented retrieval expansion
C000225,Carbon sequestration science,search_phrase,Canonical concept phrase
C000225,"""Carbon sequestration science"" OR ""Carbon sequestration science research""",high_recall,Database-adaptable phrase expansion
C000225,Carbon sequestration science,broader,Disciplinary or overlay context
C000225,Carbon sequestration science literature,related,Literature-oriented retrieval expansion
C000226,Arts therapy,search_phrase,Canonical concept phrase
C000226,"""Arts therapy"" OR ""Arts therapy research""",high_recall,Database-adaptable phrase expansion
C000226,Arts therapy,broader,Disciplinary or overlay context
C000226,Arts therapy literature,related,Literature-oriented retrieval expansion
C000227,Archaeological science,search_phrase,Canonical concept phrase
C000227,"""Archaeological science"" OR ""Archaeological science research""",high_recall,Database-adaptable phrase expansion
C000227,Archaeological science,broader,Disciplinary or overlay context
C000227,Archaeological science literature,related,Literature-oriented retrieval expansion
C000228,Anthropology of development,search_phrase,Canonical concept phrase
C000228,"""Anthropology of development"" OR ""Anthropology of development research""",high_recall,Database-adaptable phrase expansion
C000228,Anthropology of development,broader,Disciplinary or overlay context
C000228,Anthropology of development literature,related,Literature-oriented retrieval expansion
C000229,Aboriginal and Torres Strait Islander archaeology,search_phrase,Canonical concept phrase
C000229,"""Aboriginal and Torres Strait Islander archaeology"" OR ""Aboriginal and Torres Strait Islander archaeology research""",high_recall,Database-adaptable phrase expansion
C000229,Aboriginal and Torres Strait Islander archaeology,broader,Disciplinary or overlay context
C000229,Aboriginal and Torres Strait Islander archaeology literature,related,Literature-oriented retrieval expansion
C000230,Applications in arts and humanities,search_phrase,Canonical concept phrase
C000230,"""Applications in arts and humanities"" OR ""Applications in arts and humanities research""",high_recall,Database-adaptable phrase expansion
C000230,Applications in arts and humanities,broader,Disciplinary or overlay context
C000230,Applications in arts and humanities literature,related,Literature-oriented retrieval expansion
C000231,Communication studies,search_phrase,Canonical concept phrase
C000231,"""Communication studies"" OR ""Communication studies research""",high_recall,Database-adaptable phrase expansion
C000231,Communication studies,broader,Disciplinary or overlay context
C000231,Communication studies literature,related,Literature-oriented retrieval expansion
C000232,"Banking, finance and securities law",search_phrase,Canonical concept phrase
C000232,"""Banking, finance and securities law"" OR ""Banking, finance and securities law research""",high_recall,Database-adaptable phrase expansion
C000232,"Banking, finance and securities law",broader,Disciplinary or overlay context
C000232,"Banking, finance and securities law literature",related,Literature-oriented retrieval expansion
C000233,Approximation theory and asymptotic methods,search_phrase,Canonical concept phrase
C000233,"""Approximation theory and asymptotic methods"" OR ""Approximation theory and asymptotic methods research""",high_recall,Database-adaptable phrase expansion
C000233,Approximation theory and asymptotic methods,broader,Disciplinary or overlay context
C000233,Approximation theory and asymptotic methods literature,related,Literature-oriented retrieval expansion
C000234,Bioethics,search_phrase,Canonical concept phrase
C000234,"""Bioethics"" OR ""Bioethics research""",high_recall,Database-adaptable phrase expansion
C000234,Bioethics,broader,Disciplinary or overlay context
C000234,Bioethics literature,related,Literature-oriented retrieval expansion
C000235,Astrobiology,search_phrase,Canonical concept phrase
C000235,"""Astrobiology"" OR ""Astrobiology research""",high_recall,Database-adaptable phrase expansion
C000235,Astrobiology,broader,Disciplinary or overlay context
C000235,Astrobiology literature,related,Literature-oriented retrieval expansion
C000236,Child and adolescent development,search_phrase,Canonical concept phrase
C000236,"""Child and adolescent development"" OR ""Child and adolescent development research""",high_recall,Database-adaptable phrase expansion
C000236,Child and adolescent development,broader,Disciplinary or overlay context
C000236,Child and adolescent development literature,related,Literature-oriented retrieval expansion
C000237,Agricultural marine biotechnology,search_phrase,Canonical concept phrase
C000237,"""Agricultural marine biotechnology"" OR ""Agricultural marine biotechnology research""",high_recall,Database-adaptable phrase expansion
C000237,Agricultural marine biotechnology,broader,Disciplinary or overlay context
C000237,Agricultural marine biotechnology literature,related,Literature-oriented retrieval expansion
C000238,"Cell development, proliferation and death",search_phrase,Canonical concept phrase
C000238,"""Cell development, proliferation and death"" OR ""Cell development, proliferation and death research""",high_recall,Database-adaptable phrase expansion
C000238,"Cell development, proliferation and death",broader,Disciplinary or overlay context
C000238,"Cell development, proliferation and death literature",related,Literature-oriented retrieval expansion
C000239,Haematology,search_phrase,Canonical concept phrase
C000239,"""Haematology"" OR ""Haematology research""",high_recall,Database-adaptable phrase expansion
C000239,Haematology,broader,Disciplinary or overlay context
C000239,Haematology literature,related,Literature-oriented retrieval expansion
C000240,Architectural design,search_phrase,Canonical concept phrase
C000240,"""Architectural design"" OR ""Architectural design research""",high_recall,Database-adaptable phrase expansion
C000240,Architectural design,broader,Disciplinary or overlay context
C000240,Architectural design literature,related,Literature-oriented retrieval expansion
C000241,Bioassays,search_phrase,Canonical concept phrase
C000241,"""Bioassays"" OR ""Bioassays research""",high_recall,Database-adaptable phrase expansion
C000241,Bioassays,broader,Disciplinary or overlay context
C000241,Bioassays literature,related,Literature-oriented retrieval expansion
C000242,Auditing and accountability,search_phrase,Canonical concept phrase
C000242,"""Auditing and accountability"" OR ""Auditing and accountability research""",high_recall,Database-adaptable phrase expansion
C000242,Auditing and accountability,broader,Disciplinary or overlay context
C000242,Auditing and accountability literature,related,Literature-oriented retrieval expansion
C000243,Art history,search_phrase,Canonical concept phrase
C000243,"""Art history"" OR ""Art history research""",high_recall,Database-adaptable phrase expansion
C000243,Art history,broader,Disciplinary or overlay context
C000243,Art history literature,related,Literature-oriented retrieval expansion
C000244,Air pollution processes and air quality measurement,search_phrase,Canonical concept phrase
C000244,"""Air pollution processes and air quality measurement"" OR ""Air pollution processes and air quality measurement research""",high_recall,Database-adaptable phrase expansion
C000244,Air pollution processes and air quality measurement,broader,Disciplinary or overlay context
C000244,Air pollution processes and air quality measurement literature,related,Literature-oriented retrieval expansion
C000245,Behavioural economics,search_phrase,Canonical concept phrase
C000245,"""Behavioural economics"" OR ""Behavioural economics research""",high_recall,Database-adaptable phrase expansion
C000245,Behavioural economics,broader,Disciplinary or overlay context
C000245,Behavioural economics literature,related,Literature-oriented retrieval expansion
C000246,Curriculum and pedagogy theory and development,search_phrase,Canonical concept phrase
C000246,"""Curriculum and pedagogy theory and development"" OR ""Curriculum and pedagogy theory and development research""",high_recall,Database-adaptable phrase expansion
C000246,Curriculum and pedagogy theory and development,broader,Disciplinary or overlay context
C000246,Curriculum and pedagogy theory and development literature,related,Literature-oriented retrieval expansion
C000247,Aerospace structures,search_phrase,Canonical concept phrase
C000247,"""Aerospace structures"" OR ""Aerospace structures research""",high_recall,Database-adaptable phrase expansion
C000247,Aerospace structures,broader,Disciplinary or overlay context
C000247,Aerospace structures literature,related,Literature-oriented retrieval expansion
C000248,Ecological impacts of climate change and ecological adaptation,search_phrase,Canonical concept phrase
C000248,"""Ecological impacts of climate change and ecological adaptation"" OR ""Ecological impacts of climate change and ecological adaptation research""",high_recall,Database-adaptable phrase expansion
C000248,Ecological impacts of climate change and ecological adaptation,broader,Disciplinary or overlay context
C000248,Ecological impacts of climate change and ecological adaptation literature,related,Literature-oriented retrieval expansion
C000249,Audiology,search_phrase,Canonical concept phrase
C000249,"""Audiology"" OR ""Audiology research""",high_recall,Database-adaptable phrase expansion
C000249,Audiology,broader,Disciplinary or overlay context
C000249,Audiology literature,related,Literature-oriented retrieval expansion
C000250,"Archaeology of Asia, Africa and the Americas",search_phrase,Canonical concept phrase
C000250,"""Archaeology of Asia, Africa and the Americas"" OR ""Archaeology of Asia, Africa and the Americas research""",high_recall,Database-adaptable phrase expansion
C000250,"Archaeology of Asia, Africa and the Americas",broader,Disciplinary or overlay context
C000250,"Archaeology of Asia, Africa and the Americas literature",related,Literature-oriented retrieval expansion
C000251,Anthropology of gender and sexuality,search_phrase,Canonical concept phrase
C000251,"""Anthropology of gender and sexuality"" OR ""Anthropology of gender and sexuality research""",high_recall,Database-adaptable phrase expansion
C000251,Anthropology of gender and sexuality,broader,Disciplinary or overlay context
C000251,Anthropology of gender and sexuality literature,related,Literature-oriented retrieval expansion
C000252,Aboriginal and Torres Strait Islander artefacts,search_phrase,Canonical concept phrase
C000252,"""Aboriginal and Torres Strait Islander artefacts"" OR ""Aboriginal and Torres Strait Islander artefacts research""",high_recall,Database-adaptable phrase expansion
C000252,Aboriginal and Torres Strait Islander artefacts,broader,Disciplinary or overlay context
C000252,Aboriginal and Torres Strait Islander artefacts literature,related,Literature-oriented retrieval expansion
C000253,Applications in health,search_phrase,Canonical concept phrase
C000253,"""Applications in health"" OR ""Applications in health research""",high_recall,Database-adaptable phrase expansion
C000253,Applications in health,broader,Disciplinary or overlay context
C000253,Applications in health literature,related,Literature-oriented retrieval expansion
C000254,Communication technology and digital media studies,search_phrase,Canonical concept phrase
C000254,"""Communication technology and digital media studies"" OR ""Communication technology and digital media studies research""",high_recall,Database-adaptable phrase expansion
C000254,Communication technology and digital media studies,broader,Disciplinary or overlay context
C000254,Communication technology and digital media studies literature,related,Literature-oriented retrieval expansion
C000255,Commercial law,search_phrase,Canonical concept phrase
C000255,"""Commercial law"" OR ""Commercial law research""",high_recall,Database-adaptable phrase expansion
C000255,Commercial law,broader,Disciplinary or overlay context
C000255,Commercial law literature,related,Literature-oriented retrieval expansion
C000256,Biological mathematics,search_phrase,Canonical concept phrase
C000256,"""Biological mathematics"" OR ""Biological mathematics research""",high_recall,Database-adaptable phrase expansion
C000256,Biological mathematics,broader,Disciplinary or overlay context
C000256,Biological mathematics literature,related,Literature-oriented retrieval expansion
C000257,Business ethics,search_phrase,Canonical concept phrase
C000257,"""Business ethics"" OR ""Business ethics research""",high_recall,Database-adaptable phrase expansion
C000257,Business ethics,broader,Disciplinary or overlay context
C000257,Business ethics literature,related,Literature-oriented retrieval expansion
C000258,Astronomical instrumentation,search_phrase,Canonical concept phrase
C000258,"""Astronomical instrumentation"" OR ""Astronomical instrumentation research""",high_recall,Database-adaptable phrase expansion
C000258,Astronomical instrumentation,broader,Disciplinary or overlay context
C000258,Astronomical instrumentation literature,related,Literature-oriented retrieval expansion
C000259,Educational psychology,search_phrase,Canonical concept phrase
C000259,"""Educational psychology"" OR ""Educational psychology research""",high_recall,Database-adaptable phrase expansion
C000259,Educational psychology,broader,Disciplinary or overlay context
C000259,Educational psychology literature,related,Literature-oriented retrieval expansion
C000260,Agricultural molecular engineering of nucleic acids and proteins,search_phrase,Canonical concept phrase
C000260,"""Agricultural molecular engineering of nucleic acids and proteins"" OR ""Agricultural molecular engineering of nucleic acids and proteins research""",high_recall,Database-adaptable phrase expansion
C000260,Agricultural molecular engineering of nucleic acids and proteins,broader,Disciplinary or overlay context
C000260,Agricultural molecular engineering of nucleic acids and proteins literature,related,Literature-oriented retrieval expansion
C000261,Cell metabolism,search_phrase,Canonical concept phrase
C000261,"""Cell metabolism"" OR ""Cell metabolism research""",high_recall,Database-adaptable phrase expansion
C000261,Cell metabolism,broader,Disciplinary or overlay context
C000261,Cell metabolism literature,related,Literature-oriented retrieval expansion
C000262,Respiratory diseases,search_phrase,Canonical concept phrase
C000262,"""Respiratory diseases"" OR ""Respiratory diseases research""",high_recall,Database-adaptable phrase expansion
C000262,Respiratory diseases,broader,Disciplinary or overlay context
C000262,Respiratory diseases literature,related,Literature-oriented retrieval expansion
C000263,Architectural heritage and conservation,search_phrase,Canonical concept phrase
C000263,"""Architectural heritage and conservation"" OR ""Architectural heritage and conservation research""",high_recall,Database-adaptable phrase expansion
C000263,Architectural heritage and conservation,broader,Disciplinary or overlay context
C000263,Architectural heritage and conservation literature,related,Literature-oriented retrieval expansion
C000264,Electroanalytical chemistry,search_phrase,Canonical concept phrase
C000264,"""Electroanalytical chemistry"" OR ""Electroanalytical chemistry research""",high_recall,Database-adaptable phrase expansion
C000264,Electroanalytical chemistry,broader,Disciplinary or overlay context
C000264,Electroanalytical chemistry literature,related,Literature-oriented retrieval expansion
C000265,Financial accounting,search_phrase,Canonical concept phrase
C000265,"""Financial accounting"" OR ""Financial accounting research""",high_recall,Database-adaptable phrase expansion
C000265,Financial accounting,broader,Disciplinary or overlay context
C000265,Financial accounting literature,related,Literature-oriented retrieval expansion
C000266,Art theory,search_phrase,Canonical concept phrase
C000266,"""Art theory"" OR ""Art theory research""",high_recall,Database-adaptable phrase expansion
C000266,Art theory,broader,Disciplinary or overlay context
C000266,Art theory literature,related,Literature-oriented retrieval expansion
C000267,Atmospheric aerosols,search_phrase,Canonical concept phrase
C000267,"""Atmospheric aerosols"" OR ""Atmospheric aerosols research""",high_recall,Database-adaptable phrase expansion
C000267,Atmospheric aerosols,broader,Disciplinary or overlay context
C000267,Atmospheric aerosols literature,related,Literature-oriented retrieval expansion
C000268,Economic history,search_phrase,Canonical concept phrase
C000268,"""Economic history"" OR ""Economic history research""",high_recall,Database-adaptable phrase expansion
C000268,Economic history,broader,Disciplinary or overlay context
C000268,Economic history literature,related,Literature-oriented retrieval expansion
C000269,"Economics, business and management curriculum and pedagogy",search_phrase,Canonical concept phrase
C000269,"""Economics, business and management curriculum and pedagogy"" OR ""Economics, business and management curriculum and pedagogy research""",high_recall,Database-adaptable phrase expansion
C000269,"Economics, business and management curriculum and pedagogy",broader,Disciplinary or overlay context
C000269,"Economics, business and management curriculum and pedagogy literature",related,Literature-oriented retrieval expansion
C000270,Aircraft performance and flight control systems,search_phrase,Canonical concept phrase
C000270,"""Aircraft performance and flight control systems"" OR ""Aircraft performance and flight control systems research""",high_recall,Database-adaptable phrase expansion
C000270,Aircraft performance and flight control systems,broader,Disciplinary or overlay context
C000270,Aircraft performance and flight control systems literature,related,Literature-oriented retrieval expansion
C000271,Human impacts of climate change and human adaptation,search_phrase,Canonical concept phrase
C000271,"""Human impacts of climate change and human adaptation"" OR ""Human impacts of climate change and human adaptation research""",high_recall,Database-adaptable phrase expansion
C000271,Human impacts of climate change and human adaptation,broader,Disciplinary or overlay context
C000271,Human impacts of climate change and human adaptation literature,related,Literature-oriented retrieval expansion
C000272,Music therapy,search_phrase,Canonical concept phrase
C000272,"""Music therapy"" OR ""Music therapy research""",high_recall,Database-adaptable phrase expansion
C000272,Music therapy,broader,Disciplinary or overlay context
C000272,Music therapy literature,related,Literature-oriented retrieval expansion
C000273,Archaeology of Australia (excl. Aboriginal and Torres Strait Islander),search_phrase,Canonical concept phrase
C000273,"""Archaeology of Australia (excl. Aboriginal and Torres Strait Islander)"" OR ""Archaeology of Australia (excl. Aboriginal and Torres Strait Islander) research""",high_recall,Database-adaptable phrase expansion
C000273,Archaeology of Australia (excl. Aboriginal and Torres Strait Islander),broader,Disciplinary or overlay context
C000273,Archaeology of Australia (excl. Aboriginal and Torres Strait Islander) literature,related,Literature-oriented retrieval expansion
C000274,Biological (physical) anthropology,search_phrase,Canonical concept phrase
C000274,"""Biological (physical) anthropology"" OR ""Biological (physical) anthropology research""",high_recall,Database-adaptable phrase expansion
C000274,Biological (physical) anthropology,broader,Disciplinary or overlay context
C000274,Biological (physical) anthropology literature,related,Literature-oriented retrieval expansion
C000275,Aboriginal and Torres Strait Islander cultural history,search_phrase,Canonical concept phrase
C000275,"""Aboriginal and Torres Strait Islander cultural history"" OR ""Aboriginal and Torres Strait Islander cultural history research""",high_recall,Database-adaptable phrase expansion
C000275,Aboriginal and Torres Strait Islander cultural history,broader,Disciplinary or overlay context
C000275,Aboriginal and Torres Strait Islander cultural history literature,related,Literature-oriented retrieval expansion
C000276,Applications in life sciences,search_phrase,Canonical concept phrase
C000276,"""Applications in life sciences"" OR ""Applications in life sciences research""",high_recall,Database-adaptable phrase expansion
C000276,Applications in life sciences,broader,Disciplinary or overlay context
C000276,Applications in life sciences literature,related,Literature-oriented retrieval expansion
C000277,Environmental communication,search_phrase,Canonical concept phrase
C000277,"""Environmental communication"" OR ""Environmental communication research""",high_recall,Database-adaptable phrase expansion
C000277,Environmental communication,broader,Disciplinary or overlay context
C000277,Environmental communication literature,related,Literature-oriented retrieval expansion
C000278,Corporations and associations law,search_phrase,Canonical concept phrase
C000278,"""Corporations and associations law"" OR ""Corporations and associations law research""",high_recall,Database-adaptable phrase expansion
C000278,Corporations and associations law,broader,Disciplinary or overlay context
C000278,Corporations and associations law literature,related,Literature-oriented retrieval expansion
C000279,"Calculus of variations, mathematical aspects of systems theory and control theory",search_phrase,Canonical concept phrase
C000279,"""Calculus of variations, mathematical aspects of systems theory and control theory"" OR ""Calculus of variations, mathematical aspects of systems theory and control theory research""",high_recall,Database-adaptable phrase expansion
C000279,"Calculus of variations, mathematical aspects of systems theory and control theory",broader,Disciplinary or overlay context
C000279,"Calculus of variations, mathematical aspects of systems theory and control theory literature",related,Literature-oriented retrieval expansion
C000280,Ethical use of new technology,search_phrase,Canonical concept phrase
C000280,"""Ethical use of new technology"" OR ""Ethical use of new technology research""",high_recall,Database-adaptable phrase expansion
C000280,Ethical use of new technology,broader,Disciplinary or overlay context
C000280,Ethical use of new technology literature,related,Literature-oriented retrieval expansion
C000281,Cosmology and extragalactic astronomy,search_phrase,Canonical concept phrase
C000281,"""Cosmology and extragalactic astronomy"" OR ""Cosmology and extragalactic astronomy research""",high_recall,Database-adaptable phrase expansion
C000281,Cosmology and extragalactic astronomy,broader,Disciplinary or overlay context
C000281,Cosmology and extragalactic astronomy literature,related,Literature-oriented retrieval expansion
C000282,Forensic psychology,search_phrase,Canonical concept phrase
C000282,"""Forensic psychology"" OR ""Forensic psychology research""",high_recall,Database-adaptable phrase expansion
C000282,Forensic psychology,broader,Disciplinary or overlay context
C000282,Forensic psychology literature,related,Literature-oriented retrieval expansion
C000283,Genetically modified animals,search_phrase,Canonical concept phrase
C000283,"""Genetically modified animals"" OR ""Genetically modified animals research""",high_recall,Database-adaptable phrase expansion
C000283,Genetically modified animals,broader,Disciplinary or overlay context
C000283,Genetically modified animals literature,related,Literature-oriented retrieval expansion
C000284,Cell neurochemistry,search_phrase,Canonical concept phrase
C000284,"""Cell neurochemistry"" OR ""Cell neurochemistry research""",high_recall,Database-adaptable phrase expansion
C000284,Cell neurochemistry,broader,Disciplinary or overlay context
C000284,Cell neurochemistry literature,related,Literature-oriented retrieval expansion
C000285,Anaesthesiology,search_phrase,Canonical concept phrase
C000285,"""Anaesthesiology"" OR ""Anaesthesiology research""",high_recall,Database-adaptable phrase expansion
C000285,Anaesthesiology,broader,Disciplinary or overlay context
C000285,Anaesthesiology literature,related,Literature-oriented retrieval expansion
C000286,"Architectural history, theory and criticism",search_phrase,Canonical concept phrase
C000286,"""Architectural history, theory and criticism"" OR ""Architectural history, theory and criticism research""",high_recall,Database-adaptable phrase expansion
C000286,"Architectural history, theory and criticism",broader,Disciplinary or overlay context
C000286,"Architectural history, theory and criticism literature",related,Literature-oriented retrieval expansion
C000287,Flow analysis,search_phrase,Canonical concept phrase
C000287,"""Flow analysis"" OR ""Flow analysis research""",high_recall,Database-adaptable phrase expansion
C000287,Flow analysis,broader,Disciplinary or overlay context
C000287,Flow analysis literature,related,Literature-oriented retrieval expansion
C000288,International accounting,search_phrase,Canonical concept phrase
C000288,"""International accounting"" OR ""International accounting research""",high_recall,Database-adaptable phrase expansion
C000288,International accounting,broader,Disciplinary or overlay context
C000288,International accounting literature,related,Literature-oriented retrieval expansion
C000289,Visual cultures,search_phrase,Canonical concept phrase
C000289,"""Visual cultures"" OR ""Visual cultures research""",high_recall,Database-adaptable phrase expansion
C000289,Visual cultures,broader,Disciplinary or overlay context
C000289,Visual cultures literature,related,Literature-oriented retrieval expansion
C000290,"Atmospheric composition, chemistry and processes",search_phrase,Canonical concept phrase
C000290,"""Atmospheric composition, chemistry and processes"" OR ""Atmospheric composition, chemistry and processes research""",high_recall,Database-adaptable phrase expansion
C000290,"Atmospheric composition, chemistry and processes",broader,Disciplinary or overlay context
C000290,"Atmospheric composition, chemistry and processes literature",related,Literature-oriented retrieval expansion
C000291,Economics of education,search_phrase,Canonical concept phrase
C000291,"""Economics of education"" OR ""Economics of education research""",high_recall,Database-adaptable phrase expansion
C000291,Economics of education,broader,Disciplinary or overlay context
C000291,Economics of education literature,related,Literature-oriented retrieval expansion
C000292,"English and literacy curriculum and pedagogy (excl. LOTE, ESL and TESOL)",search_phrase,Canonical concept phrase
C000292,"""English and literacy curriculum and pedagogy (excl. LOTE, ESL and TESOL)"" OR ""English and literacy curriculum and pedagogy (excl. LOTE, ESL and TESOL) research""",high_recall,Database-adaptable phrase expansion
C000292,"English and literacy curriculum and pedagogy (excl. LOTE, ESL and TESOL)",broader,Disciplinary or overlay context
C000292,"English and literacy curriculum and pedagogy (excl. LOTE, ESL and TESOL) literature",related,Literature-oriented retrieval expansion
C000293,Avionics,search_phrase,Canonical concept phrase
C000293,"""Avionics"" OR ""Avionics research""",high_recall,Database-adaptable phrase expansion
C000293,Avionics,broader,Disciplinary or overlay context
C000293,Avionics literature,related,Literature-oriented retrieval expansion
C000294,Bioavailability and ecotoxicology,search_phrase,Canonical concept phrase
C000294,"""Bioavailability and ecotoxicology"" OR ""Bioavailability and ecotoxicology research""",high_recall,Database-adaptable phrase expansion
C000294,Bioavailability and ecotoxicology,broader,Disciplinary or overlay context
C000294,Bioavailability and ecotoxicology literature,related,Literature-oriented retrieval expansion
C000295,Occupational therapy,search_phrase,Canonical concept phrase
C000295,"""Occupational therapy"" OR ""Occupational therapy research""",high_recall,Database-adaptable phrase expansion
C000295,Occupational therapy,broader,Disciplinary or overlay context
C000295,Occupational therapy literature,related,Literature-oriented retrieval expansion
C000296,"Archaeology of Europe, the Mediterranean and the Levant",search_phrase,Canonical concept phrase
C000296,"""Archaeology of Europe, the Mediterranean and the Levant"" OR ""Archaeology of Europe, the Mediterranean and the Levant research""",high_recall,Database-adaptable phrase expansion
C000296,"Archaeology of Europe, the Mediterranean and the Levant",broader,Disciplinary or overlay context
C000296,"Archaeology of Europe, the Mediterranean and the Levant literature",related,Literature-oriented retrieval expansion
C000297,Environmental anthropology,search_phrase,Canonical concept phrase
C000297,"""Environmental anthropology"" OR ""Environmental anthropology research""",high_recall,Database-adaptable phrase expansion
C000297,Environmental anthropology,broader,Disciplinary or overlay context
C000297,Environmental anthropology literature,related,Literature-oriented retrieval expansion
C000298,Aboriginal and Torres Strait Islander culture,search_phrase,Canonical concept phrase
C000298,"""Aboriginal and Torres Strait Islander culture"" OR ""Aboriginal and Torres Strait Islander culture research""",high_recall,Database-adaptable phrase expansion
C000298,Aboriginal and Torres Strait Islander culture,broader,Disciplinary or overlay context
C000298,Aboriginal and Torres Strait Islander culture literature,related,Literature-oriented retrieval expansion
C000299,Applications in physical sciences,search_phrase,Canonical concept phrase
C000299,"""Applications in physical sciences"" OR ""Applications in physical sciences research""",high_recall,Database-adaptable phrase expansion
C000299,Applications in physical sciences,broader,Disciplinary or overlay context
C000299,Applications in physical sciences literature,related,Literature-oriented retrieval expansion
C000300,International and development communication,search_phrase,Canonical concept phrase
C000300,"""International and development communication"" OR ""International and development communication research""",high_recall,Database-adaptable phrase expansion
C000300,International and development communication,broader,Disciplinary or overlay context
C000300,International and development communication literature,related,Literature-oriented retrieval expansion
C000301,Labour law,search_phrase,Canonical concept phrase
C000301,"""Labour law"" OR ""Labour law research""",high_recall,Database-adaptable phrase expansion
C000301,Labour law,broader,Disciplinary or overlay context
C000301,Labour law literature,related,Literature-oriented retrieval expansion
C000302,Complex systems,search_phrase,Canonical concept phrase
C000302,"""Complex systems"" OR ""Complex systems research""",high_recall,Database-adaptable phrase expansion
C000302,Complex systems,broader,Disciplinary or overlay context
C000302,Complex systems literature,related,Literature-oriented retrieval expansion
C000303,Human rights and justice issues (excl. law),search_phrase,Canonical concept phrase
C000303,"""Human rights and justice issues (excl. law)"" OR ""Human rights and justice issues (excl. law) research""",high_recall,Database-adaptable phrase expansion
C000303,Human rights and justice issues (excl. law),broader,Disciplinary or overlay context
C000303,Human rights and justice issues (excl. law) literature,related,Literature-oriented retrieval expansion
C000304,Galactic astronomy,search_phrase,Canonical concept phrase
C000304,"""Galactic astronomy"" OR ""Galactic astronomy research""",high_recall,Database-adaptable phrase expansion
C000304,Galactic astronomy,broader,Disciplinary or overlay context
C000304,Galactic astronomy literature,related,Literature-oriented retrieval expansion
C000305,Industrial and organisational psychology (incl. human factors),search_phrase,Canonical concept phrase
C000305,"""Industrial and organisational psychology (incl. human factors)"" OR ""Industrial and organisational psychology (incl. human factors) research""",high_recall,Database-adaptable phrase expansion
C000305,Industrial and organisational psychology (incl. human factors),broader,Disciplinary or overlay context
C000305,Industrial and organisational psychology (incl. human factors) literature,related,Literature-oriented retrieval expansion
C000306,Genetically modified field crops and pasture,search_phrase,Canonical concept phrase
C000306,"""Genetically modified field crops and pasture"" OR ""Genetically modified field crops and pasture research""",high_recall,Database-adaptable phrase expansion
C000306,Genetically modified field crops and pasture,broader,Disciplinary or overlay context
C000306,Genetically modified field crops and pasture literature,related,Literature-oriented retrieval expansion
C000307,"Cellular interactions (incl. adhesion, matrix, cell wall)",search_phrase,Canonical concept phrase
C000307,"""Cellular interactions (incl. adhesion, matrix, cell wall)"" OR ""Cellular interactions (incl. adhesion, matrix, cell wall) research""",high_recall,Database-adaptable phrase expansion
C000307,"Cellular interactions (incl. adhesion, matrix, cell wall)",broader,Disciplinary or overlay context
C000307,"Cellular interactions (incl. adhesion, matrix, cell wall) literature",related,Literature-oriented retrieval expansion
C000308,Clinical chemistry (incl. diagnostics),search_phrase,Canonical concept phrase
C000308,"""Clinical chemistry (incl. diagnostics)"" OR ""Clinical chemistry (incl. diagnostics) research""",high_recall,Database-adaptable phrase expansion
C000308,Clinical chemistry (incl. diagnostics),broader,Disciplinary or overlay context
C000308,Clinical chemistry (incl. diagnostics) literature,related,Literature-oriented retrieval expansion
C000309,Architectural science and technology,search_phrase,Canonical concept phrase
C000309,"""Architectural science and technology"" OR ""Architectural science and technology research""",high_recall,Database-adaptable phrase expansion
C000309,Architectural science and technology,broader,Disciplinary or overlay context
C000309,Architectural science and technology literature,related,Literature-oriented retrieval expansion
C000310,Instrumental methods (excl. immunological and bioassay methods),search_phrase,Canonical concept phrase
C000310,"""Instrumental methods (excl. immunological and bioassay methods)"" OR ""Instrumental methods (excl. immunological and bioassay methods) research""",high_recall,Database-adaptable phrase expansion
C000310,Instrumental methods (excl. immunological and bioassay methods),broader,Disciplinary or overlay context
C000310,Instrumental methods (excl. immunological and bioassay methods) literature,related,Literature-oriented retrieval expansion
C000311,Management accounting,search_phrase,Canonical concept phrase
C000311,"""Management accounting"" OR ""Management accounting research""",high_recall,Database-adaptable phrase expansion
C000311,Management accounting,broader,Disciplinary or overlay context
C000311,Management accounting literature,related,Literature-oriented retrieval expansion
C000312,Creative writing (incl. scriptwriting),search_phrase,Canonical concept phrase
C000312,"""Creative writing (incl. scriptwriting)"" OR ""Creative writing (incl. scriptwriting) research""",high_recall,Database-adaptable phrase expansion
C000312,Creative writing (incl. scriptwriting),broader,Disciplinary or overlay context
C000312,Creative writing (incl. scriptwriting) literature,related,Literature-oriented retrieval expansion
C000313,Atmospheric dynamics,search_phrase,Canonical concept phrase
C000313,"""Atmospheric dynamics"" OR ""Atmospheric dynamics research""",high_recall,Database-adaptable phrase expansion
C000313,Atmospheric dynamics,broader,Disciplinary or overlay context
C000313,Atmospheric dynamics literature,related,Literature-oriented retrieval expansion
C000314,Environment and resource economics,search_phrase,Canonical concept phrase
C000314,"""Environment and resource economics"" OR ""Environment and resource economics research""",high_recall,Database-adaptable phrase expansion
C000314,Environment and resource economics,broader,Disciplinary or overlay context
C000314,Environment and resource economics literature,related,Literature-oriented retrieval expansion
C000315,Environmental education curriculum and pedagogy,search_phrase,Canonical concept phrase
C000315,"""Environmental education curriculum and pedagogy"" OR ""Environmental education curriculum and pedagogy research""",high_recall,Database-adaptable phrase expansion
C000315,Environmental education curriculum and pedagogy,broader,Disciplinary or overlay context
C000315,Environmental education curriculum and pedagogy literature,related,Literature-oriented retrieval expansion
C000316,Flight dynamics,search_phrase,Canonical concept phrase
C000316,"""Flight dynamics"" OR ""Flight dynamics research""",high_recall,Database-adaptable phrase expansion
C000316,Flight dynamics,broader,Disciplinary or overlay context
C000316,Flight dynamics literature,related,Literature-oriented retrieval expansion
C000317,Biosecurity science and invasive species ecology,search_phrase,Canonical concept phrase
C000317,"""Biosecurity science and invasive species ecology"" OR ""Biosecurity science and invasive species ecology research""",high_recall,Database-adaptable phrase expansion
C000317,Biosecurity science and invasive species ecology,broader,Disciplinary or overlay context
C000317,Biosecurity science and invasive species ecology literature,related,Literature-oriented retrieval expansion
C000318,Orthoptics,search_phrase,Canonical concept phrase
C000318,"""Orthoptics"" OR ""Orthoptics research""",high_recall,Database-adaptable phrase expansion
C000318,Orthoptics,broader,Disciplinary or overlay context
C000318,Orthoptics literature,related,Literature-oriented retrieval expansion
C000319,Archaeology of New Zealand (excl. Māori),search_phrase,Canonical concept phrase
C000319,"""Archaeology of New Zealand (excl. Māori)"" OR ""Archaeology of New Zealand (excl. Māori) research""",high_recall,Database-adaptable phrase expansion
C000319,Archaeology of New Zealand (excl. Māori),broader,Disciplinary or overlay context
C000319,Archaeology of New Zealand (excl. Māori) literature,related,Literature-oriented retrieval expansion
C000320,Linguistic anthropology,search_phrase,Canonical concept phrase
C000320,"""Linguistic anthropology"" OR ""Linguistic anthropology research""",high_recall,Database-adaptable phrase expansion
C000320,Linguistic anthropology,broader,Disciplinary or overlay context
C000320,Linguistic anthropology literature,related,Literature-oriented retrieval expansion
C000321,"Aboriginal and Torres Strait Islander curatorial, archives and museum studies",search_phrase,Canonical concept phrase
C000321,"""Aboriginal and Torres Strait Islander curatorial, archives and museum studies"" OR ""Aboriginal and Torres Strait Islander curatorial, archives and museum studies research""",high_recall,Database-adaptable phrase expansion
C000321,"Aboriginal and Torres Strait Islander curatorial, archives and museum studies",broader,Disciplinary or overlay context
C000321,"Aboriginal and Torres Strait Islander curatorial, archives and museum studies literature",related,Literature-oriented retrieval expansion
C000322,Applications in social sciences and education,search_phrase,Canonical concept phrase
C000322,"""Applications in social sciences and education"" OR ""Applications in social sciences and education research""",high_recall,Database-adaptable phrase expansion
C000322,Applications in social sciences and education,broader,Disciplinary or overlay context
C000322,Applications in social sciences and education literature,related,Literature-oriented retrieval expansion
C000323,Journalism studies,search_phrase,Canonical concept phrase
C000323,"""Journalism studies"" OR ""Journalism studies research""",high_recall,Database-adaptable phrase expansion
C000323,Journalism studies,broader,Disciplinary or overlay context
C000323,Journalism studies literature,related,Literature-oriented retrieval expansion
C000324,Not-for-profit law,search_phrase,Canonical concept phrase
C000324,"""Not-for-profit law"" OR ""Not-for-profit law research""",high_recall,Database-adaptable phrase expansion
C000324,Not-for-profit law,broader,Disciplinary or overlay context
C000324,Not-for-profit law literature,related,Literature-oriented retrieval expansion
C000325,Dynamical systems in applications,search_phrase,Canonical concept phrase
C000325,"""Dynamical systems in applications"" OR ""Dynamical systems in applications research""",high_recall,Database-adaptable phrase expansion
C000325,Dynamical systems in applications,broader,Disciplinary or overlay context
C000325,Dynamical systems in applications literature,related,Literature-oriented retrieval expansion
C000326,Legal ethics,search_phrase,Canonical concept phrase
C000326,"""Legal ethics"" OR ""Legal ethics research""",high_recall,Database-adaptable phrase expansion
C000326,Legal ethics,broader,Disciplinary or overlay context
C000326,Legal ethics literature,related,Literature-oriented retrieval expansion
C000327,General relativity and gravitational waves,search_phrase,Canonical concept phrase
C000327,"""General relativity and gravitational waves"" OR ""General relativity and gravitational waves research""",high_recall,Database-adaptable phrase expansion
C000327,General relativity and gravitational waves,broader,Disciplinary or overlay context
C000327,General relativity and gravitational waves literature,related,Literature-oriented retrieval expansion
C000328,"Psychological methodology, design and analysis",search_phrase,Canonical concept phrase
C000328,"""Psychological methodology, design and analysis"" OR ""Psychological methodology, design and analysis research""",high_recall,Database-adaptable phrase expansion
C000328,"Psychological methodology, design and analysis",broader,Disciplinary or overlay context
C000328,"Psychological methodology, design and analysis literature",related,Literature-oriented retrieval expansion
C000329,Genetically modified horticulture plants,search_phrase,Canonical concept phrase
C000329,"""Genetically modified horticulture plants"" OR ""Genetically modified horticulture plants research""",high_recall,Database-adaptable phrase expansion
C000329,Genetically modified horticulture plants,broader,Disciplinary or overlay context
C000329,Genetically modified horticulture plants literature,related,Literature-oriented retrieval expansion
C000330,Enzymes,search_phrase,Canonical concept phrase
C000330,"""Enzymes"" OR ""Enzymes research""",high_recall,Database-adaptable phrase expansion
C000330,Enzymes,broader,Disciplinary or overlay context
C000330,Enzymes literature,related,Literature-oriented retrieval expansion
C000331,Clinical microbiology,search_phrase,Canonical concept phrase
C000331,"""Clinical microbiology"" OR ""Clinical microbiology research""",high_recall,Database-adaptable phrase expansion
C000331,Clinical microbiology,broader,Disciplinary or overlay context
C000331,Clinical microbiology literature,related,Literature-oriented retrieval expansion
C000332,Architecture for disaster relief,search_phrase,Canonical concept phrase
C000332,"""Architecture for disaster relief"" OR ""Architecture for disaster relief research""",high_recall,Database-adaptable phrase expansion
C000332,Architecture for disaster relief,broader,Disciplinary or overlay context
C000332,Architecture for disaster relief literature,related,Literature-oriented retrieval expansion
C000333,Metabolomic chemistry,search_phrase,Canonical concept phrase
C000333,"""Metabolomic chemistry"" OR ""Metabolomic chemistry research""",high_recall,Database-adaptable phrase expansion
C000333,Metabolomic chemistry,broader,Disciplinary or overlay context
C000333,Metabolomic chemistry literature,related,Literature-oriented retrieval expansion
C000334,Not-for-profit accounting and accountability,search_phrase,Canonical concept phrase
C000334,"""Not-for-profit accounting and accountability"" OR ""Not-for-profit accounting and accountability research""",high_recall,Database-adaptable phrase expansion
C000334,Not-for-profit accounting and accountability,broader,Disciplinary or overlay context
C000334,Not-for-profit accounting and accountability literature,related,Literature-oriented retrieval expansion
C000335,Digital writing,search_phrase,Canonical concept phrase
C000335,"""Digital writing"" OR ""Digital writing research""",high_recall,Database-adaptable phrase expansion
C000335,Digital writing,broader,Disciplinary or overlay context
C000335,Digital writing literature,related,Literature-oriented retrieval expansion
C000336,Atmospheric radiation,search_phrase,Canonical concept phrase
C000336,"""Atmospheric radiation"" OR ""Atmospheric radiation research""",high_recall,Database-adaptable phrase expansion
C000336,Atmospheric radiation,broader,Disciplinary or overlay context
C000336,Atmospheric radiation literature,related,Literature-oriented retrieval expansion
C000337,Experimental economics,search_phrase,Canonical concept phrase
C000337,"""Experimental economics"" OR ""Experimental economics research""",high_recall,Database-adaptable phrase expansion
C000337,Experimental economics,broader,Disciplinary or overlay context
C000337,Experimental economics literature,related,Literature-oriented retrieval expansion
C000338,Geography education curriculum and pedagogy,search_phrase,Canonical concept phrase
C000338,"""Geography education curriculum and pedagogy"" OR ""Geography education curriculum and pedagogy research""",high_recall,Database-adaptable phrase expansion
C000338,Geography education curriculum and pedagogy,broader,Disciplinary or overlay context
C000338,Geography education curriculum and pedagogy literature,related,Literature-oriented retrieval expansion
C000339,Hypersonic propulsion and hypersonic aerothermodynamics,search_phrase,Canonical concept phrase
C000339,"""Hypersonic propulsion and hypersonic aerothermodynamics"" OR ""Hypersonic propulsion and hypersonic aerothermodynamics research""",high_recall,Database-adaptable phrase expansion
C000339,Hypersonic propulsion and hypersonic aerothermodynamics,broader,Disciplinary or overlay context
C000339,Hypersonic propulsion and hypersonic aerothermodynamics literature,related,Literature-oriented retrieval expansion
C000340,Ecosystem function,search_phrase,Canonical concept phrase
C000340,"""Ecosystem function"" OR ""Ecosystem function research""",high_recall,Database-adaptable phrase expansion
C000340,Ecosystem function,broader,Disciplinary or overlay context
C000340,Ecosystem function literature,related,Literature-oriented retrieval expansion
C000341,Physiotherapy,search_phrase,Canonical concept phrase
C000341,"""Physiotherapy"" OR ""Physiotherapy research""",high_recall,Database-adaptable phrase expansion
C000341,Physiotherapy,broader,Disciplinary or overlay context
C000341,Physiotherapy literature,related,Literature-oriented retrieval expansion
C000342,Digital archaeology,search_phrase,Canonical concept phrase
C000342,"""Digital archaeology"" OR ""Digital archaeology research""",high_recall,Database-adaptable phrase expansion
C000342,Digital archaeology,broader,Disciplinary or overlay context
C000342,Digital archaeology literature,related,Literature-oriented retrieval expansion
C000343,Medical anthropology,search_phrase,Canonical concept phrase
C000343,"""Medical anthropology"" OR ""Medical anthropology research""",high_recall,Database-adaptable phrase expansion
C000343,Medical anthropology,broader,Disciplinary or overlay context
C000343,Medical anthropology literature,related,Literature-oriented retrieval expansion
C000344,Aboriginal and Torres Strait Islander ethics,search_phrase,Canonical concept phrase
C000344,"""Aboriginal and Torres Strait Islander ethics"" OR ""Aboriginal and Torres Strait Islander ethics research""",high_recall,Database-adaptable phrase expansion
C000344,Aboriginal and Torres Strait Islander ethics,broader,Disciplinary or overlay context
C000344,Aboriginal and Torres Strait Islander ethics literature,related,Literature-oriented retrieval expansion
C000345,Spatial data and applications,search_phrase,Canonical concept phrase
C000345,"""Spatial data and applications"" OR ""Spatial data and applications research""",high_recall,Database-adaptable phrase expansion
C000345,Spatial data and applications,broader,Disciplinary or overlay context
C000345,Spatial data and applications literature,related,Literature-oriented retrieval expansion
C000346,Media industry studies,search_phrase,Canonical concept phrase
C000346,"""Media industry studies"" OR ""Media industry studies research""",high_recall,Database-adaptable phrase expansion
C000346,Media industry studies,broader,Disciplinary or overlay context
C000346,Media industry studies literature,related,Literature-oriented retrieval expansion
C000347,Taxation law,search_phrase,Canonical concept phrase
C000347,"""Taxation law"" OR ""Taxation law research""",high_recall,Database-adaptable phrase expansion
C000347,Taxation law,broader,Disciplinary or overlay context
C000347,Taxation law literature,related,Literature-oriented retrieval expansion
C000348,Financial mathematics,search_phrase,Canonical concept phrase
C000348,"""Financial mathematics"" OR ""Financial mathematics research""",high_recall,Database-adaptable phrase expansion
C000348,Financial mathematics,broader,Disciplinary or overlay context
C000348,Financial mathematics literature,related,Literature-oriented retrieval expansion
C000349,Medical ethics,search_phrase,Canonical concept phrase
C000349,"""Medical ethics"" OR ""Medical ethics research""",high_recall,Database-adaptable phrase expansion
C000349,Medical ethics,broader,Disciplinary or overlay context
C000349,Medical ethics literature,related,Literature-oriented retrieval expansion
C000350,High energy astrophysics and galactic cosmic rays,search_phrase,Canonical concept phrase
C000350,"""High energy astrophysics and galactic cosmic rays"" OR ""High energy astrophysics and galactic cosmic rays research""",high_recall,Database-adaptable phrase expansion
C000350,High energy astrophysics and galactic cosmic rays,broader,Disciplinary or overlay context
C000350,High energy astrophysics and galactic cosmic rays literature,related,Literature-oriented retrieval expansion
C000351,Psychology of ageing,search_phrase,Canonical concept phrase
C000351,"""Psychology of ageing"" OR ""Psychology of ageing research""",high_recall,Database-adaptable phrase expansion
C000351,Psychology of ageing,broader,Disciplinary or overlay context
C000351,Psychology of ageing literature,related,Literature-oriented retrieval expansion
C000352,Genetically modified trees,search_phrase,Canonical concept phrase
C000352,"""Genetically modified trees"" OR ""Genetically modified trees research""",high_recall,Database-adaptable phrase expansion
C000352,Genetically modified trees,broader,Disciplinary or overlay context
C000352,Genetically modified trees literature,related,Literature-oriented retrieval expansion
C000353,Glycobiology,search_phrase,Canonical concept phrase
C000353,"""Glycobiology"" OR ""Glycobiology research""",high_recall,Database-adaptable phrase expansion
C000353,Glycobiology,broader,Disciplinary or overlay context
C000353,Glycobiology literature,related,Literature-oriented retrieval expansion
C000354,Clinimetrics,search_phrase,Canonical concept phrase
C000354,"""Clinimetrics"" OR ""Clinimetrics research""",high_recall,Database-adaptable phrase expansion
C000354,Clinimetrics,broader,Disciplinary or overlay context
C000354,Clinimetrics literature,related,Literature-oriented retrieval expansion
C000355,Architecture management,search_phrase,Canonical concept phrase
C000355,"""Architecture management"" OR ""Architecture management research""",high_recall,Database-adaptable phrase expansion
C000355,Architecture management,broader,Disciplinary or overlay context
C000355,Architecture management literature,related,Literature-oriented retrieval expansion
C000356,"Quality assurance, chemometrics, traceability and metrological chemistry",search_phrase,Canonical concept phrase
C000356,"""Quality assurance, chemometrics, traceability and metrological chemistry"" OR ""Quality assurance, chemometrics, traceability and metrological chemistry research""",high_recall,Database-adaptable phrase expansion
C000356,"Quality assurance, chemometrics, traceability and metrological chemistry",broader,Disciplinary or overlay context
C000356,"Quality assurance, chemometrics, traceability and metrological chemistry literature",related,Literature-oriented retrieval expansion
C000357,Sustainability accounting and reporting,search_phrase,Canonical concept phrase
C000357,"""Sustainability accounting and reporting"" OR ""Sustainability accounting and reporting research""",high_recall,Database-adaptable phrase expansion
C000357,Sustainability accounting and reporting,broader,Disciplinary or overlay context
C000357,Sustainability accounting and reporting literature,related,Literature-oriented retrieval expansion
C000358,Professional writing and journalism practice,search_phrase,Canonical concept phrase
C000358,"""Professional writing and journalism practice"" OR ""Professional writing and journalism practice research""",high_recall,Database-adaptable phrase expansion
C000358,Professional writing and journalism practice,broader,Disciplinary or overlay context
C000358,Professional writing and journalism practice literature,related,Literature-oriented retrieval expansion
C000359,Cloud physics,search_phrase,Canonical concept phrase
C000359,"""Cloud physics"" OR ""Cloud physics research""",high_recall,Database-adaptable phrase expansion
C000359,Cloud physics,broader,Disciplinary or overlay context
C000359,Cloud physics literature,related,Literature-oriented retrieval expansion
C000360,Financial economics,search_phrase,Canonical concept phrase
C000360,"""Financial economics"" OR ""Financial economics research""",high_recall,Database-adaptable phrase expansion
C000360,Financial economics,broader,Disciplinary or overlay context
C000360,Financial economics literature,related,Literature-oriented retrieval expansion
C000361,"Humanities and social sciences curriculum and pedagogy (excl. economics, business and management)",search_phrase,Canonical concept phrase
C000361,"""Humanities and social sciences curriculum and pedagogy (excl. economics, business and management)"" OR ""Humanities and social sciences curriculum and pedagogy (excl. economics, business and management) research""",high_recall,Database-adaptable phrase expansion
C000361,"Humanities and social sciences curriculum and pedagogy (excl. economics, business and management)",broader,Disciplinary or overlay context
C000361,"Humanities and social sciences curriculum and pedagogy (excl. economics, business and management) literature",related,Literature-oriented retrieval expansion
C000362,"Satellite, space vehicle and missile design and testing",search_phrase,Canonical concept phrase
C000362,"""Satellite, space vehicle and missile design and testing"" OR ""Satellite, space vehicle and missile design and testing research""",high_recall,Database-adaptable phrase expansion
C000362,"Satellite, space vehicle and missile design and testing",broader,Disciplinary or overlay context
C000362,"Satellite, space vehicle and missile design and testing literature",related,Literature-oriented retrieval expansion
C000363,Ecosystem services (incl. pollination),search_phrase,Canonical concept phrase
C000363,"""Ecosystem services (incl. pollination)"" OR ""Ecosystem services (incl. pollination) research""",high_recall,Database-adaptable phrase expansion
C000363,Ecosystem services (incl. pollination),broader,Disciplinary or overlay context
C000363,Ecosystem services (incl. pollination) literature,related,Literature-oriented retrieval expansion
C000364,Podiatry,search_phrase,Canonical concept phrase
C000364,"""Podiatry"" OR ""Podiatry research""",high_recall,Database-adaptable phrase expansion
C000364,Podiatry,broader,Disciplinary or overlay context
C000364,Podiatry literature,related,Literature-oriented retrieval expansion
C000365,Historical archaeology (incl. industrial archaeology),search_phrase,Canonical concept phrase
C000365,"""Historical archaeology (incl. industrial archaeology)"" OR ""Historical archaeology (incl. industrial archaeology) research""",high_recall,Database-adaptable phrase expansion
C000365,Historical archaeology (incl. industrial archaeology),broader,Disciplinary or overlay context
C000365,Historical archaeology (incl. industrial archaeology) literature,related,Literature-oriented retrieval expansion
C000366,Social and cultural anthropology,search_phrase,Canonical concept phrase
C000366,"""Social and cultural anthropology"" OR ""Social and cultural anthropology research""",high_recall,Database-adaptable phrase expansion
C000366,Social and cultural anthropology,broader,Disciplinary or overlay context
C000366,Social and cultural anthropology literature,related,Literature-oriented retrieval expansion
C000367,Aboriginal and Torres Strait Islander history,search_phrase,Canonical concept phrase
C000367,"""Aboriginal and Torres Strait Islander history"" OR ""Aboriginal and Torres Strait Islander history research""",high_recall,Database-adaptable phrase expansion
C000367,Aboriginal and Torres Strait Islander history,broader,Disciplinary or overlay context
C000367,Aboriginal and Torres Strait Islander history literature,related,Literature-oriented retrieval expansion
C000368,Artificial life and complex adaptive systems,search_phrase,Canonical concept phrase
C000368,"""Artificial life and complex adaptive systems"" OR ""Artificial life and complex adaptive systems research""",high_recall,Database-adaptable phrase expansion
C000368,Artificial life and complex adaptive systems,broader,Disciplinary or overlay context
C000368,Artificial life and complex adaptive systems literature,related,Literature-oriented retrieval expansion
C000369,Media studies,search_phrase,Canonical concept phrase
C000369,"""Media studies"" OR ""Media studies research""",high_recall,Database-adaptable phrase expansion
C000369,Media studies,broader,Disciplinary or overlay context
C000369,Media studies literature,related,Literature-oriented retrieval expansion
C000370,Animal law,search_phrase,Canonical concept phrase
C000370,"""Animal law"" OR ""Animal law research""",high_recall,Database-adaptable phrase expansion
C000370,Animal law,broader,Disciplinary or overlay context
C000370,Animal law literature,related,Literature-oriented retrieval expansion
C000371,Mathematical methods and special functions,search_phrase,Canonical concept phrase
C000371,"""Mathematical methods and special functions"" OR ""Mathematical methods and special functions research""",high_recall,Database-adaptable phrase expansion
C000371,Mathematical methods and special functions,broader,Disciplinary or overlay context
C000371,Mathematical methods and special functions literature,related,Literature-oriented retrieval expansion
C000372,Professional ethics,search_phrase,Canonical concept phrase
C000372,"""Professional ethics"" OR ""Professional ethics research""",high_recall,Database-adaptable phrase expansion
C000372,Professional ethics,broader,Disciplinary or overlay context
C000372,Professional ethics literature,related,Literature-oriented retrieval expansion
C000373,Planetary science (excl. solar system and planetary geology),search_phrase,Canonical concept phrase
C000373,"""Planetary science (excl. solar system and planetary geology)"" OR ""Planetary science (excl. solar system and planetary geology) research""",high_recall,Database-adaptable phrase expansion
C000373,Planetary science (excl. solar system and planetary geology),broader,Disciplinary or overlay context
C000373,Planetary science (excl. solar system and planetary geology) literature,related,Literature-oriented retrieval expansion
C000374,Sport and exercise psychology,search_phrase,Canonical concept phrase
C000374,"""Sport and exercise psychology"" OR ""Sport and exercise psychology research""",high_recall,Database-adaptable phrase expansion
C000374,Sport and exercise psychology,broader,Disciplinary or overlay context
C000374,Sport and exercise psychology literature,related,Literature-oriented retrieval expansion
C000375,Livestock cloning,search_phrase,Canonical concept phrase
C000375,"""Livestock cloning"" OR ""Livestock cloning research""",high_recall,Database-adaptable phrase expansion
C000375,Livestock cloning,broader,Disciplinary or overlay context
C000375,Livestock cloning literature,related,Literature-oriented retrieval expansion
C000376,Protein trafficking,search_phrase,Canonical concept phrase
C000376,"""Protein trafficking"" OR ""Protein trafficking research""",high_recall,Database-adaptable phrase expansion
C000376,Protein trafficking,broader,Disciplinary or overlay context
C000376,Protein trafficking literature,related,Literature-oriented retrieval expansion
C000377,Dermatology,search_phrase,Canonical concept phrase
C000377,"""Dermatology"" OR ""Dermatology research""",high_recall,Database-adaptable phrase expansion
C000377,Dermatology,broader,Disciplinary or overlay context
C000377,Dermatology literature,related,Literature-oriented retrieval expansion
C000378,Interior design,search_phrase,Canonical concept phrase
C000378,"""Interior design"" OR ""Interior design research""",high_recall,Database-adaptable phrase expansion
C000378,Interior design,broader,Disciplinary or overlay context
C000378,Interior design literature,related,Literature-oriented retrieval expansion
C000379,Sensor technology (incl. chemical aspects),search_phrase,Canonical concept phrase
C000379,"""Sensor technology (incl. chemical aspects)"" OR ""Sensor technology (incl. chemical aspects) research""",high_recall,Database-adaptable phrase expansion
C000379,Sensor technology (incl. chemical aspects),broader,Disciplinary or overlay context
C000379,Sensor technology (incl. chemical aspects) literature,related,Literature-oriented retrieval expansion
C000380,Taxation accounting,search_phrase,Canonical concept phrase
C000380,"""Taxation accounting"" OR ""Taxation accounting research""",high_recall,Database-adaptable phrase expansion
C000380,Taxation accounting,broader,Disciplinary or overlay context
C000380,Taxation accounting literature,related,Literature-oriented retrieval expansion
C000381,Site-based writing,search_phrase,Canonical concept phrase
C000381,"""Site-based writing"" OR ""Site-based writing research""",high_recall,Database-adaptable phrase expansion
C000381,Site-based writing,broader,Disciplinary or overlay context
C000381,Site-based writing literature,related,Literature-oriented retrieval expansion
C000382,Meteorology,search_phrase,Canonical concept phrase
C000382,"""Meteorology"" OR ""Meteorology research""",high_recall,Database-adaptable phrase expansion
C000382,Meteorology,broader,Disciplinary or overlay context
C000382,Meteorology literature,related,Literature-oriented retrieval expansion
C000383,Health economics,search_phrase,Canonical concept phrase
C000383,"""Health economics"" OR ""Health economics research""",high_recall,Database-adaptable phrase expansion
C000383,Health economics,broader,Disciplinary or overlay context
C000383,Health economics literature,related,Literature-oriented retrieval expansion
C000384,"LOTE, ESL and TESOL curriculum and pedagogy",search_phrase,Canonical concept phrase
C000384,"""LOTE, ESL and TESOL curriculum and pedagogy"" OR ""LOTE, ESL and TESOL curriculum and pedagogy research""",high_recall,Database-adaptable phrase expansion
C000384,"LOTE, ESL and TESOL curriculum and pedagogy",broader,Disciplinary or overlay context
C000384,"LOTE, ESL and TESOL curriculum and pedagogy literature",related,Literature-oriented retrieval expansion
C000385,Automotive combustion and fuel engineering,search_phrase,Canonical concept phrase
C000385,"""Automotive combustion and fuel engineering"" OR ""Automotive combustion and fuel engineering research""",high_recall,Database-adaptable phrase expansion
C000385,Automotive combustion and fuel engineering,broader,Disciplinary or overlay context
C000385,Automotive combustion and fuel engineering literature,related,Literature-oriented retrieval expansion
C000386,Fire ecology,search_phrase,Canonical concept phrase
C000386,"""Fire ecology"" OR ""Fire ecology research""",high_recall,Database-adaptable phrase expansion
C000386,Fire ecology,broader,Disciplinary or overlay context
C000386,Fire ecology literature,related,Literature-oriented retrieval expansion
C000387,Prosthetics and orthotics,search_phrase,Canonical concept phrase
C000387,"""Prosthetics and orthotics"" OR ""Prosthetics and orthotics research""",high_recall,Database-adaptable phrase expansion
C000387,Prosthetics and orthotics,broader,Disciplinary or overlay context
C000387,Prosthetics and orthotics literature,related,Literature-oriented retrieval expansion
C000388,Maritime archaeology,search_phrase,Canonical concept phrase
C000388,"""Maritime archaeology"" OR ""Maritime archaeology research""",high_recall,Database-adaptable phrase expansion
C000388,Maritime archaeology,broader,Disciplinary or overlay context
C000388,Maritime archaeology literature,related,Literature-oriented retrieval expansion
C000389,Causes and prevention of crime,search_phrase,Canonical concept phrase
C000389,"""Causes and prevention of crime"" OR ""Causes and prevention of crime research""",high_recall,Database-adaptable phrase expansion
C000389,Causes and prevention of crime,broader,Disciplinary or overlay context
C000389,Causes and prevention of crime literature,related,Literature-oriented retrieval expansion
C000390,Aboriginal and Torres Strait Islander linguistics and languages,search_phrase,Canonical concept phrase
C000390,"""Aboriginal and Torres Strait Islander linguistics and languages"" OR ""Aboriginal and Torres Strait Islander linguistics and languages research""",high_recall,Database-adaptable phrase expansion
C000390,Aboriginal and Torres Strait Islander linguistics and languages,broader,Disciplinary or overlay context
C000390,Aboriginal and Torres Strait Islander linguistics and languages literature,related,Literature-oriented retrieval expansion
C000391,Autonomous agents and multiagent systems,search_phrase,Canonical concept phrase
C000391,"""Autonomous agents and multiagent systems"" OR ""Autonomous agents and multiagent systems research""",high_recall,Database-adaptable phrase expansion
C000391,Autonomous agents and multiagent systems,broader,Disciplinary or overlay context
C000391,Autonomous agents and multiagent systems literature,related,Literature-oriented retrieval expansion
C000392,"Organisational, interpersonal and intercultural communication",search_phrase,Canonical concept phrase
C000392,"""Organisational, interpersonal and intercultural communication"" OR ""Organisational, interpersonal and intercultural communication research""",high_recall,Database-adaptable phrase expansion
C000392,"Organisational, interpersonal and intercultural communication",broader,Disciplinary or overlay context
C000392,"Organisational, interpersonal and intercultural communication literature",related,Literature-oriented retrieval expansion
C000393,Climate change law,search_phrase,Canonical concept phrase
C000393,"""Climate change law"" OR ""Climate change law research""",high_recall,Database-adaptable phrase expansion
C000393,Climate change law,broader,Disciplinary or overlay context
C000393,Climate change law literature,related,Literature-oriented retrieval expansion
C000394,Operations research,search_phrase,Canonical concept phrase
C000394,"""Operations research"" OR ""Operations research research""",high_recall,Database-adaptable phrase expansion
C000394,Operations research,broader,Disciplinary or overlay context
C000394,Operations research literature,related,Literature-oriented retrieval expansion
C000395,History and philosophy of engineering and technology,search_phrase,Canonical concept phrase
C000395,"""History and philosophy of engineering and technology"" OR ""History and philosophy of engineering and technology research""",high_recall,Database-adaptable phrase expansion
C000395,History and philosophy of engineering and technology,broader,Disciplinary or overlay context
C000395,History and philosophy of engineering and technology literature,related,Literature-oriented retrieval expansion
C000396,Solar physics,search_phrase,Canonical concept phrase
C000396,"""Solar physics"" OR ""Solar physics research""",high_recall,Database-adaptable phrase expansion
C000396,Solar physics,broader,Disciplinary or overlay context
C000396,Solar physics literature,related,Literature-oriented retrieval expansion
C000397,"Testing, assessment and psychometrics",search_phrase,Canonical concept phrase
C000397,"""Testing, assessment and psychometrics"" OR ""Testing, assessment and psychometrics research""",high_recall,Database-adaptable phrase expansion
C000397,"Testing, assessment and psychometrics",broader,Disciplinary or overlay context
C000397,"Testing, assessment and psychometrics literature",related,Literature-oriented retrieval expansion
C000398,Non-genetically modified uses of biotechnology,search_phrase,Canonical concept phrase
C000398,"""Non-genetically modified uses of biotechnology"" OR ""Non-genetically modified uses of biotechnology research""",high_recall,Database-adaptable phrase expansion
C000398,Non-genetically modified uses of biotechnology,broader,Disciplinary or overlay context
C000398,Non-genetically modified uses of biotechnology literature,related,Literature-oriented retrieval expansion
C000399,Proteomics and intermolecular interactions (excl. medical proteomics),search_phrase,Canonical concept phrase
C000399,"""Proteomics and intermolecular interactions (excl. medical proteomics)"" OR ""Proteomics and intermolecular interactions (excl. medical proteomics) research""",high_recall,Database-adaptable phrase expansion
C000399,Proteomics and intermolecular interactions (excl. medical proteomics),broader,Disciplinary or overlay context
C000399,Proteomics and intermolecular interactions (excl. medical proteomics) literature,related,Literature-oriented retrieval expansion
C000400,Diagnostic radiography,search_phrase,Canonical concept phrase
C000400,"""Diagnostic radiography"" OR ""Diagnostic radiography research""",high_recall,Database-adaptable phrase expansion
C000400,Diagnostic radiography,broader,Disciplinary or overlay context
C000400,Diagnostic radiography literature,related,Literature-oriented retrieval expansion
C000401,Landscape architecture,search_phrase,Canonical concept phrase
C000401,"""Landscape architecture"" OR ""Landscape architecture research""",high_recall,Database-adaptable phrase expansion
C000401,Landscape architecture,broader,Disciplinary or overlay context
C000401,Landscape architecture literature,related,Literature-oriented retrieval expansion
C000402,Separation science,search_phrase,Canonical concept phrase
C000402,"""Separation science"" OR ""Separation science research""",high_recall,Database-adaptable phrase expansion
C000402,Separation science,broader,Disciplinary or overlay context
C000402,Separation science literature,related,Literature-oriented retrieval expansion
C000403,Environment and climate finance,search_phrase,Canonical concept phrase
C000403,"""Environment and climate finance"" OR ""Environment and climate finance research""",high_recall,Database-adaptable phrase expansion
C000403,Environment and climate finance,broader,Disciplinary or overlay context
C000403,Environment and climate finance literature,related,Literature-oriented retrieval expansion
C000404,Technical writing,search_phrase,Canonical concept phrase
C000404,"""Technical writing"" OR ""Technical writing research""",high_recall,Database-adaptable phrase expansion
C000404,Technical writing,broader,Disciplinary or overlay context
C000404,Technical writing literature,related,Literature-oriented retrieval expansion
C000405,Tropospheric and stratospheric physics,search_phrase,Canonical concept phrase
C000405,"""Tropospheric and stratospheric physics"" OR ""Tropospheric and stratospheric physics research""",high_recall,Database-adaptable phrase expansion
C000405,Tropospheric and stratospheric physics,broader,Disciplinary or overlay context
C000405,Tropospheric and stratospheric physics literature,related,Literature-oriented retrieval expansion
C000406,Industry economics and industrial organisation,search_phrase,Canonical concept phrase
C000406,"""Industry economics and industrial organisation"" OR ""Industry economics and industrial organisation research""",high_recall,Database-adaptable phrase expansion
C000406,Industry economics and industrial organisation,broader,Disciplinary or overlay context
C000406,Industry economics and industrial organisation literature,related,Literature-oriented retrieval expansion
C000407,Mathematics and numeracy curriculum and pedagogy,search_phrase,Canonical concept phrase
C000407,"""Mathematics and numeracy curriculum and pedagogy"" OR ""Mathematics and numeracy curriculum and pedagogy research""",high_recall,Database-adaptable phrase expansion
C000407,Mathematics and numeracy curriculum and pedagogy,broader,Disciplinary or overlay context
C000407,Mathematics and numeracy curriculum and pedagogy literature,related,Literature-oriented retrieval expansion
C000408,Automotive engineering materials,search_phrase,Canonical concept phrase
C000408,"""Automotive engineering materials"" OR ""Automotive engineering materials research""",high_recall,Database-adaptable phrase expansion
C000408,Automotive engineering materials,broader,Disciplinary or overlay context
C000408,Automotive engineering materials literature,related,Literature-oriented retrieval expansion
C000409,Landscape ecology,search_phrase,Canonical concept phrase
C000409,"""Landscape ecology"" OR ""Landscape ecology research""",high_recall,Database-adaptable phrase expansion
C000409,Landscape ecology,broader,Disciplinary or overlay context
C000409,Landscape ecology literature,related,Literature-oriented retrieval expansion
C000410,Rehabilitation,search_phrase,Canonical concept phrase
C000410,"""Rehabilitation"" OR ""Rehabilitation research""",high_recall,Database-adaptable phrase expansion
C000410,Rehabilitation,broader,Disciplinary or overlay context
C000410,Rehabilitation literature,related,Literature-oriented retrieval expansion
C000411,"Archival, repository and related studies",search_phrase,Canonical concept phrase
C000411,"""Archival, repository and related studies"" OR ""Archival, repository and related studies research""",high_recall,Database-adaptable phrase expansion
C000411,"Archival, repository and related studies",broader,Disciplinary or overlay context
C000411,"Archival, repository and related studies literature",related,Literature-oriented retrieval expansion
C000412,"Correctional theory, offender treatment and rehabilitation",search_phrase,Canonical concept phrase
C000412,"""Correctional theory, offender treatment and rehabilitation"" OR ""Correctional theory, offender treatment and rehabilitation research""",high_recall,Database-adaptable phrase expansion
C000412,"Correctional theory, offender treatment and rehabilitation",broader,Disciplinary or overlay context
C000412,"Correctional theory, offender treatment and rehabilitation literature",related,Literature-oriented retrieval expansion
C000413,"Aboriginal and Torres Strait Islander literature, journalism and professional writing",search_phrase,Canonical concept phrase
C000413,"""Aboriginal and Torres Strait Islander literature, journalism and professional writing"" OR ""Aboriginal and Torres Strait Islander literature, journalism and professional writing research""",high_recall,Database-adaptable phrase expansion
C000413,"Aboriginal and Torres Strait Islander literature, journalism and professional writing",broader,Disciplinary or overlay context
C000413,"Aboriginal and Torres Strait Islander literature, journalism and professional writing literature",related,Literature-oriented retrieval expansion
C000414,Evolutionary computation,search_phrase,Canonical concept phrase
C000414,"""Evolutionary computation"" OR ""Evolutionary computation research""",high_recall,Database-adaptable phrase expansion
C000414,Evolutionary computation,broader,Disciplinary or overlay context
C000414,Evolutionary computation literature,related,Literature-oriented retrieval expansion
C000415,Arts and cultural policy,search_phrase,Canonical concept phrase
C000415,"""Arts and cultural policy"" OR ""Arts and cultural policy research""",high_recall,Database-adaptable phrase expansion
C000415,Arts and cultural policy,broader,Disciplinary or overlay context
C000415,Arts and cultural policy literature,related,Literature-oriented retrieval expansion
C000416,Environmental law,search_phrase,Canonical concept phrase
C000416,"""Environmental law"" OR ""Environmental law research""",high_recall,Database-adaptable phrase expansion
C000416,Environmental law,broader,Disciplinary or overlay context
C000416,Environmental law literature,related,Literature-oriented retrieval expansion
C000417,optimisation,search_phrase,Canonical concept phrase
C000417,"""optimisation"" OR ""optimisation research""",high_recall,Database-adaptable phrase expansion
C000417,Cross-domain mechanisms,broader,Disciplinary or overlay context
C000417,optimisation literature,related,Literature-oriented retrieval expansion
C000418,History and philosophy of law and justice,search_phrase,Canonical concept phrase
C000418,"""History and philosophy of law and justice"" OR ""History and philosophy of law and justice research""",high_recall,Database-adaptable phrase expansion
C000418,History and philosophy of law and justice,broader,Disciplinary or overlay context
C000418,History and philosophy of law and justice literature,related,Literature-oriented retrieval expansion
C000419,Stellar astronomy and planetary systems,search_phrase,Canonical concept phrase
C000419,"""Stellar astronomy and planetary systems"" OR ""Stellar astronomy and planetary systems research""",high_recall,Database-adaptable phrase expansion
C000419,Stellar astronomy and planetary systems,broader,Disciplinary or overlay context
C000419,Stellar astronomy and planetary systems literature,related,Literature-oriented retrieval expansion
C000420,Behavioural genetics,search_phrase,Canonical concept phrase
C000420,"""Behavioural genetics"" OR ""Behavioural genetics research""",high_recall,Database-adaptable phrase expansion
C000420,Behavioural genetics,broader,Disciplinary or overlay context
C000420,Behavioural genetics literature,related,Literature-oriented retrieval expansion
C000421,Transgenesis,search_phrase,Canonical concept phrase
C000421,"""Transgenesis"" OR ""Transgenesis research""",high_recall,Database-adaptable phrase expansion
C000421,Transgenesis,broader,Disciplinary or overlay context
C000421,Transgenesis literature,related,Literature-oriented retrieval expansion
C000422,Receptors and membrane biology,search_phrase,Canonical concept phrase
C000422,"""Receptors and membrane biology"" OR ""Receptors and membrane biology research""",high_recall,Database-adaptable phrase expansion
C000422,Receptors and membrane biology,broader,Disciplinary or overlay context
C000422,Receptors and membrane biology literature,related,Literature-oriented retrieval expansion
C000423,Emergency medicine,search_phrase,Canonical concept phrase
C000423,"""Emergency medicine"" OR ""Emergency medicine research""",high_recall,Database-adaptable phrase expansion
C000423,Emergency medicine,broader,Disciplinary or overlay context
C000423,Emergency medicine literature,related,Literature-oriented retrieval expansion
C000424,Sustainable architecture,search_phrase,Canonical concept phrase
C000424,"""Sustainable architecture"" OR ""Sustainable architecture research""",high_recall,Database-adaptable phrase expansion
C000424,Sustainable architecture,broader,Disciplinary or overlay context
C000424,Sustainable architecture literature,related,Literature-oriented retrieval expansion
C000425,Bioinorganic chemistry,search_phrase,Canonical concept phrase
C000425,"""Bioinorganic chemistry"" OR ""Bioinorganic chemistry research""",high_recall,Database-adaptable phrase expansion
C000425,Bioinorganic chemistry,broader,Disciplinary or overlay context
C000425,Bioinorganic chemistry literature,related,Literature-oriented retrieval expansion
C000426,Finance,search_phrase,Canonical concept phrase
C000426,"""Finance"" OR ""Finance research""",high_recall,Database-adaptable phrase expansion
C000426,Finance,broader,Disciplinary or overlay context
C000426,Finance literature,related,Literature-oriented retrieval expansion
C000427,Music cognition,search_phrase,Canonical concept phrase
C000427,"""Music cognition"" OR ""Music cognition research""",high_recall,Database-adaptable phrase expansion
C000427,Music cognition,broader,Disciplinary or overlay context
C000427,Music cognition literature,related,Literature-oriented retrieval expansion
C000428,Climate change processes,search_phrase,Canonical concept phrase
C000428,"""Climate change processes"" OR ""Climate change processes research""",high_recall,Database-adaptable phrase expansion
C000428,Climate change processes,broader,Disciplinary or overlay context
C000428,Climate change processes literature,related,Literature-oriented retrieval expansion
C000429,International economics,search_phrase,Canonical concept phrase
C000429,"""International economics"" OR ""International economics research""",high_recall,Database-adaptable phrase expansion
C000429,International economics,broader,Disciplinary or overlay context
C000429,International economics literature,related,Literature-oriented retrieval expansion
C000430,"Medicine, nursing and health curriculum and pedagogy",search_phrase,Canonical concept phrase
C000430,"""Medicine, nursing and health curriculum and pedagogy"" OR ""Medicine, nursing and health curriculum and pedagogy research""",high_recall,Database-adaptable phrase expansion
C000430,"Medicine, nursing and health curriculum and pedagogy",broader,Disciplinary or overlay context
C000430,"Medicine, nursing and health curriculum and pedagogy literature",related,Literature-oriented retrieval expansion
C000431,Automotive mechatronics and autonomous systems,search_phrase,Canonical concept phrase
C000431,"""Automotive mechatronics and autonomous systems"" OR ""Automotive mechatronics and autonomous systems research""",high_recall,Database-adaptable phrase expansion
C000431,Automotive mechatronics and autonomous systems,broader,Disciplinary or overlay context
C000431,Automotive mechatronics and autonomous systems literature,related,Literature-oriented retrieval expansion
C000432,Biodiscovery,search_phrase,Canonical concept phrase
C000432,"""Biodiscovery"" OR ""Biodiscovery research""",high_recall,Database-adaptable phrase expansion
C000432,Biodiscovery,broader,Disciplinary or overlay context
C000432,Biodiscovery literature,related,Literature-oriented retrieval expansion
C000433,Speech pathology,search_phrase,Canonical concept phrase
C000433,"""Speech pathology"" OR ""Speech pathology research""",high_recall,Database-adaptable phrase expansion
C000433,Speech pathology,broader,Disciplinary or overlay context
C000433,Speech pathology literature,related,Literature-oriented retrieval expansion
C000434,"Critical heritage, museum and archive studies",search_phrase,Canonical concept phrase
C000434,"""Critical heritage, museum and archive studies"" OR ""Critical heritage, museum and archive studies research""",high_recall,Database-adaptable phrase expansion
C000434,"Critical heritage, museum and archive studies",broader,Disciplinary or overlay context
C000434,"Critical heritage, museum and archive studies literature",related,Literature-oriented retrieval expansion
C000435,Courts and sentencing,search_phrase,Canonical concept phrase
C000435,"""Courts and sentencing"" OR ""Courts and sentencing research""",high_recall,Database-adaptable phrase expansion
C000435,Courts and sentencing,broader,Disciplinary or overlay context
C000435,Courts and sentencing literature,related,Literature-oriented retrieval expansion
C000436,"Aboriginal and Torres Strait Islander media, film, animation and photography",search_phrase,Canonical concept phrase
C000436,"""Aboriginal and Torres Strait Islander media, film, animation and photography"" OR ""Aboriginal and Torres Strait Islander media, film, animation and photography research""",high_recall,Database-adaptable phrase expansion
C000436,"Aboriginal and Torres Strait Islander media, film, animation and photography",broader,Disciplinary or overlay context
C000436,"Aboriginal and Torres Strait Islander media, film, animation and photography literature",related,Literature-oriented retrieval expansion
C000437,Fuzzy computation,search_phrase,Canonical concept phrase
C000437,"""Fuzzy computation"" OR ""Fuzzy computation research""",high_recall,Database-adaptable phrase expansion
C000437,Fuzzy computation,broader,Disciplinary or overlay context
C000437,Fuzzy computation literature,related,Literature-oriented retrieval expansion
C000438,Asian cultural studies,search_phrase,Canonical concept phrase
C000438,"""Asian cultural studies"" OR ""Asian cultural studies research""",high_recall,Database-adaptable phrase expansion
C000438,Asian cultural studies,broader,Disciplinary or overlay context
C000438,Asian cultural studies literature,related,Literature-oriented retrieval expansion
C000439,"Mining, energy and natural resources law",search_phrase,Canonical concept phrase
C000439,"""Mining, energy and natural resources law"" OR ""Mining, energy and natural resources law research""",high_recall,Database-adaptable phrase expansion
C000439,"Mining, energy and natural resources law",broader,Disciplinary or overlay context
C000439,"Mining, energy and natural resources law literature",related,Literature-oriented retrieval expansion
C000440,Algebraic structures in mathematical physics,search_phrase,Canonical concept phrase
C000440,"""Algebraic structures in mathematical physics"" OR ""Algebraic structures in mathematical physics research""",high_recall,Database-adaptable phrase expansion
C000440,Algebraic structures in mathematical physics,broader,Disciplinary or overlay context
C000440,Algebraic structures in mathematical physics literature,related,Literature-oriented retrieval expansion
C000441,History and philosophy of medicine,search_phrase,Canonical concept phrase
C000441,"""History and philosophy of medicine"" OR ""History and philosophy of medicine research""",high_recall,Database-adaptable phrase expansion
C000441,History and philosophy of medicine,broader,Disciplinary or overlay context
C000441,History and philosophy of medicine literature,related,Literature-oriented retrieval expansion
C000442,Atomic and molecular physics,search_phrase,Canonical concept phrase
C000442,"""Atomic and molecular physics"" OR ""Atomic and molecular physics research""",high_recall,Database-adaptable phrase expansion
C000442,Atomic and molecular physics,broader,Disciplinary or overlay context
C000442,Atomic and molecular physics literature,related,Literature-oriented retrieval expansion
C000443,Behavioural neuroscience,search_phrase,Canonical concept phrase
C000443,"""Behavioural neuroscience"" OR ""Behavioural neuroscience research""",high_recall,Database-adaptable phrase expansion
C000443,Behavioural neuroscience,broader,Disciplinary or overlay context
C000443,Behavioural neuroscience literature,related,Literature-oriented retrieval expansion
C000444,Agricultural hydrology,search_phrase,Canonical concept phrase
C000444,"""Agricultural hydrology"" OR ""Agricultural hydrology research""",high_recall,Database-adaptable phrase expansion
C000444,Agricultural hydrology,broader,Disciplinary or overlay context
C000444,Agricultural hydrology literature,related,Literature-oriented retrieval expansion
C000445,Signal transduction,search_phrase,Canonical concept phrase
C000445,"""Signal transduction"" OR ""Signal transduction research""",high_recall,Database-adaptable phrase expansion
C000445,Signal transduction,broader,Disciplinary or overlay context
C000445,Signal transduction literature,related,Literature-oriented retrieval expansion
C000446,Endocrinology,search_phrase,Canonical concept phrase
C000446,"""Endocrinology"" OR ""Endocrinology research""",high_recall,Database-adaptable phrase expansion
C000446,Endocrinology,broader,Disciplinary or overlay context
C000446,Endocrinology literature,related,Literature-oriented retrieval expansion
C000447,Automation and technology in building and construction,search_phrase,Canonical concept phrase
C000447,"""Automation and technology in building and construction"" OR ""Automation and technology in building and construction research""",high_recall,Database-adaptable phrase expansion
C000447,Automation and technology in building and construction,broader,Disciplinary or overlay context
C000447,Automation and technology in building and construction literature,related,Literature-oriented retrieval expansion
C000448,Crystallography,search_phrase,Canonical concept phrase
C000448,"""Crystallography"" OR ""Crystallography research""",high_recall,Database-adaptable phrase expansion
C000448,Crystallography,broader,Disciplinary or overlay context
C000448,Crystallography literature,related,Literature-oriented retrieval expansion
C000449,Financial econometrics,search_phrase,Canonical concept phrase
C000449,"""Financial econometrics"" OR ""Financial econometrics research""",high_recall,Database-adaptable phrase expansion
C000449,Financial econometrics,broader,Disciplinary or overlay context
C000449,Financial econometrics literature,related,Literature-oriented retrieval expansion
C000450,Music composition and improvisation,search_phrase,Canonical concept phrase
C000450,"""Music composition and improvisation"" OR ""Music composition and improvisation research""",high_recall,Database-adaptable phrase expansion
C000450,Music composition and improvisation,broader,Disciplinary or overlay context
C000450,Music composition and improvisation literature,related,Literature-oriented retrieval expansion
C000451,Climatology,search_phrase,Canonical concept phrase
C000451,"""Climatology"" OR ""Climatology research""",high_recall,Database-adaptable phrase expansion
C000451,Climatology,broader,Disciplinary or overlay context
C000451,Climatology literature,related,Literature-oriented retrieval expansion
C000452,Labour economics,search_phrase,Canonical concept phrase
C000452,"""Labour economics"" OR ""Labour economics research""",high_recall,Database-adaptable phrase expansion
C000452,Labour economics,broader,Disciplinary or overlay context
C000452,Labour economics literature,related,Literature-oriented retrieval expansion
C000453,Physical education and development curriculum and pedagogy,search_phrase,Canonical concept phrase
C000453,"""Physical education and development curriculum and pedagogy"" OR ""Physical education and development curriculum and pedagogy research""",high_recall,Database-adaptable phrase expansion
C000453,Physical education and development curriculum and pedagogy,broader,Disciplinary or overlay context
C000453,Physical education and development curriculum and pedagogy literature,related,Literature-oriented retrieval expansion
C000454,Automotive safety engineering,search_phrase,Canonical concept phrase
C000454,"""Automotive safety engineering"" OR ""Automotive safety engineering research""",high_recall,Database-adaptable phrase expansion
C000454,Automotive safety engineering,broader,Disciplinary or overlay context
C000454,Automotive safety engineering literature,related,Literature-oriented retrieval expansion
C000455,Biological control,search_phrase,Canonical concept phrase
C000455,"""Biological control"" OR ""Biological control research""",high_recall,Database-adaptable phrase expansion
C000455,Biological control,broader,Disciplinary or overlay context
C000455,Biological control literature,related,Literature-oriented retrieval expansion
C000456,Behavioural epidemiology,search_phrase,Canonical concept phrase
C000456,"""Behavioural epidemiology"" OR ""Behavioural epidemiology research""",high_recall,Database-adaptable phrase expansion
C000456,Behavioural epidemiology,broader,Disciplinary or overlay context
C000456,Behavioural epidemiology literature,related,Literature-oriented retrieval expansion
C000457,Cultural heritage management (incl. world heritage),search_phrase,Canonical concept phrase
C000457,"""Cultural heritage management (incl. world heritage)"" OR ""Cultural heritage management (incl. world heritage) research""",high_recall,Database-adaptable phrase expansion
C000457,Cultural heritage management (incl. world heritage),broader,Disciplinary or overlay context
C000457,Cultural heritage management (incl. world heritage) literature,related,Literature-oriented retrieval expansion
C000458,Crime and social justice,search_phrase,Canonical concept phrase
C000458,"""Crime and social justice"" OR ""Crime and social justice research""",high_recall,Database-adaptable phrase expansion
C000458,Crime and social justice,broader,Disciplinary or overlay context
C000458,Crime and social justice literature,related,Literature-oriented retrieval expansion
C000459,Aboriginal and Torres Strait Islander music and performing arts,search_phrase,Canonical concept phrase
C000459,"""Aboriginal and Torres Strait Islander music and performing arts"" OR ""Aboriginal and Torres Strait Islander music and performing arts research""",high_recall,Database-adaptable phrase expansion
C000459,Aboriginal and Torres Strait Islander music and performing arts,broader,Disciplinary or overlay context
C000459,Aboriginal and Torres Strait Islander music and performing arts literature,related,Literature-oriented retrieval expansion
C000460,Intelligent robotics,search_phrase,Canonical concept phrase
C000460,"""Intelligent robotics"" OR ""Intelligent robotics research""",high_recall,Database-adaptable phrase expansion
C000460,Intelligent robotics,broader,Disciplinary or overlay context
C000460,Intelligent robotics literature,related,Literature-oriented retrieval expansion
C000461,state,search_phrase,Canonical concept phrase
C000461,"""state"" OR ""state research""",high_recall,Database-adaptable phrase expansion
C000461,Cross-domain mechanisms,broader,Disciplinary or overlay context
C000461,state literature,related,Literature-oriented retrieval expansion
C000462,field,search_phrase,Canonical concept phrase
C000462,"""field"" OR ""field research""",high_recall,Database-adaptable phrase expansion
C000462,Cross-domain mechanisms,broader,Disciplinary or overlay context
C000462,field literature,related,Literature-oriented retrieval expansion
C000463,phase,search_phrase,Canonical concept phrase
C000463,"""phase"" OR ""phase research""",high_recall,Database-adaptable phrase expansion
C000463,Cross-domain mechanisms,broader,Disciplinary or overlay context
C000463,phase literature,related,Literature-oriented retrieval expansion
C000464,critical,search_phrase,Canonical concept phrase
C000464,"""critical"" OR ""critical research""",high_recall,Database-adaptable phrase expansion
C000464,Cross-domain mechanisms,broader,Disciplinary or overlay context
C000464,critical literature,related,Literature-oriented retrieval expansion
C000465,learning,search_phrase,Canonical concept phrase
C000465,"""learning"" OR ""learning research""",high_recall,Database-adaptable phrase expansion
C000465,Cross-domain mechanisms,broader,Disciplinary or overlay context
C000465,learning literature,related,Literature-oriented retrieval expansion
C000466,representation,search_phrase,Canonical concept phrase
C000466,"""representation"" OR ""representation research""",high_recall,Database-adaptable phrase expansion
C000466,Cross-domain mechanisms,broader,Disciplinary or overlay context
C000466,representation literature,related,Literature-oriented retrieval expansion
C000467,network,search_phrase,Canonical concept phrase
C000467,"""network"" OR ""network research""",high_recall,Database-adaptable phrase expansion
C000467,Cross-domain mechanisms,broader,Disciplinary or overlay context
C000467,network literature,related,Literature-oriented retrieval expansion
C000468,transport,search_phrase,Canonical concept phrase
C000468,"""transport"" OR ""transport research""",high_recall,Database-adaptable phrase expansion
C000468,Cross-domain mechanisms,broader,Disciplinary or overlay context
C000468,transport literature,related,Literature-oriented retrieval expansion
C000469,attention,search_phrase,Canonical concept phrase
C000469,"""attention"" OR ""attention research""",high_recall,Database-adaptable phrase expansion
C000469,Cross-domain mechanisms,broader,Disciplinary or overlay context
C000469,attention literature,related,Literature-oriented retrieval expansion
C000470,control,search_phrase,Canonical concept phrase
C000470,"""control"" OR ""control research""",high_recall,Database-adaptable phrase expansion
C000470,Cross-domain mechanisms,broader,Disciplinary or overlay context
C000470,control literature,related,Literature-oriented retrieval expansion
C000471,signal,search_phrase,Canonical concept phrase
C000471,"""signal"" OR ""signal research""",high_recall,Database-adaptable phrase expansion
C000471,Cross-domain mechanisms,broader,Disciplinary or overlay context
C000471,signal literature,related,Literature-oriented retrieval expansion
C000472,cell,search_phrase,Canonical concept phrase
C000472,"""cell"" OR ""cell research""",high_recall,Database-adaptable phrase expansion
C000472,Cross-domain mechanisms,broader,Disciplinary or overlay context
C000472,cell literature,related,Literature-oriented retrieval expansion
C000473,population,search_phrase,Canonical concept phrase
C000473,"""population"" OR ""population research""",high_recall,Database-adaptable phrase expansion
C000473,Cross-domain mechanisms,broader,Disciplinary or overlay context
C000473,population literature,related,Literature-oriented retrieval expansion
C000474,fitness,search_phrase,Canonical concept phrase
C000474,"""fitness"" OR ""fitness research""",high_recall,Database-adaptable phrase expansion
C000474,Cross-domain mechanisms,broader,Disciplinary or overlay context
C000474,fitness literature,related,Literature-oriented retrieval expansion
C000475,stress,search_phrase,Canonical concept phrase
C000475,"""stress"" OR ""stress research""",high_recall,Database-adaptable phrase expansion
C000475,Cross-domain mechanisms,broader,Disciplinary or overlay context
C000475,stress literature,related,Literature-oriented retrieval expansion
C000476,power,search_phrase,Canonical concept phrase
C000476,"""power"" OR ""power research""",high_recall,Database-adaptable phrase expansion
C000476,Cross-domain mechanisms,broader,Disciplinary or overlay context
C000476,power literature,related,Literature-oriented retrieval expansion
C000477,culture,search_phrase,Canonical concept phrase
C000477,"""culture"" OR ""culture research""",high_recall,Database-adaptable phrase expansion
C000477,Cross-domain mechanisms,broader,Disciplinary or overlay context
C000477,culture literature,related,Literature-oriented retrieval expansion
C000478,agency,search_phrase,Canonical concept phrase
C000478,"""agency"" OR ""agency research""",high_recall,Database-adaptable phrase expansion
C000478,Cross-domain mechanisms,broader,Disciplinary or overlay context
C000478,agency literature,related,Literature-oriented retrieval expansion
C000479,risk,search_phrase,Canonical concept phrase
C000479,"""risk"" OR ""risk research""",high_recall,Database-adaptable phrase expansion
C000479,Cross-domain mechanisms,broader,Disciplinary or overlay context
C000479,risk literature,related,Literature-oriented retrieval expansion
C000480,Digital heritage,search_phrase,Canonical concept phrase
C000480,"""Digital heritage"" OR ""Digital heritage research""",high_recall,Database-adaptable phrase expansion
C000480,Digital heritage,broader,Disciplinary or overlay context
C000480,Digital heritage literature,related,Literature-oriented retrieval expansion
C000481,Criminological theories,search_phrase,Canonical concept phrase
C000481,"""Criminological theories"" OR ""Criminological theories research""",high_recall,Database-adaptable phrase expansion
C000481,Criminological theories,broader,Disciplinary or overlay context
C000481,Criminological theories literature,related,Literature-oriented retrieval expansion
C000482,Aboriginal and Torres Strait Islander philosophy,search_phrase,Canonical concept phrase
C000482,"""Aboriginal and Torres Strait Islander philosophy"" OR ""Aboriginal and Torres Strait Islander philosophy research""",high_recall,Database-adaptable phrase expansion
C000482,Aboriginal and Torres Strait Islander philosophy,broader,Disciplinary or overlay context
C000482,Aboriginal and Torres Strait Islander philosophy literature,related,Literature-oriented retrieval expansion
C000483,Knowledge representation and reasoning,search_phrase,Canonical concept phrase
C000483,"""Knowledge representation and reasoning"" OR ""Knowledge representation and reasoning research""",high_recall,Database-adaptable phrase expansion
C000483,Knowledge representation and reasoning,broader,Disciplinary or overlay context
C000483,Knowledge representation and reasoning literature,related,Literature-oriented retrieval expansion
C000484,Cultural and creative industries,search_phrase,Canonical concept phrase
C000484,"""Cultural and creative industries"" OR ""Cultural and creative industries research""",high_recall,Database-adaptable phrase expansion
C000484,Cultural and creative industries,broader,Disciplinary or overlay context
C000484,Cultural and creative industries literature,related,Literature-oriented retrieval expansion
C000485,Comparative law,search_phrase,Canonical concept phrase
C000485,"""Comparative law"" OR ""Comparative law research""",high_recall,Database-adaptable phrase expansion
C000485,Comparative law,broader,Disciplinary or overlay context
C000485,Comparative law literature,related,Literature-oriented retrieval expansion
C000486,"Mathematical aspects of classical mechanics, quantum mechanics and quantum information theory",search_phrase,Canonical concept phrase
C000486,"""Mathematical aspects of classical mechanics, quantum mechanics and quantum information theory"" OR ""Mathematical aspects of classical mechanics, quantum mechanics and quantum information theory research""",high_recall,Database-adaptable phrase expansion
C000486,"Mathematical aspects of classical mechanics, quantum mechanics and quantum information theory",broader,Disciplinary or overlay context
C000486,"Mathematical aspects of classical mechanics, quantum mechanics and quantum information theory literature",related,Literature-oriented retrieval expansion
C000487,History and philosophy of the humanities,search_phrase,Canonical concept phrase
C000487,"""History and philosophy of the humanities"" OR ""History and philosophy of the humanities research""",high_recall,Database-adaptable phrase expansion
C000487,History and philosophy of the humanities,broader,Disciplinary or overlay context
C000487,History and philosophy of the humanities literature,related,Literature-oriented retrieval expansion
C000488,Nonlinear optics and spectroscopy,search_phrase,Canonical concept phrase
C000488,"""Nonlinear optics and spectroscopy"" OR ""Nonlinear optics and spectroscopy research""",high_recall,Database-adaptable phrase expansion
C000488,Nonlinear optics and spectroscopy,broader,Disciplinary or overlay context
C000488,Nonlinear optics and spectroscopy literature,related,Literature-oriented retrieval expansion
C000489,Evolutionary psychological studies,search_phrase,Canonical concept phrase
C000489,"""Evolutionary psychological studies"" OR ""Evolutionary psychological studies research""",high_recall,Database-adaptable phrase expansion
C000489,Evolutionary psychological studies,broader,Disciplinary or overlay context
C000489,Evolutionary psychological studies literature,related,Literature-oriented retrieval expansion
C000490,Agricultural land planning,search_phrase,Canonical concept phrase
C000490,"""Agricultural land planning"" OR ""Agricultural land planning research""",high_recall,Database-adaptable phrase expansion
C000490,Agricultural land planning,broader,Disciplinary or overlay context
C000490,Agricultural land planning literature,related,Literature-oriented retrieval expansion
C000491,Synthetic biology,search_phrase,Canonical concept phrase
C000491,"""Synthetic biology"" OR ""Synthetic biology research""",high_recall,Database-adaptable phrase expansion
C000491,Synthetic biology,broader,Disciplinary or overlay context
C000491,Synthetic biology literature,related,Literature-oriented retrieval expansion
C000492,Geriatrics and gerontology,search_phrase,Canonical concept phrase
C000492,"""Geriatrics and gerontology"" OR ""Geriatrics and gerontology research""",high_recall,Database-adaptable phrase expansion
C000492,Geriatrics and gerontology,broader,Disciplinary or overlay context
C000492,Geriatrics and gerontology literature,related,Literature-oriented retrieval expansion
C000493,Building industry studies,search_phrase,Canonical concept phrase
C000493,"""Building industry studies"" OR ""Building industry studies research""",high_recall,Database-adaptable phrase expansion
C000493,Building industry studies,broader,Disciplinary or overlay context
C000493,Building industry studies literature,related,Literature-oriented retrieval expansion
C000494,Inorganic green chemistry,search_phrase,Canonical concept phrase
C000494,"""Inorganic green chemistry"" OR ""Inorganic green chemistry research""",high_recall,Database-adaptable phrase expansion
C000494,Inorganic green chemistry,broader,Disciplinary or overlay context
C000494,Inorganic green chemistry literature,related,Literature-oriented retrieval expansion
C000495,Household finance and financial literacy,search_phrase,Canonical concept phrase
C000495,"""Household finance and financial literacy"" OR ""Household finance and financial literacy research""",high_recall,Database-adaptable phrase expansion
C000495,Household finance and financial literacy,broader,Disciplinary or overlay context
C000495,Household finance and financial literacy literature,related,Literature-oriented retrieval expansion
C000496,Music performance,search_phrase,Canonical concept phrase
C000496,"""Music performance"" OR ""Music performance research""",high_recall,Database-adaptable phrase expansion
C000496,Music performance,broader,Disciplinary or overlay context
C000496,Music performance literature,related,Literature-oriented retrieval expansion
C000497,Exploration geochemistry,search_phrase,Canonical concept phrase
C000497,"""Exploration geochemistry"" OR ""Exploration geochemistry research""",high_recall,Database-adaptable phrase expansion
C000497,Exploration geochemistry,broader,Disciplinary or overlay context
C000497,Exploration geochemistry literature,related,Literature-oriented retrieval expansion
C000498,Public economics - public choice,search_phrase,Canonical concept phrase
C000498,"""Public economics - public choice"" OR ""Public economics - public choice research""",high_recall,Database-adaptable phrase expansion
C000498,Public economics - public choice,broader,Disciplinary or overlay context
C000498,Public economics - public choice literature,related,Literature-oriented retrieval expansion
C000499,"Science, technology and engineering curriculum and pedagogy",search_phrase,Canonical concept phrase
C000499,"""Science, technology and engineering curriculum and pedagogy"" OR ""Science, technology and engineering curriculum and pedagogy research""",high_recall,Database-adaptable phrase expansion
C000499,"Science, technology and engineering curriculum and pedagogy",broader,Disciplinary or overlay context
C000499,"Science, technology and engineering curriculum and pedagogy literature",related,Literature-oriented retrieval expansion
C000500,Biofabrication,search_phrase,Canonical concept phrase
C000500,"""Biofabrication"" OR ""Biofabrication research""",high_recall,Database-adaptable phrase expansion
C000500,Biofabrication,broader,Disciplinary or overlay context
C000500,Biofabrication literature,related,Literature-oriented retrieval expansion
C000501,Gaussian distribution,search_phrase,Canonical concept phrase
C000501,"""Gaussian distribution"" OR ""Gaussian distribution research""",high_recall,Database-adaptable phrase expansion
C000501,Independent mathematics ontology,broader,Disciplinary or overlay context
C000501,Gaussian distribution literature,related,Literature-oriented retrieval expansion
C000502,Poisson distribution,search_phrase,Canonical concept phrase
C000502,"""Poisson distribution"" OR ""Poisson distribution research""",high_recall,Database-adaptable phrase expansion
C000502,Independent mathematics ontology,broader,Disciplinary or overlay context
C000502,Poisson distribution literature,related,Literature-oriented retrieval expansion
C000503,Bayesian network,search_phrase,Canonical concept phrase
C000503,"""Bayesian network"" OR ""Bayesian network research""",high_recall,Database-adaptable phrase expansion
C000503,Computation and scientific discovery,broader,Disciplinary or overlay context
C000503,Bayesian network literature,related,Literature-oriented retrieval expansion
C000504,Markov model,search_phrase,Canonical concept phrase
C000504,"""Markov model"" OR ""Markov model research""",high_recall,Database-adaptable phrase expansion
C000504,Independent mathematics ontology,broader,Disciplinary or overlay context
C000504,Markov model literature,related,Literature-oriented retrieval expansion
C000505,hidden Markov model,search_phrase,Canonical concept phrase
C000505,"""hidden Markov model"" OR ""hidden Markov model research""",high_recall,Database-adaptable phrase expansion
C000505,Independent mathematics ontology,broader,Disciplinary or overlay context
C000505,hidden Markov model literature,related,Literature-oriented retrieval expansion
C000506,Bayesian filtering,search_phrase,Canonical concept phrase
C000506,"""Bayesian filtering"" OR ""Bayesian filtering research""",high_recall,Database-adaptable phrase expansion
C000506,Independent mathematics ontology,broader,Disciplinary or overlay context
C000506,Bayesian filtering literature,related,Literature-oriented retrieval expansion
C000507,particle filter,search_phrase,Canonical concept phrase
C000507,"""particle filter"" OR ""particle filter research""",high_recall,Database-adaptable phrase expansion
C000507,Independent mathematics ontology,broader,Disciplinary or overlay context
C000507,particle filter literature,related,Literature-oriented retrieval expansion
C000508,extended Kalman filter,search_phrase,Canonical concept phrase
C000508,"""extended Kalman filter"" OR ""extended Kalman filter research""",high_recall,Database-adaptable phrase expansion
C000508,Cross-domain mechanisms,broader,Disciplinary or overlay context
C000508,extended Kalman filter literature,related,Literature-oriented retrieval expansion
C000509,unscented Kalman filter,search_phrase,Canonical concept phrase
C000509,"""unscented Kalman filter"" OR ""unscented Kalman filter research""",high_recall,Database-adaptable phrase expansion
C000509,Cross-domain mechanisms,broader,Disciplinary or overlay context
C000509,unscented Kalman filter literature,related,Literature-oriented retrieval expansion
C000510,numerical PDE method,search_phrase,Canonical concept phrase
C000510,"""numerical PDE method"" OR ""numerical PDE method research""",high_recall,Database-adaptable phrase expansion
C000510,Independent mathematics ontology,broader,Disciplinary or overlay context
C000510,numerical PDE method literature,related,Literature-oriented retrieval expansion
C000511,finite element method,search_phrase,Canonical concept phrase
C000511,"""finite element method"" OR ""finite element method research""",high_recall,Database-adaptable phrase expansion
C000511,Independent mathematics ontology,broader,Disciplinary or overlay context
C000511,finite element method literature,related,Literature-oriented retrieval expansion
C000512,finite volume method,search_phrase,Canonical concept phrase
C000512,"""finite volume method"" OR ""finite volume method research""",high_recall,Database-adaptable phrase expansion
C000512,Independent mathematics ontology,broader,Disciplinary or overlay context
C000512,finite volume method literature,related,Literature-oriented retrieval expansion
C000513,numerical integration,search_phrase,Canonical concept phrase
C000513,"""numerical integration"" OR ""numerical integration research""",high_recall,Database-adaptable phrase expansion
C000513,Independent mathematics ontology,broader,Disciplinary or overlay context
C000513,numerical integration literature,related,Literature-oriented retrieval expansion
C000514,Runge–Kutta method,search_phrase,Canonical concept phrase
C000514,"""Runge–Kutta method"" OR ""Runge–Kutta method research""",high_recall,Database-adaptable phrase expansion
C000514,Independent mathematics ontology,broader,Disciplinary or overlay context
C000514,Runge–Kutta method literature,related,Literature-oriented retrieval expansion
C000515,Fourier transform,search_phrase,Canonical concept phrase
C000515,"""Fourier transform"" OR ""Fourier transform research""",high_recall,Database-adaptable phrase expansion
C000515,Independent mathematics ontology,broader,Disciplinary or overlay context
C000515,Fourier transform literature,related,Literature-oriented retrieval expansion
C000516,fast Fourier transform,search_phrase,Canonical concept phrase
C000516,"""fast Fourier transform"" OR ""fast Fourier transform research""",high_recall,Database-adaptable phrase expansion
C000516,Independent mathematics ontology,broader,Disciplinary or overlay context
C000516,fast Fourier transform literature,related,Literature-oriented retrieval expansion
C000517,Laplace transform,search_phrase,Canonical concept phrase
C000517,"""Laplace transform"" OR ""Laplace transform research""",high_recall,Database-adaptable phrase expansion
C000517,Independent mathematics ontology,broader,Disciplinary or overlay context
C000517,Laplace transform literature,related,Literature-oriented retrieval expansion
C000518,wavelet transform,search_phrase,Canonical concept phrase
C000518,"""wavelet transform"" OR ""wavelet transform research""",high_recall,Database-adaptable phrase expansion
C000518,Independent mathematics ontology,broader,Disciplinary or overlay context
C000518,wavelet transform literature,related,Literature-oriented retrieval expansion
C000519,Navier–Stokes equations,search_phrase,Canonical concept phrase
C000519,"""Navier–Stokes equations"" OR ""Navier–Stokes equations research""",high_recall,Database-adaptable phrase expansion
C000519,Independent mathematics ontology,broader,Disciplinary or overlay context
C000519,Navier–Stokes equations literature,related,Literature-oriented retrieval expansion
C000520,variational principle,search_phrase,Canonical concept phrase
C000520,"""variational principle"" OR ""variational principle research""",high_recall,Database-adaptable phrase expansion
C000520,Independent mathematics ontology,broader,Disciplinary or overlay context
C000520,variational principle literature,related,Literature-oriented retrieval expansion
C000521,Euler–Lagrange equation,search_phrase,Canonical concept phrase
C000521,"""Euler–Lagrange equation"" OR ""Euler–Lagrange equation research""",high_recall,Database-adaptable phrase expansion
C000521,Independent mathematics ontology,broader,Disciplinary or overlay context
C000521,Euler–Lagrange equation literature,related,Literature-oriented retrieval expansion
C000522,diffusion equation,search_phrase,Canonical concept phrase
C000522,"""diffusion equation"" OR ""diffusion equation research""",high_recall,Database-adaptable phrase expansion
C000522,Independent mathematics ontology,broader,Disciplinary or overlay context
C000522,diffusion equation literature,related,Literature-oriented retrieval expansion
C000523,heat equation,search_phrase,Canonical concept phrase
C000523,"""heat equation"" OR ""heat equation research""",high_recall,Database-adaptable phrase expansion
C000523,Independent mathematics ontology,broader,Disciplinary or overlay context
C000523,heat equation literature,related,Literature-oriented retrieval expansion
C000524,wave equation,search_phrase,Canonical concept phrase
C000524,"""wave equation"" OR ""wave equation research""",high_recall,Database-adaptable phrase expansion
C000524,Independent mathematics ontology,broader,Disciplinary or overlay context
C000524,wave equation literature,related,Literature-oriented retrieval expansion
C000525,hyperbolic partial differential equation,search_phrase,Canonical concept phrase
C000525,"""hyperbolic partial differential equation"" OR ""hyperbolic partial differential equation research""",high_recall,Database-adaptable phrase expansion
C000525,Independent mathematics ontology,broader,Disciplinary or overlay context
C000525,hyperbolic partial differential equation literature,related,Literature-oriented retrieval expansion
C000526,conservation laws,search_phrase,Canonical concept phrase
C000526,"""conservation laws"" OR ""conservation laws research""",high_recall,Database-adaptable phrase expansion
C000526,Independent mathematics ontology,broader,Disciplinary or overlay context
C000526,conservation laws literature,related,Literature-oriented retrieval expansion
C000527,Maxwell's equations,search_phrase,Canonical concept phrase
C000527,"""Maxwell's equations"" OR ""Maxwell's equations research""",high_recall,Database-adaptable phrase expansion
C000527,Physical Sciences,broader,Disciplinary or overlay context
C000527,Maxwell's equations literature,related,Literature-oriented retrieval expansion
C000528,electromagnetism,search_phrase,Canonical concept phrase
C000528,"""electromagnetism"" OR ""electromagnetism research""",high_recall,Database-adaptable phrase expansion
C000528,Physical Sciences,broader,Disciplinary or overlay context
C000528,electromagnetism literature,related,Literature-oriented retrieval expansion
C000529,Einstein field equations,search_phrase,Canonical concept phrase
C000529,"""Einstein field equations"" OR ""Einstein field equations research""",high_recall,Database-adaptable phrase expansion
C000529,Physical Sciences,broader,Disciplinary or overlay context
C000529,Einstein field equations literature,related,Literature-oriented retrieval expansion
C000530,general relativity,search_phrase,Canonical concept phrase
C000530,"""general relativity"" OR ""general relativity research""",high_recall,Database-adaptable phrase expansion
C000530,Physical Sciences,broader,Disciplinary or overlay context
C000530,general relativity literature,related,Literature-oriented retrieval expansion
C000531,Boltzmann equation,search_phrase,Canonical concept phrase
C000531,"""Boltzmann equation"" OR ""Boltzmann equation research""",high_recall,Database-adaptable phrase expansion
C000531,Physical Sciences,broader,Disciplinary or overlay context
C000531,Boltzmann equation literature,related,Literature-oriented retrieval expansion
C000532,kinetic theory,search_phrase,Canonical concept phrase
C000532,"""kinetic theory"" OR ""kinetic theory research""",high_recall,Database-adaptable phrase expansion
C000532,Physical Sciences,broader,Disciplinary or overlay context
C000532,kinetic theory literature,related,Literature-oriented retrieval expansion
C000533,algorithm discovery,search_phrase,Canonical concept phrase
C000533,"""algorithm discovery"" OR ""algorithm discovery research""",high_recall,Database-adaptable phrase expansion
C000533,Computation and scientific discovery,broader,Disciplinary or overlay context
C000533,algorithm discovery literature,related,Literature-oriented retrieval expansion
C000534,genetic algorithm,search_phrase,Canonical concept phrase
C000534,"""genetic algorithm"" OR ""genetic algorithm research""",high_recall,Database-adaptable phrase expansion
C000534,Cross-domain mechanisms,broader,Disciplinary or overlay context
C000534,genetic algorithm literature,related,Literature-oriented retrieval expansion
C000535,automated reasoning,search_phrase,Canonical concept phrase
C000535,"""automated reasoning"" OR ""automated reasoning research""",high_recall,Database-adaptable phrase expansion
C000535,Computation and scientific discovery,broader,Disciplinary or overlay context
C000535,automated reasoning literature,related,Literature-oriented retrieval expansion
C000536,automated theorem proving,search_phrase,Canonical concept phrase
C000536,"""automated theorem proving"" OR ""automated theorem proving research""",high_recall,Database-adaptable phrase expansion
C000536,Cross-domain mechanisms,broader,Disciplinary or overlay context
C000536,automated theorem proving literature,related,Literature-oriented retrieval expansion
C000537,program synthesis,search_phrase,Canonical concept phrase
C000537,"""program synthesis"" OR ""program synthesis research""",high_recall,Database-adaptable phrase expansion
C000537,Computation and scientific discovery,broader,Disciplinary or overlay context
C000537,program synthesis literature,related,Literature-oriented retrieval expansion
C000538,SAT solving,search_phrase,Canonical concept phrase
C000538,"""SAT solving"" OR ""SAT solving research""",high_recall,Database-adaptable phrase expansion
C000538,Computation and scientific discovery,broader,Disciplinary or overlay context
C000538,SAT solving literature,related,Literature-oriented retrieval expansion
C000539,symbolic regression,search_phrase,Canonical concept phrase
C000539,"""symbolic regression"" OR ""symbolic regression research""",high_recall,Database-adaptable phrase expansion
C000539,Computation and scientific discovery,broader,Disciplinary or overlay context
C000539,symbolic regression literature,related,Literature-oriented retrieval expansion
C000540,equation discovery,search_phrase,Canonical concept phrase
C000540,"""equation discovery"" OR ""equation discovery research""",high_recall,Database-adaptable phrase expansion
C000540,Computation and scientific discovery,broader,Disciplinary or overlay context
C000540,equation discovery literature,related,Literature-oriented retrieval expansion
C000541,active learning,search_phrase,Canonical concept phrase
C000541,"""active learning"" OR ""active learning research""",high_recall,Database-adaptable phrase expansion
C000541,Computation and scientific discovery,broader,Disciplinary or overlay context
C000541,active learning literature,related,Literature-oriented retrieval expansion
C000542,Bayesian optimization,search_phrase,Canonical concept phrase
C000542,"""Bayesian optimization"" OR ""Bayesian optimization research""",high_recall,Database-adaptable phrase expansion
C000542,Computation and scientific discovery,broader,Disciplinary or overlay context
C000542,Bayesian optimization literature,related,Literature-oriented retrieval expansion
C000543,reinforcement learning,search_phrase,Canonical concept phrase
C000543,"""reinforcement learning"" OR ""reinforcement learning research""",high_recall,Database-adaptable phrase expansion
C000543,Computation and scientific discovery,broader,Disciplinary or overlay context
C000543,reinforcement learning literature,related,Literature-oriented retrieval expansion
C000544,Q-learning,search_phrase,Canonical concept phrase
C000544,"""Q-learning"" OR ""Q-learning research""",high_recall,Database-adaptable phrase expansion
C000544,Cross-domain mechanisms,broader,Disciplinary or overlay context
C000544,Q-learning literature,related,Literature-oriented retrieval expansion
C000545,policy gradient,search_phrase,Canonical concept phrase
C000545,"""policy gradient"" OR ""policy gradient research""",high_recall,Database-adaptable phrase expansion
C000545,Cross-domain mechanisms,broader,Disciplinary or overlay context
C000545,policy gradient literature,related,Literature-oriented retrieval expansion
C000546,Monte Carlo tree search,search_phrase,Canonical concept phrase
C000546,"""Monte Carlo tree search"" OR ""Monte Carlo tree search research""",high_recall,Database-adaptable phrase expansion
C000546,Cross-domain mechanisms,broader,Disciplinary or overlay context
C000546,Monte Carlo tree search literature,related,Literature-oriented retrieval expansion
C000547,graph search,search_phrase,Canonical concept phrase
C000547,"""graph search"" OR ""graph search research""",high_recall,Database-adaptable phrase expansion
C000547,Computation and scientific discovery,broader,Disciplinary or overlay context
C000547,graph search literature,related,Literature-oriented retrieval expansion
C000548,A* search,search_phrase,Canonical concept phrase
C000548,"""A* search"" OR ""A* search research""",high_recall,Database-adaptable phrase expansion
C000548,Computation and scientific discovery,broader,Disciplinary or overlay context
C000548,A* search literature,related,Literature-oriented retrieval expansion
C000549,PageRank,search_phrase,Canonical concept phrase
C000549,"""PageRank"" OR ""PageRank research""",high_recall,Database-adaptable phrase expansion
C000549,Computation and scientific discovery,broader,Disciplinary or overlay context
C000549,PageRank literature,related,Literature-oriented retrieval expansion
C000550,eigenvector centrality,search_phrase,Canonical concept phrase
C000550,"""eigenvector centrality"" OR ""eigenvector centrality research""",high_recall,Database-adaptable phrase expansion
C000550,Cross-domain mechanisms,broader,Disciplinary or overlay context
C000550,eigenvector centrality literature,related,Literature-oriented retrieval expansion
C000551,neural network architecture,search_phrase,Canonical concept phrase
C000551,"""neural network architecture"" OR ""neural network architecture research""",high_recall,Database-adaptable phrase expansion
C000551,Computation and scientific discovery,broader,Disciplinary or overlay context
C000551,neural network architecture literature,related,Literature-oriented retrieval expansion
C000552,transformer,search_phrase,Canonical concept phrase
C000552,"""transformer"" OR ""transformer research""",high_recall,Database-adaptable phrase expansion
C000552,Computation and scientific discovery,broader,Disciplinary or overlay context
C000552,transformer literature,related,Literature-oriented retrieval expansion
C000553,convolutional neural network,search_phrase,Canonical concept phrase
C000553,"""convolutional neural network"" OR ""convolutional neural network research""",high_recall,Database-adaptable phrase expansion
C000553,Computation and scientific discovery,broader,Disciplinary or overlay context
C000553,convolutional neural network literature,related,Literature-oriented retrieval expansion
C000554,neural architecture search,search_phrase,Canonical concept phrase
C000554,"""neural architecture search"" OR ""neural architecture search research""",high_recall,Database-adaptable phrase expansion
C000554,Computation and scientific discovery,broader,Disciplinary or overlay context
C000554,neural architecture search literature,related,Literature-oriented retrieval expansion
C000555,ensemble learning,search_phrase,Canonical concept phrase
C000555,"""ensemble learning"" OR ""ensemble learning research""",high_recall,Database-adaptable phrase expansion
C000555,Computation and scientific discovery,broader,Disciplinary or overlay context
C000555,ensemble learning literature,related,Literature-oriented retrieval expansion
C000556,random forest,search_phrase,Canonical concept phrase
C000556,"""random forest"" OR ""random forest research""",high_recall,Database-adaptable phrase expansion
C000556,Computation and scientific discovery,broader,Disciplinary or overlay context
C000556,random forest literature,related,Literature-oriented retrieval expansion
C000557,gradient boosting,search_phrase,Canonical concept phrase
C000557,"""gradient boosting"" OR ""gradient boosting research""",high_recall,Database-adaptable phrase expansion
C000557,Computation and scientific discovery,broader,Disciplinary or overlay context
C000557,gradient boosting literature,related,Literature-oriented retrieval expansion
C000558,dimensionality reduction,search_phrase,Canonical concept phrase
C000558,"""dimensionality reduction"" OR ""dimensionality reduction research""",high_recall,Database-adaptable phrase expansion
C000558,Computation and scientific discovery,broader,Disciplinary or overlay context
C000558,dimensionality reduction literature,related,Literature-oriented retrieval expansion
C000559,principal component analysis,search_phrase,Canonical concept phrase
C000559,"""principal component analysis"" OR ""principal component analysis research""",high_recall,Database-adaptable phrase expansion
C000559,Independent mathematics ontology,broader,Disciplinary or overlay context
C000559,principal component analysis literature,related,Literature-oriented retrieval expansion
C000560,t-SNE,search_phrase,Canonical concept phrase
C000560,"""t-SNE"" OR ""t-SNE research""",high_recall,Database-adaptable phrase expansion
C000560,Computation and scientific discovery,broader,Disciplinary or overlay context
C000560,t-SNE literature,related,Literature-oriented retrieval expansion
C000561,UMAP,search_phrase,Canonical concept phrase
C000561,"""UMAP"" OR ""UMAP research""",high_recall,Database-adaptable phrase expansion
C000561,Computation and scientific discovery,broader,Disciplinary or overlay context
C000561,UMAP literature,related,Literature-oriented retrieval expansion
C000562,latent Dirichlet allocation,search_phrase,Canonical concept phrase
C000562,"""latent Dirichlet allocation"" OR ""latent Dirichlet allocation research""",high_recall,Database-adaptable phrase expansion
C000562,Computation and scientific discovery,broader,Disciplinary or overlay context
C000562,latent Dirichlet allocation literature,related,Literature-oriented retrieval expansion
C000563,ordinary least squares,search_phrase,Canonical concept phrase
C000563,"""ordinary least squares"" OR ""ordinary least squares research""",high_recall,Database-adaptable phrase expansion
C000563,Independent mathematics ontology,broader,Disciplinary or overlay context
C000563,ordinary least squares literature,related,Literature-oriented retrieval expansion
C000564,logistic regression,search_phrase,Canonical concept phrase
C000564,"""logistic regression"" OR ""logistic regression research""",high_recall,Database-adaptable phrase expansion
C000564,Computation and scientific discovery,broader,Disciplinary or overlay context
C000564,logistic regression literature,related,Literature-oriented retrieval expansion
C000565,generalized linear model,search_phrase,Canonical concept phrase
C000565,"""generalized linear model"" OR ""generalized linear model research""",high_recall,Database-adaptable phrase expansion
C000565,Independent mathematics ontology,broader,Disciplinary or overlay context
C000565,generalized linear model literature,related,Literature-oriented retrieval expansion
C000566,Cox proportional hazards model,search_phrase,Canonical concept phrase
C000566,"""Cox proportional hazards model"" OR ""Cox proportional hazards model research""",high_recall,Database-adaptable phrase expansion
C000566,Independent mathematics ontology,broader,Disciplinary or overlay context
C000566,Cox proportional hazards model literature,related,Literature-oriented retrieval expansion
C000567,interrupted time series,search_phrase,Canonical concept phrase
C000567,"""interrupted time series"" OR ""interrupted time series research""",high_recall,Database-adaptable phrase expansion
C000567,Experimental design and research methodology,broader,Disciplinary or overlay context
C000567,interrupted time series literature,related,Literature-oriented retrieval expansion
C000568,quasi-experimental design,search_phrase,Canonical concept phrase
C000568,"""quasi-experimental design"" OR ""quasi-experimental design research""",high_recall,Database-adaptable phrase expansion
C000568,Experimental design and research methodology,broader,Disciplinary or overlay context
C000568,quasi-experimental design literature,related,Literature-oriented retrieval expansion
C000569,regression discontinuity design,search_phrase,Canonical concept phrase
C000569,"""regression discontinuity design"" OR ""regression discontinuity design research""",high_recall,Database-adaptable phrase expansion
C000569,Experimental design and research methodology,broader,Disciplinary or overlay context
C000569,regression discontinuity design literature,related,Literature-oriented retrieval expansion
C000570,instrumental variables,search_phrase,Canonical concept phrase
C000570,"""instrumental variables"" OR ""instrumental variables research""",high_recall,Database-adaptable phrase expansion
C000570,Experimental design and research methodology,broader,Disciplinary or overlay context
C000570,instrumental variables literature,related,Literature-oriented retrieval expansion
C000571,propensity score matching,search_phrase,Canonical concept phrase
C000571,"""propensity score matching"" OR ""propensity score matching research""",high_recall,Database-adaptable phrase expansion
C000571,Experimental design and research methodology,broader,Disciplinary or overlay context
C000571,propensity score matching literature,related,Literature-oriented retrieval expansion
C000572,randomized controlled trial,search_phrase,Canonical concept phrase
C000572,"""randomized controlled trial"" OR ""randomized controlled trial research""",high_recall,Database-adaptable phrase expansion
C000572,Experimental design and research methodology,broader,Disciplinary or overlay context
C000572,randomized controlled trial literature,related,Literature-oriented retrieval expansion
C000573,factorial design,search_phrase,Canonical concept phrase
C000573,"""factorial design"" OR ""factorial design research""",high_recall,Database-adaptable phrase expansion
C000573,Experimental design and research methodology,broader,Disciplinary or overlay context
C000573,factorial design literature,related,Literature-oriented retrieval expansion
C000574,response surface methodology,search_phrase,Canonical concept phrase
C000574,"""response surface methodology"" OR ""response surface methodology research""",high_recall,Database-adaptable phrase expansion
C000574,Experimental design and research methodology,broader,Disciplinary or overlay context
C000574,response surface methodology literature,related,Literature-oriented retrieval expansion
C000575,Satisfiability and optimisation,search_phrase,Canonical concept phrase
C000575,"""Satisfiability and optimisation"" OR ""Satisfiability and optimisation research""",high_recall,Database-adaptable phrase expansion
C000575,Satisfiability and optimisation,broader,Disciplinary or overlay context
C000575,Satisfiability and optimisation literature,related,Literature-oriented retrieval expansion
C000576,"Culture, representation and identity",search_phrase,Canonical concept phrase
C000576,"""Culture, representation and identity"" OR ""Culture, representation and identity research""",high_recall,Database-adaptable phrase expansion
C000576,"Culture, representation and identity",broader,Disciplinary or overlay context
C000576,"Culture, representation and identity literature",related,Literature-oriented retrieval expansion
C000577,International criminal law,search_phrase,Canonical concept phrase
C000577,"""International criminal law"" OR ""International criminal law research""",high_recall,Database-adaptable phrase expansion
C000577,International criminal law,broader,Disciplinary or overlay context
C000577,International criminal law literature,related,Literature-oriented retrieval expansion
C000578,Experimental mathematics,search_phrase,Canonical concept phrase
C000578,"""Experimental mathematics"" OR ""Experimental mathematics research""",high_recall,Database-adaptable phrase expansion
C000578,Experimental mathematics,broader,Disciplinary or overlay context
C000578,Experimental mathematics literature,related,Literature-oriented retrieval expansion
C000579,Aesthetics,search_phrase,Canonical concept phrase
C000579,"""Aesthetics"" OR ""Aesthetics research""",high_recall,Database-adaptable phrase expansion
C000579,Aesthetics,broader,Disciplinary or overlay context
C000579,Aesthetics literature,related,Literature-oriented retrieval expansion
C000580,Classical and physical optics,search_phrase,Canonical concept phrase
C000580,"""Classical and physical optics"" OR ""Classical and physical optics research""",high_recall,Database-adaptable phrase expansion
C000580,Classical and physical optics,broader,Disciplinary or overlay context
C000580,Classical and physical optics literature,related,Literature-oriented retrieval expansion
C000581,Clinical neuropsychology,search_phrase,Canonical concept phrase
C000581,"""Clinical neuropsychology"" OR ""Clinical neuropsychology research""",high_recall,Database-adaptable phrase expansion
C000581,Clinical neuropsychology,broader,Disciplinary or overlay context
C000581,Clinical neuropsychology literature,related,Literature-oriented retrieval expansion
C000582,Agricultural systems analysis and modelling,search_phrase,Canonical concept phrase
C000582,"""Agricultural systems analysis and modelling"" OR ""Agricultural systems analysis and modelling research""",high_recall,Database-adaptable phrase expansion
C000582,Agricultural systems analysis and modelling,broader,Disciplinary or overlay context
C000582,Agricultural systems analysis and modelling literature,related,Literature-oriented retrieval expansion
C000583,Computational ecology and phylogenetics,search_phrase,Canonical concept phrase
C000583,"""Computational ecology and phylogenetics"" OR ""Computational ecology and phylogenetics research""",high_recall,Database-adaptable phrase expansion
C000583,Computational ecology and phylogenetics,broader,Disciplinary or overlay context
C000583,Computational ecology and phylogenetics literature,related,Literature-oriented retrieval expansion
C000584,Nephrology and urology,search_phrase,Canonical concept phrase
C000584,"""Nephrology and urology"" OR ""Nephrology and urology research""",high_recall,Database-adaptable phrase expansion
C000584,Nephrology and urology,broader,Disciplinary or overlay context
C000584,Nephrology and urology literature,related,Literature-oriented retrieval expansion
C000585,Quantity surveying,search_phrase,Canonical concept phrase
C000585,"""Quantity surveying"" OR ""Quantity surveying research""",high_recall,Database-adaptable phrase expansion
C000585,Quantity surveying,broader,Disciplinary or overlay context
C000585,Quantity surveying literature,related,Literature-oriented retrieval expansion
C000586,Non-metal chemistry,search_phrase,Canonical concept phrase
C000586,"""Non-metal chemistry"" OR ""Non-metal chemistry research""",high_recall,Database-adaptable phrase expansion
C000586,Non-metal chemistry,broader,Disciplinary or overlay context
C000586,Non-metal chemistry literature,related,Literature-oriented retrieval expansion
C000587,Not-for-profit finance and risk,search_phrase,Canonical concept phrase
C000587,"""Not-for-profit finance and risk"" OR ""Not-for-profit finance and risk research""",high_recall,Database-adaptable phrase expansion
C000587,Not-for-profit finance and risk,broader,Disciplinary or overlay context
C000587,Not-for-profit finance and risk literature,related,Literature-oriented retrieval expansion
C000588,Dance and dance studies,search_phrase,Canonical concept phrase
C000588,"""Dance and dance studies"" OR ""Dance and dance studies research""",high_recall,Database-adaptable phrase expansion
C000588,Dance and dance studies,broader,Disciplinary or overlay context
C000588,Dance and dance studies literature,related,Literature-oriented retrieval expansion
C000589,Computational modelling and simulation in earth sciences,search_phrase,Canonical concept phrase
C000589,"""Computational modelling and simulation in earth sciences"" OR ""Computational modelling and simulation in earth sciences research""",high_recall,Database-adaptable phrase expansion
C000589,Computational modelling and simulation in earth sciences,broader,Disciplinary or overlay context
C000589,Computational modelling and simulation in earth sciences literature,related,Literature-oriented retrieval expansion
C000590,Transport economics,search_phrase,Canonical concept phrase
C000590,"""Transport economics"" OR ""Transport economics research""",high_recall,Database-adaptable phrase expansion
C000590,Transport economics,broader,Disciplinary or overlay context
C000590,Transport economics literature,related,Literature-oriented retrieval expansion
C000591,History and philosophy of education,search_phrase,Canonical concept phrase
C000591,"""History and philosophy of education"" OR ""History and philosophy of education research""",high_recall,Database-adaptable phrase expansion
C000591,History and philosophy of education,broader,Disciplinary or overlay context
C000591,History and philosophy of education literature,related,Literature-oriented retrieval expansion
C000592,Biomedical instrumentation,search_phrase,Canonical concept phrase
C000592,"""Biomedical instrumentation"" OR ""Biomedical instrumentation research""",high_recall,Database-adaptable phrase expansion
C000592,Biomedical instrumentation,broader,Disciplinary or overlay context
C000592,Biomedical instrumentation literature,related,Literature-oriented retrieval expansion
C000593,Environmental assessment and monitoring,search_phrase,Canonical concept phrase
C000593,"""Environmental assessment and monitoring"" OR ""Environmental assessment and monitoring research""",high_recall,Database-adaptable phrase expansion
C000593,Environmental assessment and monitoring,broader,Disciplinary or overlay context
C000593,Environmental assessment and monitoring literature,related,Literature-oriented retrieval expansion
C000594,Major global burdens of disease,search_phrase,Canonical concept phrase
C000594,"""Major global burdens of disease"" OR ""Major global burdens of disease research""",high_recall,Database-adaptable phrase expansion
C000594,Major global burdens of disease,broader,Disciplinary or overlay context
C000594,Major global burdens of disease literature,related,Literature-oriented retrieval expansion
C000595,Materials conservation,search_phrase,Canonical concept phrase
C000595,"""Materials conservation"" OR ""Materials conservation research""",high_recall,Database-adaptable phrase expansion
C000595,Materials conservation,broader,Disciplinary or overlay context
C000595,Materials conservation literature,related,Literature-oriented retrieval expansion
C000596,Organised crime,search_phrase,Canonical concept phrase
C000596,"""Organised crime"" OR ""Organised crime research""",high_recall,Database-adaptable phrase expansion
C000596,Organised crime,broader,Disciplinary or overlay context
C000596,Organised crime literature,related,Literature-oriented retrieval expansion
C000597,"Aboriginal and Torres Strait Islander ways of knowing, being and doing",search_phrase,Canonical concept phrase
C000597,"""Aboriginal and Torres Strait Islander ways of knowing, being and doing"" OR ""Aboriginal and Torres Strait Islander ways of knowing, being and doing research""",high_recall,Database-adaptable phrase expansion
C000597,"Aboriginal and Torres Strait Islander ways of knowing, being and doing",broader,Disciplinary or overlay context
C000597,"Aboriginal and Torres Strait Islander ways of knowing, being and doing literature",related,Literature-oriented retrieval expansion
C000598,Speech production,search_phrase,Canonical concept phrase
C000598,"""Speech production"" OR ""Speech production research""",high_recall,Database-adaptable phrase expansion
C000598,Speech production,broader,Disciplinary or overlay context
C000598,Speech production literature,related,Literature-oriented retrieval expansion
C000599,Environment and culture,search_phrase,Canonical concept phrase
C000599,"""Environment and culture"" OR ""Environment and culture research""",high_recall,Database-adaptable phrase expansion
C000599,Environment and culture,broader,Disciplinary or overlay context
C000599,Environment and culture literature,related,Literature-oriented retrieval expansion
C000600,International humanitarian and human rights law,search_phrase,Canonical concept phrase
C000600,"""International humanitarian and human rights law"" OR ""International humanitarian and human rights law research""",high_recall,Database-adaptable phrase expansion
C000600,International humanitarian and human rights law,broader,Disciplinary or overlay context
C000600,International humanitarian and human rights law literature,related,Literature-oriented retrieval expansion
C000601,Numerical analysis,search_phrase,Canonical concept phrase
C000601,"""Numerical analysis"" OR ""Numerical analysis research""",high_recall,Database-adaptable phrase expansion
C000601,Numerical analysis,broader,Disciplinary or overlay context
C000601,Numerical analysis literature,related,Literature-oriented retrieval expansion
C000602,Critical theory,search_phrase,Canonical concept phrase
C000602,"""Critical theory"" OR ""Critical theory research""",high_recall,Database-adaptable phrase expansion
C000602,Critical theory,broader,Disciplinary or overlay context
C000602,Critical theory literature,related,Literature-oriented retrieval expansion
C000603,Electrostatics and electrodynamics,search_phrase,Canonical concept phrase
C000603,"""Electrostatics and electrodynamics"" OR ""Electrostatics and electrodynamics research""",high_recall,Database-adaptable phrase expansion
C000603,Electrostatics and electrodynamics,broader,Disciplinary or overlay context
C000603,Electrostatics and electrodynamics literature,related,Literature-oriented retrieval expansion
C000604,quantum communication,search_phrase,Canonical concept phrase
C000604,"""quantum communication"" OR ""quantum communication research""",high_recall,Database-adaptable phrase expansion
C000604,Quantum science and technology,broader,Disciplinary or overlay context
C000604,quantum communication literature,related,Literature-oriented retrieval expansion
C000605,quantum simulation,search_phrase,Canonical concept phrase
C000605,"""quantum simulation"" OR ""quantum simulation research""",high_recall,Database-adaptable phrase expansion
C000605,Quantum science and technology,broader,Disciplinary or overlay context
C000605,quantum simulation literature,related,Literature-oriented retrieval expansion
C000606,quantum algorithm,search_phrase,Canonical concept phrase
C000606,"""quantum algorithm"" OR ""quantum algorithm research""",high_recall,Database-adaptable phrase expansion
C000606,Quantum science and technology,broader,Disciplinary or overlay context
C000606,quantum algorithm literature,related,Literature-oriented retrieval expansion
C000607,digital quantum simulation,search_phrase,Canonical concept phrase
C000607,"""digital quantum simulation"" OR ""digital quantum simulation research""",high_recall,Database-adaptable phrase expansion
C000607,Quantum science and technology,broader,Disciplinary or overlay context
C000607,digital quantum simulation literature,related,Literature-oriented retrieval expansion
C000608,quantum key distribution,search_phrase,Canonical concept phrase
C000608,"""quantum key distribution"" OR ""quantum key distribution research""",high_recall,Database-adaptable phrase expansion
C000608,Quantum science and technology,broader,Disciplinary or overlay context
C000608,quantum key distribution literature,related,Literature-oriented retrieval expansion
C000609,quantum error correction,search_phrase,Canonical concept phrase
C000609,"""quantum error correction"" OR ""quantum error correction research""",high_recall,Database-adaptable phrase expansion
C000609,Quantum science and technology,broader,Disciplinary or overlay context
C000609,quantum error correction literature,related,Literature-oriented retrieval expansion
C000610,quantum error-correcting code,search_phrase,Canonical concept phrase
C000610,"""quantum error-correcting code"" OR ""quantum error-correcting code research""",high_recall,Database-adaptable phrase expansion
C000610,Quantum science and technology,broader,Disciplinary or overlay context
C000610,quantum error-correcting code literature,related,Literature-oriented retrieval expansion
C000611,stabilizer code,search_phrase,Canonical concept phrase
C000611,"""stabilizer code"" OR ""stabilizer code research""",high_recall,Database-adaptable phrase expansion
C000611,Quantum science and technology,broader,Disciplinary or overlay context
C000611,stabilizer code literature,related,Literature-oriented retrieval expansion
C000612,surface code,search_phrase,Canonical concept phrase
C000612,"""surface code"" OR ""surface code research""",high_recall,Database-adaptable phrase expansion
C000612,Quantum science and technology,broader,Disciplinary or overlay context
C000612,surface code literature,related,Literature-oriented retrieval expansion
C000613,fault-tolerant quantum computation,search_phrase,Canonical concept phrase
C000613,"""fault-tolerant quantum computation"" OR ""fault-tolerant quantum computation research""",high_recall,Database-adaptable phrase expansion
C000613,Quantum science and technology,broader,Disciplinary or overlay context
C000613,fault-tolerant quantum computation literature,related,Literature-oriented retrieval expansion
C000614,Sociology of education,search_phrase,Canonical concept phrase
C000614,"""Sociology of education"" OR ""Sociology of education research""",high_recall,Database-adaptable phrase expansion
C000614,Sociology of education,broader,Disciplinary or overlay context
C000614,Sociology of education literature,related,Literature-oriented retrieval expansion
C000615,Computational physiology,search_phrase,Canonical concept phrase
C000615,"""Computational physiology"" OR ""Computational physiology research""",high_recall,Database-adaptable phrase expansion
C000615,Computational physiology,broader,Disciplinary or overlay context
C000615,Computational physiology literature,related,Literature-oriented retrieval expansion
C000616,Environmental education and extension,search_phrase,Canonical concept phrase
C000616,"""Environmental education and extension"" OR ""Environmental education and extension research""",high_recall,Database-adaptable phrase expansion
C000616,Environmental education and extension,broader,Disciplinary or overlay context
C000616,Environmental education and extension literature,related,Literature-oriented retrieval expansion
C000617,Nutritional epidemiology,search_phrase,Canonical concept phrase
C000617,"""Nutritional epidemiology"" OR ""Nutritional epidemiology research""",high_recall,Database-adaptable phrase expansion
C000617,Nutritional epidemiology,broader,Disciplinary or overlay context
C000617,Nutritional epidemiology literature,related,Literature-oriented retrieval expansion
C000618,Asian history,search_phrase,Canonical concept phrase
C000618,"""Asian history"" OR ""Asian history research""",high_recall,Database-adaptable phrase expansion
C000618,Asian history,broader,Disciplinary or overlay context
C000618,Asian history literature,related,Literature-oriented retrieval expansion
C000619,"Police administration, procedures and practice",search_phrase,Canonical concept phrase
C000619,"""Police administration, procedures and practice"" OR ""Police administration, procedures and practice research""",high_recall,Database-adaptable phrase expansion
C000619,"Police administration, procedures and practice",broader,Disciplinary or overlay context
C000619,"Police administration, procedures and practice literature",related,Literature-oriented retrieval expansion
C000620,Conservation of Aboriginal and Torres Strait Islander heritage,search_phrase,Canonical concept phrase
C000620,"""Conservation of Aboriginal and Torres Strait Islander heritage"" OR ""Conservation of Aboriginal and Torres Strait Islander heritage research""",high_recall,Database-adaptable phrase expansion
C000620,Conservation of Aboriginal and Torres Strait Islander heritage,broader,Disciplinary or overlay context
C000620,Conservation of Aboriginal and Torres Strait Islander heritage literature,related,Literature-oriented retrieval expansion
C000621,Speech recognition,search_phrase,Canonical concept phrase
C000621,"""Speech recognition"" OR ""Speech recognition research""",high_recall,Database-adaptable phrase expansion
C000621,Speech recognition,broader,Disciplinary or overlay context
C000621,Speech recognition literature,related,Literature-oriented retrieval expansion
C000622,Globalisation and culture,search_phrase,Canonical concept phrase
C000622,"""Globalisation and culture"" OR ""Globalisation and culture research""",high_recall,Database-adaptable phrase expansion
C000622,Globalisation and culture,broader,Disciplinary or overlay context
C000622,Globalisation and culture literature,related,Literature-oriented retrieval expansion
C000623,International trade and investment law,search_phrase,Canonical concept phrase
C000623,"""International trade and investment law"" OR ""International trade and investment law research""",high_recall,Database-adaptable phrase expansion
C000623,International trade and investment law,broader,Disciplinary or overlay context
C000623,International trade and investment law literature,related,Literature-oriented retrieval expansion
C000624,Numerical solution of differential and integral equations,search_phrase,Canonical concept phrase
C000624,"""Numerical solution of differential and integral equations"" OR ""Numerical solution of differential and integral equations research""",high_recall,Database-adaptable phrase expansion
C000624,Numerical solution of differential and integral equations,broader,Disciplinary or overlay context
C000624,Numerical solution of differential and integral equations literature,related,Literature-oriented retrieval expansion
C000625,Decision theory,search_phrase,Canonical concept phrase
C000625,"""Decision theory"" OR ""Decision theory research""",high_recall,Database-adaptable phrase expansion
C000625,Decision theory,broader,Disciplinary or overlay context
C000625,Decision theory literature,related,Literature-oriented retrieval expansion
C000626,Thermodynamics and statistical physics,search_phrase,Canonical concept phrase
C000626,"""Thermodynamics and statistical physics"" OR ""Thermodynamics and statistical physics research""",high_recall,Database-adaptable phrase expansion
C000626,Thermodynamics and statistical physics,broader,Disciplinary or overlay context
C000626,Thermodynamics and statistical physics literature,related,Literature-oriented retrieval expansion
C000627,Counselling psychology,search_phrase,Canonical concept phrase
C000627,"""Counselling psychology"" OR ""Counselling psychology research""",high_recall,Database-adaptable phrase expansion
C000627,Counselling psychology,broader,Disciplinary or overlay context
C000627,Counselling psychology literature,related,Literature-oriented retrieval expansion
C000628,Germplasm management,search_phrase,Canonical concept phrase
C000628,"""Germplasm management"" OR ""Germplasm management research""",high_recall,Database-adaptable phrase expansion
C000628,Germplasm management,broader,Disciplinary or overlay context
C000628,Germplasm management literature,related,Literature-oriented retrieval expansion
C000629,Proteomics and metabolomics,search_phrase,Canonical concept phrase
C000629,"""Proteomics and metabolomics"" OR ""Proteomics and metabolomics research""",high_recall,Database-adaptable phrase expansion
C000629,Proteomics and metabolomics,broader,Disciplinary or overlay context
C000629,Proteomics and metabolomics literature,related,Literature-oriented retrieval expansion
C000630,Orthopaedics,search_phrase,Canonical concept phrase
C000630,"""Orthopaedics"" OR ""Orthopaedics research""",high_recall,Database-adaptable phrase expansion
C000630,Orthopaedics,broader,Disciplinary or overlay context
C000630,Orthopaedics literature,related,Literature-oriented retrieval expansion
C000631,Design anthropology,search_phrase,Canonical concept phrase
C000631,"""Design anthropology"" OR ""Design anthropology research""",high_recall,Database-adaptable phrase expansion
C000631,Design anthropology,broader,Disciplinary or overlay context
C000631,Design anthropology literature,related,Literature-oriented retrieval expansion
C000632,Solid state chemistry,search_phrase,Canonical concept phrase
C000632,"""Solid state chemistry"" OR ""Solid state chemistry research""",high_recall,Database-adaptable phrase expansion
C000632,Solid state chemistry,broader,Disciplinary or overlay context
C000632,Solid state chemistry literature,related,Literature-oriented retrieval expansion
C000633,"Business information management (incl. records, knowledge and intelligence)",search_phrase,Canonical concept phrase
C000633,"""Business information management (incl. records, knowledge and intelligence)"" OR ""Business information management (incl. records, knowledge and intelligence) research""",high_recall,Database-adaptable phrase expansion
C000633,"Business information management (incl. records, knowledge and intelligence)",broader,Disciplinary or overlay context
C000633,"Business information management (incl. records, knowledge and intelligence) literature",related,Literature-oriented retrieval expansion
C000634,Cinema studies,search_phrase,Canonical concept phrase
C000634,"""Cinema studies"" OR ""Cinema studies research""",high_recall,Database-adaptable phrase expansion
C000634,Cinema studies,broader,Disciplinary or overlay context
C000634,Cinema studies literature,related,Literature-oriented retrieval expansion
C000635,Geoscience data visualisation,search_phrase,Canonical concept phrase
C000635,"""Geoscience data visualisation"" OR ""Geoscience data visualisation research""",high_recall,Database-adaptable phrase expansion
C000635,Geoscience data visualisation,broader,Disciplinary or overlay context
C000635,Geoscience data visualisation literature,related,Literature-oriented retrieval expansion
C000636,Welfare economics,search_phrase,Canonical concept phrase
C000636,"""Welfare economics"" OR ""Welfare economics research""",high_recall,Database-adaptable phrase expansion
C000636,Welfare economics,broader,Disciplinary or overlay context
C000636,Welfare economics literature,related,Literature-oriented retrieval expansion
C000637,measurement uncertainty,search_phrase,Canonical concept phrase
C000637,"""measurement uncertainty"" OR ""measurement uncertainty research""",high_recall,Database-adaptable phrase expansion
C000637,Scientific measurement and metrology,broader,Disciplinary or overlay context
C000637,measurement uncertainty literature,related,Literature-oriented retrieval expansion
C000638,Mechanobiology,search_phrase,Canonical concept phrase
C000638,"""Mechanobiology"" OR ""Mechanobiology research""",high_recall,Database-adaptable phrase expansion
C000638,Mechanobiology,broader,Disciplinary or overlay context
C000638,Mechanobiology literature,related,Literature-oriented retrieval expansion
C000639,Environmental management,search_phrase,Canonical concept phrase
C000639,"""Environmental management"" OR ""Environmental management research""",high_recall,Database-adaptable phrase expansion
C000639,Environmental management,broader,Disciplinary or overlay context
C000639,Environmental management literature,related,Literature-oriented retrieval expansion
C000640,Occupational epidemiology,search_phrase,Canonical concept phrase
C000640,"""Occupational epidemiology"" OR ""Occupational epidemiology research""",high_recall,Database-adaptable phrase expansion
C000640,Occupational epidemiology,broader,Disciplinary or overlay context
C000640,Occupational epidemiology literature,related,Literature-oriented retrieval expansion
C000641,Australian history,search_phrase,Canonical concept phrase
C000641,"""Australian history"" OR ""Australian history research""",high_recall,Database-adaptable phrase expansion
C000641,Australian history,broader,Disciplinary or overlay context
C000641,Australian history literature,related,Literature-oriented retrieval expansion
C000642,Private policing and security services,search_phrase,Canonical concept phrase
C000642,"""Private policing and security services"" OR ""Private policing and security services research""",high_recall,Database-adaptable phrase expansion
C000642,Private policing and security services,broader,Disciplinary or overlay context
C000642,Private policing and security services literature,related,Literature-oriented retrieval expansion
C000643,Aboriginal and Torres Strait Islander curriculum and pedagogy,search_phrase,Canonical concept phrase
C000643,"""Aboriginal and Torres Strait Islander curriculum and pedagogy"" OR ""Aboriginal and Torres Strait Islander curriculum and pedagogy research""",high_recall,Database-adaptable phrase expansion
C000643,Aboriginal and Torres Strait Islander curriculum and pedagogy,broader,Disciplinary or overlay context
C000643,Aboriginal and Torres Strait Islander curriculum and pedagogy literature,related,Literature-oriented retrieval expansion
C000644,Active sensing,search_phrase,Canonical concept phrase
C000644,"""Active sensing"" OR ""Active sensing research""",high_recall,Database-adaptable phrase expansion
C000644,Active sensing,broader,Disciplinary or overlay context
C000644,Active sensing literature,related,Literature-oriented retrieval expansion
C000645,Migrant cultural studies,search_phrase,Canonical concept phrase
C000645,"""Migrant cultural studies"" OR ""Migrant cultural studies research""",high_recall,Database-adaptable phrase expansion
C000645,Migrant cultural studies,broader,Disciplinary or overlay context
C000645,Migrant cultural studies literature,related,Literature-oriented retrieval expansion
C000646,Ocean law and governance,search_phrase,Canonical concept phrase
C000646,"""Ocean law and governance"" OR ""Ocean law and governance research""",high_recall,Database-adaptable phrase expansion
C000646,Ocean law and governance,broader,Disciplinary or overlay context
C000646,Ocean law and governance literature,related,Literature-oriented retrieval expansion
C000647,Optimisation,search_phrase,Canonical concept phrase
C000647,"""Optimisation"" OR ""Optimisation research""",high_recall,Database-adaptable phrase expansion
C000647,Optimisation,broader,Disciplinary or overlay context
C000647,Optimisation literature,related,Literature-oriented retrieval expansion
C000648,Environmental philosophy,search_phrase,Canonical concept phrase
C000648,"""Environmental philosophy"" OR ""Environmental philosophy research""",high_recall,Database-adaptable phrase expansion
C000648,Environmental philosophy,broader,Disciplinary or overlay context
C000648,Environmental philosophy literature,related,Literature-oriented retrieval expansion
C000649,Condensed matter characterisation technique development,search_phrase,Canonical concept phrase
C000649,"""Condensed matter characterisation technique development"" OR ""Condensed matter characterisation technique development research""",high_recall,Database-adaptable phrase expansion
C000649,Condensed matter characterisation technique development,broader,Disciplinary or overlay context
C000649,Condensed matter characterisation technique development literature,related,Literature-oriented retrieval expansion
C000650,Health psychology,search_phrase,Canonical concept phrase
C000650,"""Health psychology"" OR ""Health psychology research""",high_recall,Database-adaptable phrase expansion
C000650,Health psychology,broader,Disciplinary or overlay context
C000650,Health psychology literature,related,Literature-oriented retrieval expansion
C000651,Sustainable agricultural development,search_phrase,Canonical concept phrase
C000651,"""Sustainable agricultural development"" OR ""Sustainable agricultural development research""",high_recall,Database-adaptable phrase expansion
C000651,Sustainable agricultural development,broader,Disciplinary or overlay context
C000651,Sustainable agricultural development literature,related,Literature-oriented retrieval expansion
C000652,Sequence analysis,search_phrase,Canonical concept phrase
C000652,"""Sequence analysis"" OR ""Sequence analysis research""",high_recall,Database-adaptable phrase expansion
C000652,Sequence analysis,broader,Disciplinary or overlay context
C000652,Sequence analysis literature,related,Literature-oriented retrieval expansion
C000653,Otorhinolaryngology,search_phrase,Canonical concept phrase
C000653,"""Otorhinolaryngology"" OR ""Otorhinolaryngology research""",high_recall,Database-adaptable phrase expansion
C000653,Otorhinolaryngology,broader,Disciplinary or overlay context
C000653,Otorhinolaryngology literature,related,Literature-oriented retrieval expansion
C000654,Design for disaster relief,search_phrase,Canonical concept phrase
C000654,"""Design for disaster relief"" OR ""Design for disaster relief research""",high_recall,Database-adaptable phrase expansion
C000654,Design for disaster relief,broader,Disciplinary or overlay context
C000654,Design for disaster relief literature,related,Literature-oriented retrieval expansion
C000655,Transition metal chemistry,search_phrase,Canonical concept phrase
C000655,"""Transition metal chemistry"" OR ""Transition metal chemistry research""",high_recall,Database-adaptable phrase expansion
C000655,Transition metal chemistry,broader,Disciplinary or overlay context
C000655,Transition metal chemistry literature,related,Literature-oriented retrieval expansion
C000656,Business information systems,search_phrase,Canonical concept phrase
C000656,"""Business information systems"" OR ""Business information systems research""",high_recall,Database-adaptable phrase expansion
C000656,Business information systems,broader,Disciplinary or overlay context
C000656,Business information systems literature,related,Literature-oriented retrieval expansion
C000657,Computer gaming and animation,search_phrase,Canonical concept phrase
C000657,"""Computer gaming and animation"" OR ""Computer gaming and animation research""",high_recall,Database-adaptable phrase expansion
C000657,Computer gaming and animation,broader,Disciplinary or overlay context
C000657,Computer gaming and animation literature,related,Literature-oriented retrieval expansion
C000658,Biomineralisation,search_phrase,Canonical concept phrase
C000658,"""Biomineralisation"" OR ""Biomineralisation research""",high_recall,Database-adaptable phrase expansion
C000658,Biomineralisation,broader,Disciplinary or overlay context
C000658,Biomineralisation literature,related,Literature-oriented retrieval expansion
C000659,Cross-sectional analysis,search_phrase,Canonical concept phrase
C000659,"""Cross-sectional analysis"" OR ""Cross-sectional analysis research""",high_recall,Database-adaptable phrase expansion
C000659,Cross-sectional analysis,broader,Disciplinary or overlay context
C000659,Cross-sectional analysis literature,related,Literature-oriented retrieval expansion
C000660,Early childhood education,search_phrase,Canonical concept phrase
C000660,"""Early childhood education"" OR ""Early childhood education research""",high_recall,Database-adaptable phrase expansion
C000660,Early childhood education,broader,Disciplinary or overlay context
C000660,Early childhood education literature,related,Literature-oriented retrieval expansion
C000661,Medical devices,search_phrase,Canonical concept phrase
C000661,"""Medical devices"" OR ""Medical devices research""",high_recall,Database-adaptable phrase expansion
C000661,Medical devices,broader,Disciplinary or overlay context
C000661,Medical devices literature,related,Literature-oriented retrieval expansion
C000662,Environmental rehabilitation and restoration,search_phrase,Canonical concept phrase
C000662,"""Environmental rehabilitation and restoration"" OR ""Environmental rehabilitation and restoration research""",high_recall,Database-adaptable phrase expansion
C000662,Environmental rehabilitation and restoration,broader,Disciplinary or overlay context
C000662,Environmental rehabilitation and restoration literature,related,Literature-oriented retrieval expansion
C000663,Social epidemiology,search_phrase,Canonical concept phrase
C000663,"""Social epidemiology"" OR ""Social epidemiology research""",high_recall,Database-adaptable phrase expansion
C000663,Social epidemiology,broader,Disciplinary or overlay context
C000663,Social epidemiology literature,related,Literature-oriented retrieval expansion
C000664,Biography,search_phrase,Canonical concept phrase
C000664,"""Biography"" OR ""Biography research""",high_recall,Database-adaptable phrase expansion
C000664,Biography,broader,Disciplinary or overlay context
C000664,Biography literature,related,Literature-oriented retrieval expansion
C000665,Race/ethnicity and crime,search_phrase,Canonical concept phrase
C000665,"""Race/ethnicity and crime"" OR ""Race/ethnicity and crime research""",high_recall,Database-adaptable phrase expansion
C000665,Race/ethnicity and crime,broader,Disciplinary or overlay context
C000665,Race/ethnicity and crime literature,related,Literature-oriented retrieval expansion
C000666,Aboriginal and Torres Strait Islander early childhood education,search_phrase,Canonical concept phrase
C000666,"""Aboriginal and Torres Strait Islander early childhood education"" OR ""Aboriginal and Torres Strait Islander early childhood education research""",high_recall,Database-adaptable phrase expansion
C000666,Aboriginal and Torres Strait Islander early childhood education,broader,Disciplinary or overlay context
C000666,Aboriginal and Torres Strait Islander early childhood education literature,related,Literature-oriented retrieval expansion
C000667,Audio processing,search_phrase,Canonical concept phrase
C000667,"""Audio processing"" OR ""Audio processing research""",high_recall,Database-adaptable phrase expansion
C000667,Audio processing,broader,Disciplinary or overlay context
C000667,Audio processing literature,related,Literature-oriented retrieval expansion
C000668,"Multicultural, intercultural and cross-cultural studies",search_phrase,Canonical concept phrase
C000668,"""Multicultural, intercultural and cross-cultural studies"" OR ""Multicultural, intercultural and cross-cultural studies research""",high_recall,Database-adaptable phrase expansion
C000668,"Multicultural, intercultural and cross-cultural studies",broader,Disciplinary or overlay context
C000668,"Multicultural, intercultural and cross-cultural studies literature",related,Literature-oriented retrieval expansion
C000669,Public international law,search_phrase,Canonical concept phrase
C000669,"""Public international law"" OR ""Public international law research""",high_recall,Database-adaptable phrase expansion
C000669,Public international law,broader,Disciplinary or overlay context
C000669,Public international law literature,related,Literature-oriented retrieval expansion
C000670,Algebra and number theory,search_phrase,Canonical concept phrase
C000670,"""Algebra and number theory"" OR ""Algebra and number theory research""",high_recall,Database-adaptable phrase expansion
C000670,Algebra and number theory,broader,Disciplinary or overlay context
C000670,Algebra and number theory literature,related,Literature-oriented retrieval expansion
C000671,Epistemology,search_phrase,Canonical concept phrase
C000671,"""Epistemology"" OR ""Epistemology research""",high_recall,Database-adaptable phrase expansion
C000671,Epistemology,broader,Disciplinary or overlay context
C000671,Epistemology literature,related,Literature-oriented retrieval expansion
C000672,Condensed matter imaging,search_phrase,Canonical concept phrase
C000672,"""Condensed matter imaging"" OR ""Condensed matter imaging research""",high_recall,Database-adaptable phrase expansion
C000672,Condensed matter imaging,broader,Disciplinary or overlay context
C000672,Condensed matter imaging literature,related,Literature-oriented retrieval expansion
C000673,Cognition,search_phrase,Canonical concept phrase
C000673,"""Cognition"" OR ""Cognition research""",high_recall,Database-adaptable phrase expansion
C000673,Cognition,broader,Disciplinary or overlay context
C000673,Cognition literature,related,Literature-oriented retrieval expansion
C000674,Animal growth and development,search_phrase,Canonical concept phrase
C000674,"""Animal growth and development"" OR ""Animal growth and development research""",high_recall,Database-adaptable phrase expansion
C000674,Animal growth and development,broader,Disciplinary or overlay context
C000674,Animal growth and development literature,related,Literature-oriented retrieval expansion
C000675,Statistical and quantitative genetics,search_phrase,Canonical concept phrase
C000675,"""Statistical and quantitative genetics"" OR ""Statistical and quantitative genetics research""",high_recall,Database-adaptable phrase expansion
C000675,Statistical and quantitative genetics,broader,Disciplinary or overlay context
C000675,Statistical and quantitative genetics literature,related,Literature-oriented retrieval expansion
C000676,Pain,search_phrase,Canonical concept phrase
C000676,"""Pain"" OR ""Pain research""",high_recall,Database-adaptable phrase expansion
C000676,Pain,broader,Disciplinary or overlay context
C000676,Pain literature,related,Literature-oriented retrieval expansion
C000677,"Design history, theory and criticism",search_phrase,Canonical concept phrase
C000677,"""Design history, theory and criticism"" OR ""Design history, theory and criticism research""",high_recall,Database-adaptable phrase expansion
C000677,"Design history, theory and criticism",broader,Disciplinary or overlay context
C000677,"Design history, theory and criticism literature",related,Literature-oriented retrieval expansion
C000678,Inorganic materials (incl. nanomaterials),search_phrase,Canonical concept phrase
C000678,"""Inorganic materials (incl. nanomaterials)"" OR ""Inorganic materials (incl. nanomaterials) research""",high_recall,Database-adaptable phrase expansion
C000678,Inorganic materials (incl. nanomaterials),broader,Disciplinary or overlay context
C000678,Inorganic materials (incl. nanomaterials) literature,related,Literature-oriented retrieval expansion
C000679,Business systems in context,search_phrase,Canonical concept phrase
C000679,"""Business systems in context"" OR ""Business systems in context research""",high_recall,Database-adaptable phrase expansion
C000679,Business systems in context,broader,Disciplinary or overlay context
C000679,Business systems in context literature,related,Literature-oriented retrieval expansion
C000680,Digital and electronic media art,search_phrase,Canonical concept phrase
C000680,"""Digital and electronic media art"" OR ""Digital and electronic media art research""",high_recall,Database-adaptable phrase expansion
C000680,Digital and electronic media art,broader,Disciplinary or overlay context
C000680,Digital and electronic media art literature,related,Literature-oriented retrieval expansion
C000681,CRISPR–Cas,search_phrase,Canonical concept phrase
C000681,"""CRISPR–Cas"" OR ""CRISPR–Cas research""",high_recall,Database-adaptable phrase expansion
C000681,Biological Sciences,broader,Disciplinary or overlay context
C000681,CRISPR–Cas literature,related,Literature-oriented retrieval expansion
C000682,Econometric and statistical methods,search_phrase,Canonical concept phrase
C000682,"""Econometric and statistical methods"" OR ""Econometric and statistical methods research""",high_recall,Database-adaptable phrase expansion
C000682,Econometric and statistical methods,broader,Disciplinary or overlay context
C000682,Econometric and statistical methods literature,related,Literature-oriented retrieval expansion
C000683,Higher education,search_phrase,Canonical concept phrase
C000683,"""Higher education"" OR ""Higher education research""",high_recall,Database-adaptable phrase expansion
C000683,Higher education,broader,Disciplinary or overlay context
C000683,Higher education literature,related,Literature-oriented retrieval expansion
C000684,Neural engineering,search_phrase,Canonical concept phrase
C000684,"""Neural engineering"" OR ""Neural engineering research""",high_recall,Database-adaptable phrase expansion
C000684,Neural engineering,broader,Disciplinary or overlay context
C000684,Neural engineering literature,related,Literature-oriented retrieval expansion
C000685,Natural resource management,search_phrase,Canonical concept phrase
C000685,"""Natural resource management"" OR ""Natural resource management research""",high_recall,Database-adaptable phrase expansion
C000685,Natural resource management,broader,Disciplinary or overlay context
C000685,Natural resource management literature,related,Literature-oriented retrieval expansion
C000686,Aged health care,search_phrase,Canonical concept phrase
C000686,"""Aged health care"" OR ""Aged health care research""",high_recall,Database-adaptable phrase expansion
C000686,Aged health care,broader,Disciplinary or overlay context
C000686,Aged health care literature,related,Literature-oriented retrieval expansion
C000687,British history,search_phrase,Canonical concept phrase
C000687,"""British history"" OR ""British history research""",high_recall,Database-adaptable phrase expansion
C000687,British history,broader,Disciplinary or overlay context
C000687,British history literature,related,Literature-oriented retrieval expansion
C000688,Sociological studies of crime,search_phrase,Canonical concept phrase
C000688,"""Sociological studies of crime"" OR ""Sociological studies of crime research""",high_recall,Database-adaptable phrase expansion
C000688,Sociological studies of crime,broader,Disciplinary or overlay context
C000688,Sociological studies of crime literature,related,Literature-oriented retrieval expansion
C000689,Aboriginal and Torres Strait Islander educational methods,search_phrase,Canonical concept phrase
C000689,"""Aboriginal and Torres Strait Islander educational methods"" OR ""Aboriginal and Torres Strait Islander educational methods research""",high_recall,Database-adaptable phrase expansion
C000689,Aboriginal and Torres Strait Islander educational methods,broader,Disciplinary or overlay context
C000689,Aboriginal and Torres Strait Islander educational methods literature,related,Literature-oriented retrieval expansion
C000690,Kalman filter,search_phrase,Canonical concept phrase
C000690,"""Kalman filter"" OR ""Kalman filter research""",high_recall,Database-adaptable phrase expansion
C000690,Cross-domain mechanisms,broader,Disciplinary or overlay context
C000690,Kalman filter literature,related,Literature-oriented retrieval expansion
C000691,Postcolonial studies,search_phrase,Canonical concept phrase
C000691,"""Postcolonial studies"" OR ""Postcolonial studies research""",high_recall,Database-adaptable phrase expansion
C000691,Postcolonial studies,broader,Disciplinary or overlay context
C000691,Postcolonial studies literature,related,Literature-oriented retrieval expansion
C000692,"Space, maritime and aviation law",search_phrase,Canonical concept phrase
C000692,"""Space, maritime and aviation law"" OR ""Space, maritime and aviation law research""",high_recall,Database-adaptable phrase expansion
C000692,"Space, maritime and aviation law",broader,Disciplinary or overlay context
C000692,"Space, maritime and aviation law literature",related,Literature-oriented retrieval expansion
C000693,Algebraic and differential geometry,search_phrase,Canonical concept phrase
C000693,"""Algebraic and differential geometry"" OR ""Algebraic and differential geometry research""",high_recall,Database-adaptable phrase expansion
C000693,Algebraic and differential geometry,broader,Disciplinary or overlay context
C000693,Algebraic and differential geometry literature,related,Literature-oriented retrieval expansion
C000694,Ethical theory,search_phrase,Canonical concept phrase
C000694,"""Ethical theory"" OR ""Ethical theory research""",high_recall,Database-adaptable phrase expansion
C000694,Ethical theory,broader,Disciplinary or overlay context
C000694,Ethical theory literature,related,Literature-oriented retrieval expansion
C000695,Condensed matter modelling and density functional theory,search_phrase,Canonical concept phrase
C000695,"""Condensed matter modelling and density functional theory"" OR ""Condensed matter modelling and density functional theory research""",high_recall,Database-adaptable phrase expansion
C000695,Condensed matter modelling and density functional theory,broader,Disciplinary or overlay context
C000695,Condensed matter modelling and density functional theory literature,related,Literature-oriented retrieval expansion
C000696,Decision making,search_phrase,Canonical concept phrase
C000696,"""Decision making"" OR ""Decision making research""",high_recall,Database-adaptable phrase expansion
C000696,Decision making,broader,Disciplinary or overlay context
C000696,Decision making literature,related,Literature-oriented retrieval expansion
C000697,difference-in-differences,search_phrase,Canonical concept phrase
C000697,"""difference-in-differences"" OR ""difference-in-differences research""",high_recall,Database-adaptable phrase expansion
C000697,Economics,broader,Disciplinary or overlay context
C000697,difference-in-differences literature,related,Literature-oriented retrieval expansion
C000698,Translational and applied bioinformatics,search_phrase,Canonical concept phrase
C000698,"""Translational and applied bioinformatics"" OR ""Translational and applied bioinformatics research""",high_recall,Database-adaptable phrase expansion
C000698,Translational and applied bioinformatics,broader,Disciplinary or overlay context
C000698,Translational and applied bioinformatics literature,related,Literature-oriented retrieval expansion
C000699,Paramedicine,search_phrase,Canonical concept phrase
C000699,"""Paramedicine"" OR ""Paramedicine research""",high_recall,Database-adaptable phrase expansion
C000699,Paramedicine,broader,Disciplinary or overlay context
C000699,Paramedicine literature,related,Literature-oriented retrieval expansion
C000700,Design management,search_phrase,Canonical concept phrase
C000700,"""Design management"" OR ""Design management research""",high_recall,Database-adaptable phrase expansion
C000700,Design management,broader,Disciplinary or overlay context
C000700,Design management literature,related,Literature-oriented retrieval expansion
C000701,Macromolecular materials,search_phrase,Canonical concept phrase
C000701,"""Macromolecular materials"" OR ""Macromolecular materials research""",high_recall,Database-adaptable phrase expansion
C000701,Macromolecular materials,broader,Disciplinary or overlay context
C000701,Macromolecular materials literature,related,Literature-oriented retrieval expansion
C000702,Forensic intelligence,search_phrase,Canonical concept phrase
C000702,"""Forensic intelligence"" OR ""Forensic intelligence research""",high_recall,Database-adaptable phrase expansion
C000702,Forensic intelligence,broader,Disciplinary or overlay context
C000702,Forensic intelligence literature,related,Literature-oriented retrieval expansion
C000703,Interactive media,search_phrase,Canonical concept phrase
C000703,"""Interactive media"" OR ""Interactive media research""",high_recall,Database-adaptable phrase expansion
C000703,Interactive media,broader,Disciplinary or overlay context
C000703,Interactive media literature,related,Literature-oriented retrieval expansion
C000704,Igneous and metamorphic petrology,search_phrase,Canonical concept phrase
C000704,"""Igneous and metamorphic petrology"" OR ""Igneous and metamorphic petrology research""",high_recall,Database-adaptable phrase expansion
C000704,Igneous and metamorphic petrology,broader,Disciplinary or overlay context
C000704,Igneous and metamorphic petrology literature,related,Literature-oriented retrieval expansion
C000705,Economic models and forecasting,search_phrase,Canonical concept phrase
C000705,"""Economic models and forecasting"" OR ""Economic models and forecasting research""",high_recall,Database-adaptable phrase expansion
C000705,Economic models and forecasting,broader,Disciplinary or overlay context
C000705,Economic models and forecasting literature,related,Literature-oriented retrieval expansion
C000706,Primary education,search_phrase,Canonical concept phrase
C000706,"""Primary education"" OR ""Primary education research""",high_recall,Database-adaptable phrase expansion
C000706,Primary education,broader,Disciplinary or overlay context
C000706,Primary education literature,related,Literature-oriented retrieval expansion
C000707,Rehabilitation engineering,search_phrase,Canonical concept phrase
C000707,"""Rehabilitation engineering"" OR ""Rehabilitation engineering research""",high_recall,Database-adaptable phrase expansion
C000707,Rehabilitation engineering,broader,Disciplinary or overlay context
C000707,Rehabilitation engineering literature,related,Literature-oriented retrieval expansion
C000708,Wildlife and habitat management,search_phrase,Canonical concept phrase
C000708,"""Wildlife and habitat management"" OR ""Wildlife and habitat management research""",high_recall,Database-adaptable phrase expansion
C000708,Wildlife and habitat management,broader,Disciplinary or overlay context
C000708,Wildlife and habitat management literature,related,Literature-oriented retrieval expansion
C000709,Digital health,search_phrase,Canonical concept phrase
C000709,"""Digital health"" OR ""Digital health research""",high_recall,Database-adaptable phrase expansion
C000709,Digital health,broader,Disciplinary or overlay context
C000709,Digital health literature,related,Literature-oriented retrieval expansion
C000710,Classical Greek and Roman history,search_phrase,Canonical concept phrase
C000710,"""Classical Greek and Roman history"" OR ""Classical Greek and Roman history research""",high_recall,Database-adaptable phrase expansion
C000710,Classical Greek and Roman history,broader,Disciplinary or overlay context
C000710,Classical Greek and Roman history literature,related,Literature-oriented retrieval expansion
C000711,State crime,search_phrase,Canonical concept phrase
C000711,"""State crime"" OR ""State crime research""",high_recall,Database-adaptable phrase expansion
C000711,State crime,broader,Disciplinary or overlay context
C000711,State crime literature,related,Literature-oriented retrieval expansion
C000712,"Aboriginal and Torres Strait Islander technical, further, continuing and community education",search_phrase,Canonical concept phrase
C000712,"""Aboriginal and Torres Strait Islander technical, further, continuing and community education"" OR ""Aboriginal and Torres Strait Islander technical, further, continuing and community education research""",high_recall,Database-adaptable phrase expansion
C000712,"Aboriginal and Torres Strait Islander technical, further, continuing and community education",broader,Disciplinary or overlay context
C000712,"Aboriginal and Torres Strait Islander technical, further, continuing and community education literature",related,Literature-oriented retrieval expansion
C000713,Computer vision,search_phrase,Canonical concept phrase
C000713,"""Computer vision"" OR ""Computer vision research""",high_recall,Database-adaptable phrase expansion
C000713,Computer vision,broader,Disciplinary or overlay context
C000713,Computer vision literature,related,Literature-oriented retrieval expansion
C000714,Screen and media culture,search_phrase,Canonical concept phrase
C000714,"""Screen and media culture"" OR ""Screen and media culture research""",high_recall,Database-adaptable phrase expansion
C000714,Screen and media culture,broader,Disciplinary or overlay context
C000714,Screen and media culture literature,related,Literature-oriented retrieval expansion
C000715,Criminal law,search_phrase,Canonical concept phrase
C000715,"""Criminal law"" OR ""Criminal law research""",high_recall,Database-adaptable phrase expansion
C000715,Criminal law,broader,Disciplinary or overlay context
C000715,Criminal law literature,related,Literature-oriented retrieval expansion
C000716,"Category theory, k theory, homological algebra",search_phrase,Canonical concept phrase
C000716,"""Category theory, k theory, homological algebra"" OR ""Category theory, k theory, homological algebra research""",high_recall,Database-adaptable phrase expansion
C000716,"Category theory, k theory, homological algebra",broader,Disciplinary or overlay context
C000716,"Category theory, k theory, homological algebra literature",related,Literature-oriented retrieval expansion
C000717,Hermeneutics,search_phrase,Canonical concept phrase
C000717,"""Hermeneutics"" OR ""Hermeneutics research""",high_recall,Database-adaptable phrase expansion
C000717,Hermeneutics,broader,Disciplinary or overlay context
C000717,Hermeneutics literature,related,Literature-oriented retrieval expansion
C000718,Schrödinger equation,search_phrase,Canonical concept phrase
C000718,"""Schrödinger equation"" OR ""Schrödinger equation research""",high_recall,Database-adaptable phrase expansion
C000718,Quantum science and technology,broader,Disciplinary or overlay context
C000718,Schrödinger equation literature,related,Literature-oriented retrieval expansion
C000719,"Learning, motivation and emotion",search_phrase,Canonical concept phrase
C000719,"""Learning, motivation and emotion"" OR ""Learning, motivation and emotion research""",high_recall,Database-adaptable phrase expansion
C000719,"Learning, motivation and emotion",broader,Disciplinary or overlay context
C000719,"Learning, motivation and emotion literature",related,Literature-oriented retrieval expansion
C000720,Animal nutrition,search_phrase,Canonical concept phrase
C000720,"""Animal nutrition"" OR ""Animal nutrition research""",high_recall,Database-adaptable phrase expansion
C000720,Animal nutrition,broader,Disciplinary or overlay context
C000720,Animal nutrition literature,related,Literature-oriented retrieval expansion
C000721,Behavioural ecology,search_phrase,Canonical concept phrase
C000721,"""Behavioural ecology"" OR ""Behavioural ecology research""",high_recall,Database-adaptable phrase expansion
C000721,Behavioural ecology,broader,Disciplinary or overlay context
C000721,Behavioural ecology literature,related,Literature-oriented retrieval expansion
C000722,Pathology (excl. oral pathology),search_phrase,Canonical concept phrase
C000722,"""Pathology (excl. oral pathology)"" OR ""Pathology (excl. oral pathology) research""",high_recall,Database-adaptable phrase expansion
C000722,Pathology (excl. oral pathology),broader,Disciplinary or overlay context
C000722,Pathology (excl. oral pathology) literature,related,Literature-oriented retrieval expansion
C000723,Design practice and methods,search_phrase,Canonical concept phrase
C000723,"""Design practice and methods"" OR ""Design practice and methods research""",high_recall,Database-adaptable phrase expansion
C000723,Design practice and methods,broader,Disciplinary or overlay context
C000723,Design practice and methods literature,related,Literature-oriented retrieval expansion
C000724,Shor's algorithm,search_phrase,Canonical concept phrase
C000724,"""Shor's algorithm"" OR ""Shor's algorithm research""",high_recall,Database-adaptable phrase expansion
C000724,Quantum science and technology,broader,Disciplinary or overlay context
C000724,Shor's algorithm literature,related,Literature-oriented retrieval expansion
C000725,Forensic science and management,search_phrase,Canonical concept phrase
C000725,"""Forensic science and management"" OR ""Forensic science and management research""",high_recall,Database-adaptable phrase expansion
C000725,Forensic science and management,broader,Disciplinary or overlay context
C000725,Forensic science and management literature,related,Literature-oriented retrieval expansion
C000726,Screen media,search_phrase,Canonical concept phrase
C000726,"""Screen media"" OR ""Screen media research""",high_recall,Database-adaptable phrase expansion
C000726,Screen media,broader,Disciplinary or overlay context
C000726,Screen media literature,related,Literature-oriented retrieval expansion
C000727,Marine geoscience,search_phrase,Canonical concept phrase
C000727,"""Marine geoscience"" OR ""Marine geoscience research""",high_recall,Database-adaptable phrase expansion
C000727,Marine geoscience,broader,Disciplinary or overlay context
C000727,Marine geoscience literature,related,Literature-oriented retrieval expansion
C000728,Panel data analysis,search_phrase,Canonical concept phrase
C000728,"""Panel data analysis"" OR ""Panel data analysis research""",high_recall,Database-adaptable phrase expansion
C000728,Panel data analysis,broader,Disciplinary or overlay context
C000728,Panel data analysis literature,related,Literature-oriented retrieval expansion
C000729,Professional education and training,search_phrase,Canonical concept phrase
C000729,"""Professional education and training"" OR ""Professional education and training research""",high_recall,Database-adaptable phrase expansion
C000729,Professional education and training,broader,Disciplinary or overlay context
C000729,Professional education and training literature,related,Literature-oriented retrieval expansion
C000730,Tissue engineering,search_phrase,Canonical concept phrase
C000730,"""Tissue engineering"" OR ""Tissue engineering research""",high_recall,Database-adaptable phrase expansion
C000730,Tissue engineering,broader,Disciplinary or overlay context
C000730,Tissue engineering literature,related,Literature-oriented retrieval expansion
C000731,Environmental biogeochemistry,search_phrase,Canonical concept phrase
C000731,"""Environmental biogeochemistry"" OR ""Environmental biogeochemistry research""",high_recall,Database-adaptable phrase expansion
C000731,Environmental biogeochemistry,broader,Disciplinary or overlay context
C000731,Environmental biogeochemistry literature,related,Literature-oriented retrieval expansion
C000732,Family care,search_phrase,Canonical concept phrase
C000732,"""Family care"" OR ""Family care research""",high_recall,Database-adaptable phrase expansion
C000732,Family care,broader,Disciplinary or overlay context
C000732,Family care literature,related,Literature-oriented retrieval expansion
C000733,Digital history,search_phrase,Canonical concept phrase
C000733,"""Digital history"" OR ""Digital history research""",high_recall,Database-adaptable phrase expansion
C000733,Digital history,broader,Disciplinary or overlay context
C000733,Digital history literature,related,Literature-oriented retrieval expansion
C000734,Dijkstra's algorithm,search_phrase,Canonical concept phrase
C000734,"""Dijkstra's algorithm"" OR ""Dijkstra's algorithm research""",high_recall,Database-adaptable phrase expansion
C000734,Theory of computation,broader,Disciplinary or overlay context
C000734,Dijkstra's algorithm literature,related,Literature-oriented retrieval expansion
C000735,Aboriginal and Torres Strait Islander higher education,search_phrase,Canonical concept phrase
C000735,"""Aboriginal and Torres Strait Islander higher education"" OR ""Aboriginal and Torres Strait Islander higher education research""",high_recall,Database-adaptable phrase expansion
C000735,Aboriginal and Torres Strait Islander higher education,broader,Disciplinary or overlay context
C000735,Aboriginal and Torres Strait Islander higher education literature,related,Literature-oriented retrieval expansion
C000736,Image and video coding,search_phrase,Canonical concept phrase
C000736,"""Image and video coding"" OR ""Image and video coding research""",high_recall,Database-adaptable phrase expansion
C000736,Image and video coding,broader,Disciplinary or overlay context
C000736,Image and video coding literature,related,Literature-oriented retrieval expansion
C000737,African languages,search_phrase,Canonical concept phrase
C000737,"""African languages"" OR ""African languages research""",high_recall,Database-adaptable phrase expansion
C000737,African languages,broader,Disciplinary or overlay context
C000737,African languages literature,related,Literature-oriented retrieval expansion
C000738,Family law,search_phrase,Canonical concept phrase
C000738,"""Family law"" OR ""Family law research""",high_recall,Database-adaptable phrase expansion
C000738,Family law,broader,Disciplinary or overlay context
C000738,Family law literature,related,Literature-oriented retrieval expansion
C000739,Combinatorics and discrete mathematics (excl. physical combinatorics),search_phrase,Canonical concept phrase
C000739,"""Combinatorics and discrete mathematics (excl. physical combinatorics)"" OR ""Combinatorics and discrete mathematics (excl. physical combinatorics) research""",high_recall,Database-adaptable phrase expansion
C000739,Combinatorics and discrete mathematics (excl. physical combinatorics),broader,Disciplinary or overlay context
C000739,Combinatorics and discrete mathematics (excl. physical combinatorics) literature,related,Literature-oriented retrieval expansion
C000461,state,ambiguous,High-risk cross-domain polyseme
C000461,state variable | quantum state | mental state | disease state,disambiguator,Field-qualified senses
C000461,nation-state | U.S. state | government,exclusion,Possible false-positive neighborhoods
C000461,"""state"" AND (state variable OR quantum state OR mental state OR disease state)",high_recall,Database-adaptable Boolean expansion
C000462,field,ambiguous,High-risk cross-domain polyseme
C000462,vector field | scalar field | quantum field | field study | field experiment,disambiguator,Field-qualified senses
C000462,sports field | database field | form field,exclusion,Possible false-positive neighborhoods
C000462,"""field"" AND (vector field OR scalar field OR quantum field OR field study OR field experiment)",high_recall,Database-adaptable Boolean expansion
C000463,phase,ambiguous,High-risk cross-domain polyseme
C000463,phase transition | phase diagram | phase space | signal phase | clinical trial phase,disambiguator,Field-qualified senses
C000463,project phase | construction phase,exclusion,Possible false-positive neighborhoods
C000463,"""phase"" AND (phase transition OR phase diagram OR phase space OR signal phase OR clinical trial phase)",high_recall,Database-adaptable Boolean expansion
C000464,critical,ambiguous,High-risk cross-domain polyseme
C000464,critical point | criticality | critical exponent | critical care | critical theory | critical thinking,disambiguator,Field-qualified senses
C000464,important | essential | commentary,exclusion,Possible false-positive neighborhoods
C000464,"""critical"" AND (critical point OR criticality OR critical exponent OR critical care OR critical theory OR critical thinking)",high_recall,Database-adaptable Boolean expansion
C000465,learning,ambiguous,High-risk cross-domain polyseme
C000465,machine learning | statistical learning | reinforcement learning | human learning | animal learning | motor learning,disambiguator,Field-qualified senses
C000465,organizational learning when unintended | learning management system,exclusion,Possible false-positive neighborhoods
C000465,"""learning"" AND (machine learning OR statistical learning OR reinforcement learning OR human learning OR animal learning OR motor learning)",high_recall,Database-adaptable Boolean expansion
C000466,representation,ambiguous,High-risk cross-domain polyseme
C000466,knowledge representation | neural representation | mental representation | group representation | state-space representation,disambiguator,Field-qualified senses
C000466,political representation | media representation,exclusion,Possible false-positive neighborhoods
C000466,"""representation"" AND (knowledge representation OR neural representation OR mental representation OR group representation OR state-space representation)",high_recall,Database-adaptable Boolean expansion
C000467,network,ambiguous,High-risk cross-domain polyseme
C000467,network science | graph | computer network | neural network | social network | biological network,disambiguator,Field-qualified senses
C000467,business networking | broadcast networks | unrelated network services,exclusion,Possible false-positive neighborhoods
C000467,"""network"" AND (network science OR graph OR computer network OR neural network OR social network OR biological network)",high_recall,Database-adaptable Boolean expansion
C000468,transport,ambiguous,High-risk cross-domain polyseme
C000468,mass transport | charge transport | electron transport | membrane transport | public transport | optimal transport,disambiguator,Field-qualified senses
C000468,transportation policy when physical transport is intended | logistics,exclusion,Possible false-positive neighborhoods
C000468,"""transport"" AND (mass transport OR charge transport OR electron transport OR membrane transport OR public transport OR optimal transport)",high_recall,Database-adaptable Boolean expansion
C000469,attention,ambiguous,High-risk cross-domain polyseme
C000469,selective attention | visual attention | attentional control | attention mechanism | self-attention,disambiguator,Field-qualified senses
C000469,news attention | public attention,exclusion,Possible false-positive neighborhoods
C000469,"""attention"" AND (selective attention OR visual attention OR attentional control OR attention mechanism OR self-attention)",high_recall,Database-adaptable Boolean expansion
C000470,control,ambiguous,High-risk cross-domain polyseme
C000470,control theory | feedback control | experimental control | process control | disease control,disambiguator,Field-qualified senses
C000470,government control | access control when unintended,exclusion,Possible false-positive neighborhoods
C000470,"""control"" AND (control theory OR feedback control OR experimental control OR process control OR disease control)",high_recall,Database-adaptable Boolean expansion
C000471,signal,ambiguous,High-risk cross-domain polyseme
C000471,signal processing | biological signaling | communication signal | neural signal | market signal,disambiguator,Field-qualified senses
C000471,traffic signal | vague evidence signal,exclusion,Possible false-positive neighborhoods
C000471,"""signal"" AND (signal processing OR biological signaling OR communication signal OR neural signal OR market signal)",high_recall,Database-adaptable Boolean expansion
C000472,cell,ambiguous,High-risk cross-domain polyseme
C000472,biological cell | electrochemical cell | unit cell | computational grid cell | cell tower,disambiguator,Field-qualified senses
C000472,prison cell | spreadsheet cell when unintended,exclusion,Possible false-positive neighborhoods
C000472,"""cell"" AND (biological cell OR electrochemical cell OR unit cell OR grid cell OR cell tower)",high_recall,Database-adaptable Boolean expansion
C000473,population,ambiguous,High-risk cross-domain polyseme
C000473,population ecology | population genetics | statistical population | human population | patient population,disambiguator,Field-qualified senses
C000473,popular culture | population of a database table,exclusion,Possible false-positive neighborhoods
C000473,"""population"" AND (population ecology OR population genetics OR statistical population OR human population OR patient population)",high_recall,Database-adaptable Boolean expansion
C000474,fitness,ambiguous,High-risk cross-domain polyseme
C000474,evolutionary fitness | fitness landscape | model fit | physical fitness | engineering fitness for purpose,disambiguator,Field-qualified senses
C000474,consumer fitness products | gym marketing,exclusion,Possible false-positive neighborhoods
C000474,"""fitness"" AND (evolutionary fitness OR fitness landscape OR model fit OR physical fitness OR fitness for purpose)",high_recall,Database-adaptable Boolean expansion
C000475,stress,ambiguous,High-risk cross-domain polyseme
C000475,mechanical stress | oxidative stress | physiological stress | psychological stress | ecological stress,disambiguator,Field-qualified senses
C000475,stress test in finance when unintended | colloquial stress,exclusion,Possible false-positive neighborhoods
C000475,"""stress"" AND (mechanical stress OR oxidative stress OR physiological stress OR psychological stress OR ecological stress)",high_recall,Database-adaptable Boolean expansion
C000476,power,ambiguous,High-risk cross-domain polyseme
C000476,statistical power | electrical power | optical power | political power | power law | group power,disambiguator,Field-qualified senses
C000476,consumer power tools | rhetorical use of powerful,exclusion,Possible false-positive neighborhoods
C000476,"""power"" AND (statistical power OR electrical power OR optical power OR political power OR power law OR group power)",high_recall,Database-adaptable Boolean expansion
C000477,culture,ambiguous,High-risk cross-domain polyseme
C000477,microbial culture | cell culture | organizational culture | material culture | media culture,disambiguator,Field-qualified senses
C000477,popular culture when unintended | culture section journalism,exclusion,Possible false-positive neighborhoods
C000477,"""culture"" AND (microbial culture OR cell culture OR organizational culture OR material culture OR media culture)",high_recall,Database-adaptable Boolean expansion
C000478,agency,ambiguous,High-risk cross-domain polyseme
C000478,human agency | moral agency | organizational agency | principal-agent | autonomous agent,disambiguator,Field-qualified senses
C000478,government agency | travel agency when unintended,exclusion,Possible false-positive neighborhoods
C000478,"""agency"" AND (human agency OR moral agency OR organizational agency OR principal-agent OR autonomous agent)",high_recall,Database-adaptable Boolean expansion
C000479,risk,ambiguous,High-risk cross-domain polyseme
C000479,risk assessment | relative risk | financial risk | engineering risk | ecological risk | decision under risk,disambiguator,Field-qualified senses
C000479,risk as an unqualified adjective | entertainment titles,exclusion,Possible false-positive neighborhoods
C000479,"""risk"" AND (risk assessment OR relative risk OR financial risk OR engineering risk OR ecological risk OR decision under risk)",high_recall,Database-adaptable Boolean expansion
C000609,QEC,abbreviation,Quantum-error-correction shorthand
C000612,surface code,search_phrase,Exact model-family phrase
C000501,Gaussian,alias,Common short form for the Gaussian distribution
C000505,HMM,abbreviation,Hidden Markov model abbreviation
C000507,SMC filter,alias,Sequential Monte Carlo filtering alias
C000508,EKF,abbreviation,Extended Kalman filter abbreviation
C000509,UKF,abbreviation,Unscented Kalman filter abbreviation
C000511,FEM,abbreviation,Finite element method abbreviation
C000512,FVM,abbreviation,Finite volume method abbreviation
C000514,RK method,abbreviation,Runge–Kutta shorthand
C000515,FT,abbreviation,Fourier transform abbreviation
C000516,FFT,abbreviation,Fast Fourier transform abbreviation
C000518,DWT | CWT,abbreviation,Discrete and continuous wavelet transform abbreviations
C000519,Navier Stokes equations,alias,Hyphen-free spelling variant
C000521,Euler Lagrange equation,alias,Hyphen-free spelling variant
C000533,automated algorithm discovery,synonym,Explicit discovery-oriented synonym
C000535,machine reasoning,alias,Alternative automated-reasoning phrase
C000536,ATP,abbreviation,Automated theorem proving abbreviation
C000537,inductive program synthesis,narrower,Major program-synthesis family
C000538,Boolean satisfiability solving,synonym,Expanded SAT-solving phrase
C000539,SR,abbreviation,Symbolic regression abbreviation
C000540,governing equation discovery,narrower,Physics-oriented equation-discovery phrase
C000541,query learning,alias,Historical and neighboring active-learning phrase
C000542,BO,abbreviation,Bayesian optimization abbreviation
C000543,RL,abbreviation,Reinforcement learning abbreviation
C000544,Q learning,alias,Hyphen-free spelling variant
C000546,MCTS,abbreviation,Monte Carlo tree search abbreviation
C000548,A-star search,alias,Spoken-name spelling variant
C000552,self-attention transformer,related,Architecture-defining phrase
C000553,CNN,abbreviation,Convolutional neural network abbreviation
C000554,NAS,abbreviation,Neural architecture search abbreviation
C000556,RF,abbreviation,Random forest abbreviation
C000558,feature reduction,related,Neighboring dimensionality-reduction phrase
C000559,PCA,abbreviation,Principal component analysis abbreviation
C000560,t-distributed stochastic neighbor embedding,synonym,Expanded t-SNE name
C000561,uniform manifold approximation and projection,synonym,Expanded UMAP name
C000562,LDA,abbreviation,Latent Dirichlet allocation abbreviation
C000563,OLS,abbreviation,Ordinary least squares abbreviation
C000565,GLM,abbreviation,Generalized linear model abbreviation
C000566,Cox model,alias,Common short form
C000568,natural experiment,related,Neighboring quasi-experimental design language
C000569,RDD,abbreviation,Regression discontinuity design abbreviation
C000570,IV estimation,alias,Instrumental-variables shorthand
C000571,PSM,abbreviation,Propensity score matching abbreviation
C000572,RCT,abbreviation,Randomized controlled trial abbreviation
C000573,full factorial design,narrower,Factorial design subtype
C000574,RSM,abbreviation,Response surface methodology abbreviation
C000604,quantum networking,related,Neighboring quantum-communication literature
C000605,analog quantum simulation | digital quantum simulation,narrower,Principal quantum-simulation modes
C000607,gate-based quantum simulation,synonym,Digital quantum simulation synonym
C000608,QKD,abbreviation,Quantum key distribution abbreviation
C000610,QECC,abbreviation,Quantum error-correcting code abbreviation
C000611,stabiliser code,alias,British spelling variant
C000612,toric code | planar code,related,Closely related topological code families
C000613,FTQC,abbreviation,Fault-tolerant quantum computation abbreviation
C000637,standard uncertainty | expanded uncertainty | combined standard uncertainty,narrower,Metrology uncertainty terms
C000681,CRISPR Cas,alias,Punctuation variant
C000690,linear quadratic estimator,alias,Historical/control-theory alias for the Kalman filter
C000697,DiD,abbreviation,Difference-in-differences abbreviation
C000718,time-dependent Schrödinger equation | time-independent Schrödinger equation,narrower,Major equation forms
C000724,quantum factoring algorithm,alias,Descriptive alias for Shor's algorithm
C000734,Dijkstra algorithm,alias,Possessive-free variant
C000417,optimization,alias,American spelling variant
C000417,mathematical programming,related,Neighboring optimization terminology
C000001,Agricultural biotechnology terminology,alias,Terminology-oriented retrieval expansion
C000002,"Agriculture, land and farm management terminology",alias,Terminology-oriented retrieval expansion
C000003,Animal production terminology,alias,Terminology-oriented retrieval expansion
C000004,Crop and pasture production terminology,alias,Terminology-oriented retrieval expansion
C000005,Fisheries sciences terminology,alias,Terminology-oriented retrieval expansion
C000006,Food sciences terminology,alias,Terminology-oriented retrieval expansion
C000007,Forestry sciences terminology,alias,Terminology-oriented retrieval expansion
C000008,Horticultural production terminology,alias,Terminology-oriented retrieval expansion
C000009,Veterinary sciences terminology,alias,Terminology-oriented retrieval expansion
C000010,"Other agricultural, veterinary and food sciences terminology",alias,Terminology-oriented retrieval expansion
C000011,Biochemistry and cell biology terminology,alias,Terminology-oriented retrieval expansion
C000012,Bioinformatics and computational biology terminology,alias,Terminology-oriented retrieval expansion
C000013,Ecology terminology,alias,Terminology-oriented retrieval expansion
C000014,Evolutionary biology terminology,alias,Terminology-oriented retrieval expansion
C000015,Genetics terminology,alias,Terminology-oriented retrieval expansion
C000016,Industrial biotechnology terminology,alias,Terminology-oriented retrieval expansion
C000017,Microbiology terminology,alias,Terminology-oriented retrieval expansion
C000018,Plant biology terminology,alias,Terminology-oriented retrieval expansion
C000019,Zoology terminology,alias,Terminology-oriented retrieval expansion
C000020,Other biological sciences terminology,alias,Terminology-oriented retrieval expansion
C000021,Cardiovascular medicine and haematology terminology,alias,Terminology-oriented retrieval expansion
C000022,Clinical sciences terminology,alias,Terminology-oriented retrieval expansion
C000023,Dentistry terminology,alias,Terminology-oriented retrieval expansion
C000024,Immunology terminology,alias,Terminology-oriented retrieval expansion
C000025,Medical biochemistry and metabolomics terminology,alias,Terminology-oriented retrieval expansion
C000026,Medical biotechnology terminology,alias,Terminology-oriented retrieval expansion
C000027,Medical microbiology terminology,alias,Terminology-oriented retrieval expansion
C000028,Medical physiology terminology,alias,Terminology-oriented retrieval expansion
C000029,Neurosciences terminology,alias,Terminology-oriented retrieval expansion
C000030,Nutrition and dietetics terminology,alias,Terminology-oriented retrieval expansion
C000031,Oncology and carcinogenesis terminology,alias,Terminology-oriented retrieval expansion
C000032,Ophthalmology and optometry terminology,alias,Terminology-oriented retrieval expansion
C000033,Paediatrics terminology,alias,Terminology-oriented retrieval expansion
C000034,Pharmacology and pharmaceutical sciences terminology,alias,Terminology-oriented retrieval expansion
C000035,Reproductive medicine terminology,alias,Terminology-oriented retrieval expansion
C000036,Other biomedical and clinical sciences terminology,alias,Terminology-oriented retrieval expansion
C000037,Architecture terminology,alias,Terminology-oriented retrieval expansion
C000038,Building terminology,alias,Terminology-oriented retrieval expansion
C000039,Design terminology,alias,Terminology-oriented retrieval expansion
C000040,Urban and regional planning terminology,alias,Terminology-oriented retrieval expansion
C000041,Other built environment and design terminology,alias,Terminology-oriented retrieval expansion
C000042,Analytical chemistry terminology,alias,Terminology-oriented retrieval expansion
C000043,Inorganic chemistry terminology,alias,Terminology-oriented retrieval expansion
C000044,Macromolecular and materials chemistry terminology,alias,Terminology-oriented retrieval expansion
C000045,Medicinal and biomolecular chemistry terminology,alias,Terminology-oriented retrieval expansion
C000046,Organic chemistry terminology,alias,Terminology-oriented retrieval expansion
C000047,Physical chemistry terminology,alias,Terminology-oriented retrieval expansion
C000048,Theoretical and computational chemistry terminology,alias,Terminology-oriented retrieval expansion
C000049,Other chemical sciences terminology,alias,Terminology-oriented retrieval expansion
C000050,"Accounting, auditing and accountability terminology",alias,Terminology-oriented retrieval expansion
C000051,"Banking, finance and investment terminology",alias,Terminology-oriented retrieval expansion
C000052,Business systems in context terminology,alias,Terminology-oriented retrieval expansion
C000053,Commercial services terminology,alias,Terminology-oriented retrieval expansion
C000054,Human resources and industrial relations terminology,alias,Terminology-oriented retrieval expansion
C000055,Marketing terminology,alias,Terminology-oriented retrieval expansion
C000056,"Strategy, management and organisational behaviour terminology",alias,Terminology-oriented retrieval expansion
C000057,Tourism terminology,alias,Terminology-oriented retrieval expansion
C000058,"Transportation, logistics and supply chains terminology",alias,Terminology-oriented retrieval expansion
C000059,"Other commerce, management, tourism and services terminology",alias,Terminology-oriented retrieval expansion
C000060,"Art history, theory and criticism terminology",alias,Terminology-oriented retrieval expansion
C000061,Creative and professional writing terminology,alias,Terminology-oriented retrieval expansion
C000062,Music terminology,alias,Terminology-oriented retrieval expansion
C000063,Performing arts terminology,alias,Terminology-oriented retrieval expansion
C000064,Screen and digital media terminology,alias,Terminology-oriented retrieval expansion
C000065,Visual arts terminology,alias,Terminology-oriented retrieval expansion
C000066,Other creative arts and writing terminology,alias,Terminology-oriented retrieval expansion
C000067,Atmospheric sciences terminology,alias,Terminology-oriented retrieval expansion
C000068,Climate change science terminology,alias,Terminology-oriented retrieval expansion
C000069,Geochemistry terminology,alias,Terminology-oriented retrieval expansion
C000070,Geoinformatics terminology,alias,Terminology-oriented retrieval expansion
C000071,Geology terminology,alias,Terminology-oriented retrieval expansion
C000072,Geophysics terminology,alias,Terminology-oriented retrieval expansion
C000073,Hydrology terminology,alias,Terminology-oriented retrieval expansion
C000074,Oceanography terminology,alias,Terminology-oriented retrieval expansion
C000075,Physical geography and environmental geoscience terminology,alias,Terminology-oriented retrieval expansion
C000076,Other earth sciences terminology,alias,Terminology-oriented retrieval expansion
C000077,Applied economics terminology,alias,Terminology-oriented retrieval expansion
C000078,Econometrics terminology,alias,Terminology-oriented retrieval expansion
C000079,Economic theory terminology,alias,Terminology-oriented retrieval expansion
C000080,Other economics terminology,alias,Terminology-oriented retrieval expansion
C000081,Curriculum and pedagogy terminology,alias,Terminology-oriented retrieval expansion
C000082,"Education policy, sociology and philosophy terminology",alias,Terminology-oriented retrieval expansion
C000083,Education systems terminology,alias,Terminology-oriented retrieval expansion
C000084,Specialist studies in education terminology,alias,Terminology-oriented retrieval expansion
C000085,Other Education terminology,alias,Terminology-oriented retrieval expansion
C000086,Aerospace engineering terminology,alias,Terminology-oriented retrieval expansion
C000087,Automotive engineering terminology,alias,Terminology-oriented retrieval expansion
C000088,Biomedical engineering terminology,alias,Terminology-oriented retrieval expansion
C000089,Chemical engineering terminology,alias,Terminology-oriented retrieval expansion
C000090,Civil engineering terminology,alias,Terminology-oriented retrieval expansion
C000091,Communications engineering terminology,alias,Terminology-oriented retrieval expansion
C000092,"Control engineering, mechatronics and robotics terminology",alias,Terminology-oriented retrieval expansion
C000093,Electrical engineering terminology,alias,Terminology-oriented retrieval expansion
C000094,"Electronics, sensors and digital hardware terminology",alias,Terminology-oriented retrieval expansion
C000095,Engineering practice and education terminology,alias,Terminology-oriented retrieval expansion
C000096,Environmental engineering terminology,alias,Terminology-oriented retrieval expansion
C000097,Fluid mechanics and thermal engineering terminology,alias,Terminology-oriented retrieval expansion
C000098,Geomatic engineering terminology,alias,Terminology-oriented retrieval expansion
C000099,Manufacturing engineering terminology,alias,Terminology-oriented retrieval expansion
C000100,Maritime engineering terminology,alias,Terminology-oriented retrieval expansion
C000101,Materials engineering terminology,alias,Terminology-oriented retrieval expansion
C000102,Mechanical engineering terminology,alias,Terminology-oriented retrieval expansion
C000103,Nanotechnology terminology,alias,Terminology-oriented retrieval expansion
C000104,Resources engineering and extractive metallurgy terminology,alias,Terminology-oriented retrieval expansion
C000105,Other engineering terminology,alias,Terminology-oriented retrieval expansion
C000106,Climate change impacts and adaptation terminology,alias,Terminology-oriented retrieval expansion
C000107,Ecological applications terminology,alias,Terminology-oriented retrieval expansion
C000108,Environmental biotechnology terminology,alias,Terminology-oriented retrieval expansion
C000109,Environmental management terminology,alias,Terminology-oriented retrieval expansion
C000110,Pollution and contamination terminology,alias,Terminology-oriented retrieval expansion
C000111,Soil sciences terminology,alias,Terminology-oriented retrieval expansion
C000112,Other environmental sciences terminology,alias,Terminology-oriented retrieval expansion
C000113,Allied health and rehabilitation science terminology,alias,Terminology-oriented retrieval expansion
C000114,Epidemiology terminology,alias,Terminology-oriented retrieval expansion
C000115,Health services and systems terminology,alias,Terminology-oriented retrieval expansion
C000116,Midwifery terminology,alias,Terminology-oriented retrieval expansion
C000117,Nursing terminology,alias,Terminology-oriented retrieval expansion
C000118,Public health terminology,alias,Terminology-oriented retrieval expansion
C000119,Sports science and exercise terminology,alias,Terminology-oriented retrieval expansion
